variant_id,question,answer
1983-10::1983_prompt01_s01,"An $n$-digit integer in base $b$ is called 'special' if its first digit is a fixed non-zero digit, and its multiset of digits is composed of exactly one pair of identical digits and $n-2$ other distinct digits. Let $C(n,b)$ denote the number of $n$-digit special integers. Given that for a certain base $b > 4$, $C(4, b) = 1260$, compute $C(6, b)$.",491400
1983-10::1983_prompt01_s03,"An $n$-digit integer in base $b$ is called 'special' if its first digit is a fixed non-zero digit, and its multiset of digits is composed of exactly one pair of identical digits and $n-2$ other distinct digits. Let $C(n,b)$ denote the number of $n$-digit special integers. Given that for a certain base $b > 4$, $C(4, b) = 1632$, compute $C(5, b)$.",40800
1983-10::1983_prompt01_s04,"An $n$-digit integer in base $b$ is called 'special' if its first digit is a fixed non-zero digit, and its multiset of digits is composed of exactly one pair of identical digits and $n-2$ other distinct digits. Let $C(n,b)$ denote the number of $n$-digit special integers. Given that for a certain base $b > 3$, $C(3, b) = 24$, compute $C(5, b)$.",3360
1983-10::1983_prompt01_s05,"An $n$-digit integer in base $b$ is called 'special' if its first digit is a fixed non-zero digit, and its multiset of digits is composed of exactly one pair of identical digits and $n-2$ other distinct digits. Let $C(n,b)$ denote the number of $n$-digit special integers. Given that for a certain base $b > 7$, $C(7, b) = 1164240$, compute $C(5, b)$.",9900
1983-10::1983_prompt02_s01,"Let an integer be defined as 'special' if it is written in base-9, has 8 digits, and its first digit is 7. Furthermore, for a number to be special, its multiset of digits must contain exactly two distinct digits which appear twice, and the remaining 4 digits must all be distinct and appear once. How many such special integers are there?",1411200
1983-11::1983_prompt02_s01,"The base of a solid obelisk is an isosceles trapezoid with parallel sides of length 204 and 12. The top of the obelisk is a line segment of length 92, parallel to the aforementioned sides of the base, and positioned such that its vertical projection is centered on the base's centroid. All four of the sloped lateral edges, which connect the vertices of the base to the endpoints of the top segment, have the same length. The height of the obelisk (the perpendicular distance between the plane of the base and the top segment) is 15. Given that the height of the trapezoidal base is a positive integer, what is the volume of the obelisk?",55440
1983-11::1983_prompt02_s02,"The base of a solid obelisk is an isosceles trapezoid with parallel sides of length 186 and 30. The top of the obelisk is a line segment of length 104, parallel to the aforementioned sides of the base, and positioned such that its vertical projection is centered on the base's centroid. All four of the sloped lateral edges, which connect the vertices of the base to the endpoints of the top segment, have the same length. The height of the obelisk (the perpendicular distance between the plane of the base and the top segment) is 10. Given that the height of the trapezoidal base is a positive integer, what is the volume of the obelisk?",19200
1983-11::1983_prompt02_s03,"The base of a solid obelisk is an isosceles trapezoid with parallel sides of length 140 and 76. The top of the obelisk is a line segment of length 104, parallel to the aforementioned sides of the base, and positioned such that its vertical projection is centered on the base's centroid. All four of the sloped lateral edges, which connect the vertices of the base to the endpoints of the top segment, have the same length. The height of the obelisk (the perpendicular distance between the plane of the base and the top segment) is 24. Given that the height of the trapezoidal base is a positive integer, what is the volume of the obelisk?",46080
1983-11::1983_prompt02_s04,"The base of a solid obelisk is an isosceles trapezoid with parallel sides of length 166 and 50. The top of the obelisk is a line segment of length 72, parallel to the aforementioned sides of the base, and positioned such that its vertical projection is centered on the base's centroid. All four of the sloped lateral edges, which connect the vertices of the base to the endpoints of the top segment, have the same length. The height of the obelisk (the perpendicular distance between the plane of the base and the top segment) is 4. Given that the height of the trapezoidal base is a positive integer, what is the volume of the obelisk?",20736
1983-11::1983_prompt02_s05,"The base of a solid obelisk is an isosceles trapezoid with parallel sides of length 146 and 4. The top of the obelisk is a line segment of length 50, parallel to the aforementioned sides of the base, and positioned such that its vertical projection is centered on the base's centroid. All four of the sloped lateral edges, which connect the vertices of the base to the endpoints of the top segment, have the same length. The height of the obelisk (the perpendicular distance between the plane of the base and the top segment) is 6. Given that the height of the trapezoidal base is a positive integer, what is the volume of the obelisk?",15000
1983-12::1983_prompt03_s01,"Let $b = 9$ be an integer base. The diameter $AB$ of a circle has a length $D$ which is a two-digit number when written in base $b$. Let the digits be $t$ and $u$, so $D = t \cdot b + u$, where $t \in \{1, 2, \dots, b-1\}$ and $u \in \{0, 1, \dots, b-1\}$. Reversing the digits of $D$ in base $b$ gives the length of a chord $CD$, which is perpendicular to the diameter $AB$. The distance from the intersection point of $AB$ and $CD$ to the center of the circle is a positive integer. Find the sum of all possible values of $D$, expressed as an integer in base 10.",152
1983-12::1983_prompt03_s02,"Let $b = 7$ be an integer base. The diameter $AB$ of a circle has a length $D$ which is a two-digit number when written in base $b$. Let the digits be $t$ and $u$, so $D = t \cdot b + u$, where $t \in \{1, 2, \dots, b-1\}$ and $u \in \{0, 1, \dots, b-1\}$. Reversing the digits of $D$ in base $b$ gives the length of a chord $CD$, which is perpendicular to the diameter $AB$. The distance from the intersection point of $AB$ and $CD$ to the center of the circle is a positive integer. Find the sum of all possible values of $D$, expressed as an integer in base 10.",90
1983-12::1983_prompt03_s03,"Let $b = 7$ be an integer base. The diameter $AB$ of a circle has a length $D$ which is a two-digit number when written in base $b$. Let the digits be $t$ and $u$, so $D = t \cdot b + u$, where $t \in \{1, 2, \dots, b-1\}$ and $u \in \{0, 1, \dots, b-1\}$. Reversing the digits of $D$ in base $b$ gives the length of a chord $CD$, which is perpendicular to the diameter $AB$. The distance from the intersection point of $AB$ and $CD$ to the center of the circle is a positive integer. Find the sum of all possible values of $D$, expressed as an integer in base 10.",90
1983-12::1983_prompt03_s04,"Let $b = 9$ be an integer base. The diameter $AB$ of a circle has a length $D$ which is a two-digit number when written in base $b$. Let the digits be $t$ and $u$, so $D = t \cdot b + u$, where $t \in \{1, 2, \dots, b-1\}$ and $u \in \{0, 1, \dots, b-1\}$. Reversing the digits of $D$ in base $b$ gives the length of a chord $CD$, which is perpendicular to the diameter $AB$. The distance from the intersection point of $AB$ and $CD$ to the center of the circle is a positive integer. Find the sum of all possible values of $D$, expressed as an integer in base 10.",152
1983-12::1983_prompt03_s05,"Let $b = 7$ be an integer base. The diameter $AB$ of a circle has a length $D$ which is a two-digit number when written in base $b$. Let the digits be $t$ and $u$, so $D = t \cdot b + u$, where $t \in \{1, 2, \dots, b-1\}$ and $u \in \{0, 1, \dots, b-1\}$. Reversing the digits of $D$ in base $b$ gives the length of a chord $CD$, which is perpendicular to the diameter $AB$. The distance from the intersection point of $AB$ and $CD$ to the center of the circle is a positive integer. Find the sum of all possible values of $D$, expressed as an integer in base 10.",90
1983-13::1983_prompt02_s01,"Let $S$ be an arithmetic progression of 5 terms with first term 4 and common difference 1. For each non-empty subset of $S$, a 'weighted alternating sum' is defined. The weighted alternating sum of a subset is its size multiplied by its alternating sum. The alternating sum is found by listing the elements in decreasing order and alternately adding and subtracting them. For example, for a subset $\{c_1, c_2, c_3\}$ with $c_1>c_2>c_3$, its alternating sum is $c_1-c_2+c_3$ and its weighted alternating sum is $3(c_1-c_2+c_3)$. Find the sum of the weighted alternating sums over all non-empty subsets of $S$.",328
1983-13::1983_prompt02_s02,"Let $S$ be an arithmetic progression of 5 terms with first term 3 and common difference 1. For each non-empty subset of $S$, a 'weighted alternating sum' is defined. The weighted alternating sum of a subset is its size multiplied by its alternating sum. The alternating sum is found by listing the elements in decreasing order and alternately adding and subtracting them. For example, for a subset $\{c_1, c_2, c_3\}$ with $c_1>c_2>c_3$, its alternating sum is $c_1-c_2+c_3$ and its weighted alternating sum is $3(c_1-c_2+c_3)$. Find the sum of the weighted alternating sums over all non-empty subsets of $S$.",288
1983-13::1983_prompt02_s03,"Let $S$ be an arithmetic progression of 7 terms with first term 2 and common difference 3. For each non-empty subset of $S$, a 'weighted alternating sum' is defined. The weighted alternating sum of a subset is its size multiplied by its alternating sum. The alternating sum is found by listing the elements in decreasing order and alternately adding and subtracting them. For example, for a subset $\{c_1, c_2, c_3\}$ with $c_1>c_2>c_3$, its alternating sum is $c_1-c_2+c_3$ and its weighted alternating sum is $3(c_1-c_2+c_3)$. Find the sum of the weighted alternating sums over all non-empty subsets of $S$.",4576
1983-13::1983_prompt02_s04,"Let $S$ be an arithmetic progression of 7 terms with first term 3 and common difference 3. For each non-empty subset of $S$, a 'weighted alternating sum' is defined. The weighted alternating sum of a subset is its size multiplied by its alternating sum. The alternating sum is found by listing the elements in decreasing order and alternately adding and subtracting them. For example, for a subset $\{c_1, c_2, c_3\}$ with $c_1>c_2>c_3$, its alternating sum is $c_1-c_2+c_3$ and its weighted alternating sum is $3(c_1-c_2+c_3)$. Find the sum of the weighted alternating sums over all non-empty subsets of $S$.",4800
1983-13::1983_prompt02_s05,"Let $S$ be an arithmetic progression of 6 terms with first term 5 and common difference 2. For each non-empty subset of $S$, a 'weighted alternating sum' is defined. The weighted alternating sum of a subset is its size multiplied by its alternating sum. The alternating sum is found by listing the elements in decreasing order and alternately adding and subtracting them. For example, for a subset $\{c_1, c_2, c_3\}$ with $c_1>c_2>c_3$, its alternating sum is $c_1-c_2+c_3$ and its weighted alternating sum is $3(c_1-c_2+c_3)$. Find the sum of the weighted alternating sums over all non-empty subsets of $S$.",1472
1983-14::1983_prompt04_s01,"Two circles with radii $20$ and $19$ have their centers $30$ units apart. Let $P$ be one of their intersection points. A line through $P$ intersects the circle with radius $20$ at $Q$ and the circle with radius $19$ at $R$, such that $P$ is between $Q$ and $R$. The lengths of the chords $QP$ and $PR$ satisfy the relation $2 \cdot QP = 4 \cdot PR$. Find the square of the length of $QP$.",1426
1983-14::1983_prompt04_s02,"Two circles with radii $11$ and $10$ have their centers $15$ units apart. Let $P$ be one of their intersection points. A line through $P$ intersects the circle with radius $11$ at $Q$ and the circle with radius $10$ at $R$, such that $P$ is between $Q$ and $R$. The lengths of the chords $QP$ and $PR$ satisfy the relation $4 \cdot QP = 2 \cdot PR$. Find the square of the length of $QP$.",84
1983-14::1983_prompt04_s04,"Two circles with radii $22$ and $12$ have their centers $29$ units apart. Let $P$ be one of their intersection points. A line through $P$ intersects the circle with radius $22$ at $Q$ and the circle with radius $12$ at $R$, such that $P$ is between $Q$ and $R$. The lengths of the chords $QP$ and $PR$ satisfy the relation $3 \cdot QP = 4 \cdot PR$. Find the square of the length of $QP$.",910
1983-14::1983_prompt04_s05,"Two circles with radii $12$ and $14$ have their centers $22$ units apart. Let $P$ be one of their intersection points. A line through $P$ intersects the circle with radius $12$ at $Q$ and the circle with radius $14$ at $R$, such that $P$ is between $Q$ and $R$. The lengths of the chords $QP$ and $PR$ satisfy the relation $2 \cdot QP = 4 \cdot PR$. Find the square of the length of $QP$.",576
1983-14::1983_prompt05_s01,"Two circles, $C_1$ and $C_2$, with radii $25$ and $30$, respectively, are drawn so that the distance between their centers is $25$. Let $P$ be one of their intersection points. A line through $P$ meets $C_1$ again at $Q$ and $C_2$ again at $R$, with $P$ between $Q$ and $R$. If $\dfrac{QP}{PR}=\dfrac{3}{2}$, find $QP^2$.",810
1983-15::1983_prompt05_s01,"In a circle of radius 290, there are two intersecting chords AD and BC, with B on minor arc AD. The chord BC has length 68. It is known that AD is bisected by BC, and AD is the only chord starting at A which is bisected by BC. The sine of the central angle of minor arc AB is a rational number p/q in lowest terms. Find p+q.",882
1983-15::1983_prompt05_s02,"In a circle of radius 290, there are two intersecting chords AD and BC, with B on minor arc AD. The chord BC has length 68. It is known that AD is bisected by BC, and AD is the only chord starting at A which is bisected by BC. The sine of the central angle of minor arc AB is a rational number p/q in lowest terms. Find p+q.",882
1983-15::1983_prompt05_s03,"In a circle of radius 290, there are two intersecting chords AD and BC, with B on minor arc AD. The chord BC has length 68. It is known that AD is bisected by BC, and AD is the only chord starting at A which is bisected by BC. The sine of the central angle of minor arc AB is a rational number p/q in lowest terms. Find p+q.",882
1983-15::1983_prompt05_s04,"In a circle of radius 290, there are two intersecting chords AD and BC, with B on minor arc AD. The chord BC has length 68. It is known that AD is bisected by BC, and AD is the only chord starting at A which is bisected by BC. The sine of the central angle of minor arc AB is a rational number p/q in lowest terms. Find p+q.",882
1983-15::1983_prompt05_s05,"In a circle of radius 9802, there are two intersecting chords AD and BC, with B on minor arc AD. The chord BC has length 396. It is known that AD is bisected by BC, and AD is the only chord starting at A which is bisected by BC. The sine of the central angle of minor arc AB is a rational number p/q in lowest terms. Find p+q.",28800
1983-1::1983_prompt02_s01,"Let $w, x_1, x_2, x_3, x_4$ be real numbers, all greater than $1$. Suppose the following equations hold:

$\log_{x_2 x_3 x_4} w = 572$

$\log_{x_1 x_3 x_4} w = 440$

$\log_{x_1 x_2 x_4} w = 715$

$\log_{x_1 x_2 x_3} w = 520$

What is the value of $\log_{x_1 x_2} w$?",1144
1983-1::1983_prompt02_s02,"Let $w, x_1, x_2, x_3, x_4$ be real numbers, all greater than $1$. Suppose the following equations hold:

$\log_{x_2 x_3 x_4} w = 60$

$\log_{x_1 x_3 x_4} w = 110$

$\log_{x_1 x_2 x_4} w = 66$

$\log_{x_1 x_2 x_3} w = 55$

What is the value of $\log_{x_3 x_4} w$?",165
1983-1::1983_prompt02_s04,"Let $w, x_1, x_2, x_3, x_4$ be real numbers, all greater than $1$. Suppose the following equations hold:

$\log_{x_2 x_3 x_4} w = 715$

$\log_{x_1 x_3 x_4} w = 440$

$\log_{x_1 x_2 x_4} w = 520$

$\log_{x_1 x_2 x_3} w = 572$

What is the value of $\log_{x_2 x_4} w$?",1144
1983-1::1983_prompt02_s05,"Let $w, x_1, x_2, x_3, x_4$ be real numbers, all greater than $1$. Suppose the following equations hold:

$\log_{x_2 x_3 x_4} w = 420$

$\log_{x_1 x_3 x_4} w = 390$

$\log_{x_1 x_2 x_4} w = 364$

$\log_{x_1 x_2 x_3} w = 455$

What is the value of $\log_{x_2 x_3} w$?",780
1983-1::1983_prompt12_s01,"Four magical artifacts, $X_1, X_2, X_3, X_4$, have unknown real power levels $x_1, x_2, x_3, x_4$, respectively, all greater than 1. When a set of artifacts are combined, their power levels multiply. A sorcerer uses a reference artifact of power $w > 1$ to measure the combined power $P$ of a set of artifacts, obtaining the value $\log_P w$.

The sorcerer performs four measurements:
- Combining $X_1$ and $X_2$ yields a measurement of 84.
- Combining $X_2$ and $X_3$ yields a measurement of 84.
- Combining $X_3$ and $X_4$ yields a measurement of 70.
- Combining $X_1$ and $X_3$ yields a measurement of 105.

If the sorcerer combines artifacts $X_2$ and $X_4$, what measurement would be obtained?",60
1983-2::1983_prompt02_s01,"Let a sequence of $n=8$ points on the real line be defined by $a_i = 1 \cdot 3^{i-1}$ for $i=1, 2, \dots, 8$. Let $f(x)$ be the sum of the distances from a point $x$ to each of these $n$ points, i.e., $f(x) = \sum_{i=1}^{8} |x - a_i|$. Find the minimum value of $f(x)$ on the closed interval $[a_k, a_j]$, where $k=1$ and $j=6$.",3200
1983-2::1983_prompt02_s02,"Let a sequence of $n=8$ points on the real line be defined by $a_i = 2 \cdot 2^{i-1}$ for $i=1, 2, \dots, 8$. Let $f(x)$ be the sum of the distances from a point $x$ to each of these $n$ points, i.e., $f(x) = \sum_{i=1}^{8} |x - a_i|$. Find the minimum value of $f(x)$ on the closed interval $[a_k, a_j]$, where $k=4$ and $j=7$.",450
1983-2::1983_prompt02_s03,"Let a sequence of $n=8$ points on the real line be defined by $a_i = 1 \cdot 4^{i-1}$ for $i=1, 2, \dots, 8$. Let $f(x)$ be the sum of the distances from a point $x$ to each of these $n$ points, i.e., $f(x) = \sum_{i=1}^{8} |x - a_i|$. Find the minimum value of $f(x)$ on the closed interval $[a_k, a_j]$, where $k=1$ and $j=6$.",21675
1983-2::1983_prompt02_s04,"Let a sequence of $n=4$ points on the real line be defined by $a_i = 1 \cdot 3^{i-1}$ for $i=1, 2, \dots, 4$. Let $f(x)$ be the sum of the distances from a point $x$ to each of these $n$ points, i.e., $f(x) = \sum_{i=1}^{4} |x - a_i|$. Find the minimum value of $f(x)$ on the closed interval $[a_k, a_j]$, where $k=2$ and $j=3$.",32
1983-2::1983_prompt02_s05,"Let a sequence of $n=10$ points on the real line be defined by $a_i = 2 \cdot 2^{i-1}$ for $i=1, 2, \dots, 10$. Let $f(x)$ be the sum of the distances from a point $x$ to each of these $n$ points, i.e., $f(x) = \sum_{i=1}^{10} |x - a_i|$. Find the minimum value of $f(x)$ on the closed interval $[a_k, a_j]$, where $k=3$ and $j=9$.",1922
1983-3::1983_prompt04_s04,Let \(Q(x) = (x^2+6x)^2\). Find the product of all real solutions to the equation \(Q(x)+19 = 8\sqrt{Q(x)+4}\).,105
1983-3::1983_prompt05_s01,What is the product of the real roots of the equation $x^4 + 5x^2 + 194 = 20 \sqrt{x^4 + 5x^2 + 130}$?,-9
1983-3::1983_prompt05_s02,What is the product of the real roots of the equation $x^4 + 4x^2 + 79 = 21 \sqrt{x^4 + 4x^2 + 41}$?,-16
1983-3::1983_prompt05_s03,What is the product of the real roots of the equation $x^4 + 5x^2 + 258 = 27 \sqrt{x^4 + 5x^2 + 148}$?,-16
1983-3::1983_prompt05_s04,What is the product of the real roots of the equation $x^4 + 6x^2 + 169 = 16 \sqrt{x^4 + 6x^2 + 114}$?,-1
1983-4::1983_prompt03_s01,"An ancient map shows a treasure's location relative to four landmarks $P_1, P_2, P_3, P_4$. The path from $P_1$ to $P_4$ is composed of three straight segments: $P_1P_2$ of length $10$ km, $P_2P_3$ of length $4$ km, and $P_3P_4$ of length $6$ km. At $P_2$ one turns $90^\circ$, and at $P_3$ one turns $90^\circ$ in the opposite direction (for example, right at $P_2$ and left at $P_3$). The landmarks $P_1$ and $P_4$ lie on a circle, which represents the boundary of a forbidden zone. The square of the radius of this zone is $68$ km$^2$. The treasure is buried at the center of this forbidden zone, and landmark $P_2$ is known to be inside the zone. Your GPS device is at landmark $P_2$. Find the square of the distance (in km$^2$) from your current location ($P_2$) to the treasure.",8
1983-4::1983_prompt03_s02,"An ancient map shows a treasure's location relative to four landmarks $P_1, P_2, P_3, P_4$. The path from $P_1$ to $P_4$ is composed of three straight segments: $P_1P_2$ of length $5$ km, $P_2P_3$ of length $4$ km, and $P_3P_4$ of length $3$ km. The instructions state that one must turn $90^\circ$ at $P_2$ and again at $P_3$, with the two turns in opposite directions. The landmarks $P_1$ and $P_4$ are known to lie on a circle, which represents the boundary of a forbidden zone. The square of the radius of this zone is $20$ km$^2$. The treasure is buried at the center of this forbidden zone, and landmark $P_2$ is known to be inside the zone. Your GPS device is at landmark $P_2$. Find the square of the distance (in km$^2$) from your current location ($P_2$) to the treasure.",5
1983-4::1983_prompt03_s03,"An ancient map shows a treasure's location relative to four landmarks $P_1, P_2, P_3, P_4$. The path from $P_1$ to $P_4$ is composed of three straight segments: $P_1P_2$ of length $14$ km, $P_2P_3$ of length $8$ km, and $P_3P_4$ of length $10$ km. The instructions state that one must turn $90^\circ$ at $P_2$ and again at $P_3$, but the two turns are in opposite directions (for example, right at $P_2$ and left at $P_3$). The landmarks $P_1$ and $P_4$ are known to lie on a circle, which represents the boundary of a forbidden zone. The square of the radius of this zone is $160$ km$^2$. The treasure is buried at the center of this forbidden zone, and landmark $P_2$ is known to be inside the zone. Your GPS device is at landmark $P_2$. Find the square of the distance (in km$^2$) from your current location ($P_2$) to the treasure.",20
1983-4::1983_prompt03_s04,"An ancient map shows a treasure's location relative to four landmarks $P_1, P_2, P_3, P_4$. The path from $P_1$ to $P_4$ is composed of three straight segments: $P_1P_2$ of length $8$ km, $P_2P_3$ of length $6$ km, and $P_3P_4$ of length $4$ km. The instructions state that one must turn $90^\circ$ at $P_2$ and again at $P_3$, but the two turns are in opposite directions (for example, right at $P_2$ and left at $P_3$). The landmarks $P_1$ and $P_4$ lie on a circle representing the boundary of a forbidden zone. The square of the radius of this zone is $45$ km$^2$. The treasure is buried at the center of this forbidden zone, and landmark $P_2$ is inside the zone. Your GPS device is at landmark $P_2$. Find the square of the distance (in km$^2$) from your current location ($P_2$) to the treasure.",13
1983-4::1983_prompt03_s05,"An ancient map shows a treasure's location relative to four landmarks $P_1, P_2, P_3, P_4$. The path from $P_1$ to $P_4$ is composed of three straight segments: $P_1P_2$ of length $8$ km, $P_2P_3$ of length $6$ km, and $P_3P_4$ of length $4$ km. The instructions state that one must turn $90^\circ$ at $P_2$ and again at $P_3$, but the two turns are in opposite directions. The landmarks $P_1$ and $P_4$ lie on a circle of radius $\sqrt{45}$ km, which represents the boundary of a forbidden zone. The treasure is buried at the center of this forbidden zone, and landmark $P_2$ is known to be inside the zone. Your GPS device is at landmark $P_2$. Find the square of the distance (in km$^2$) from your current location ($P_2$) to the treasure.",13
1983-5::1983_prompt02_s01,Let $x$ and $y$ be complex numbers such that $x^2 + y^2 = 1$ and $x^5 + y^5 = -251$. What is the largest possible real value of $x+y$?,4
1983-5::1983_prompt02_s02,Let $x$ and $y$ be complex numbers such that $x^2 + y^2 = 43$ and $x^5 + y^5 = 6039$. What is the largest possible real value of $x+y$?,9
1983-5::1983_prompt02_s03,Let $x$ and $y$ be complex numbers such that $x^2 + y^2 = 16$ and $x^5 + y^5 = -5632$. What is the largest possible real value of $x+y$?,8
1983-5::1983_prompt02_s04,Let $x$ and $y$ be complex numbers such that $x^2 + y^2 = 2$ and $x^5 + y^5 = -236$. What is the largest possible real value of $x+y$?,4
1983-5::1983_prompt02_s05,Let $x$ and $y$ be complex numbers such that $x^2 + y^2 = 2$ and $x^5 + y^5 = 2$. What is the largest possible real value of $x+y$?,2
1983-6::1983_prompt01_s01,"Let two sequences be defined by the recurrence relations $u_{k+1} = 36 u_k$ and $v_{k+1} = 133 v_k$ for $k \ge 1$, with initial values $u_1 = 432$ and $v_1 = 133$. A third sequence, $W_k$, is formed by the sum $W_k = u_k + v_k$. Find the remainder when $W_193$ is divided by $169$.",136
1983-6::1983_prompt01_s02,"Let two sequences be defined by the recurrence relations $u_{k+1} = 122 u_k$ and $v_{k+1} = 200 v_k$ for $k \ge 1$, with initial values $u_1 = 1098$ and $v_1 = 2200$. A third sequence, $W_k$, is formed by the sum $W_k = u_k + v_k$. Find the remainder when $W_1422$ is divided by $529$.",500
1983-6::1983_prompt01_s03,"Let two sequences be defined by the recurrence relations $u_{k+1} = 305 u_k$ and $v_{k+1} = 171 v_k$ for $k \ge 1$, with initial values $u_1 = 2135$ and $v_1 = 1368$. A third sequence, $W_k$, is formed by the sum $W_k = u_k + v_k$. Find the remainder when $W_404$ is divided by $289$.",253
1983-6::1983_prompt01_s04,"Let two sequences be defined by the recurrence relations $u_{k+1} = 138 u_k$ and $v_{k+1} = 219 v_k$ for $k \ge 1$, with initial values $u_1 = 2070$ and $v_1 = 3504$. A third sequence, $W_k$, is formed by the sum $W_k = u_k + v_k$. Find the remainder when $W_806$ is divided by $289$.",46
1983-6::1983_prompt01_s05,"Let two sequences be defined by the recurrence relations $u_{k+1} = 232 u_k$ and $v_{k+1} = 193 v_k$ for $k \ge 1$, with initial values $u_1 = 464$ and $v_1 = 1737$. A third sequence, $W_k$, is formed by the sum $W_k = u_k + v_k$. Find the remainder when $W_408$ is divided by $289$.",278
1983-7::1983_prompt02_s01,"A group of 14 students are seated in a circle. A committee of 5 students is to be chosen, with all possible committees being equally likely. Two students are considered 'close' if they are separated by at most 0 other students. Let $P$ be the probability that at least one pair of students in the chosen committee is 'close'. If $P$ is written as a fraction in lowest terms, what is the sum of the numerator and denominator?",272
1983-7::1983_prompt04_s01,"At a round table, 50 students are seated. A team of 3 students is to be chosen at random. The selection is called '20-compact' if all 3 chosen students are sitting in a single continuous arc of 20 seats. What is the probability that the chosen team is 20-compact? If this probability is expressed as a fraction in lowest terms, what is the sum of the numerator and denominator?",563
1983-7::1983_prompt04_s02,"At a round table, 62 students are seated. A team of 4 students is to be chosen at random. The selection is called '26-compact' if all 4 chosen students are sitting in a single continuous arc of 26 seats. What is the probability that the chosen team is 26-compact? If this probability is expressed as a fraction in lowest terms, what is the sum of the numerator and denominator?",4519
1983-7::1983_prompt04_s03,"At a round table, 26 students are seated. A team of 3 students is to be chosen at random. The selection is called '8-compact' if all 3 chosen students are sitting in a single continuous arc of 8 seats. What is the probability that the chosen team is 8-compact? If this probability is expressed as a fraction in lowest terms, what is the sum of the numerator and denominator?",121
1983-7::1983_prompt04_s04,"At a round table, 66 students are seated. A team of 3 students is to be chosen at random. The selection is called '14-compact' if all 3 chosen students are sitting in a single continuous arc of 14 seats. What is the probability that the chosen team is 14-compact? If this probability is expressed as a fraction in lowest terms, what is the sum of the numerator and denominator?",89
1983-8::1983_prompt05_s01,"A grand library is organizing its collection of 2056 unique ancient manuscripts. The manuscripts are to be distributed into 4 special exhibits. The exhibits are designated to hold 441, 471, 549, 595 manuscripts, respectively. Let $W$ be the number of ways to perform this distribution. Find the largest prime factor of $W$ that is smaller than the number of manuscripts in any single exhibit.",409
1983-8::1983_prompt05_s02,"A grand library is organizing its collection of 1474 unique ancient manuscripts. The manuscripts are to be distributed into 3 special exhibits. The exhibits are designated to hold 436, 508, 530 manuscripts, respectively. Let $W$ be the number of ways to perform this distribution. Find the largest prime factor of $W$ that is smaller than the number of manuscripts in any single exhibit.",367
1983-8::1983_prompt05_s03,"A grand library is organizing its collection of 2266 unique ancient manuscripts. The manuscripts are to be distributed into 4 special exhibits. The exhibits are designated to hold 484, 529, 609, 644 manuscripts, respectively. Let $W$ be the number of ways to perform this distribution. Find the largest prime factor of $W$ that is smaller than the number of manuscripts in any single exhibit.",449
1983-8::1983_prompt05_s04,"A grand library is organizing its collection of 1431 unique ancient manuscripts. The manuscripts are to be distributed into 3 special exhibits. The exhibits are designated to hold 428, 464, 539 manuscripts, respectively. Let $W$ be the number of ways to perform this distribution. Find the largest prime factor of $W$ that is smaller than the number of manuscripts in any single exhibit.",353
1983-8::1983_prompt05_s05,"A grand library is organizing its collection of 1890 unique ancient manuscripts. The manuscripts are to be distributed into 3 special exhibits. The exhibits are designated to hold 549, 651, 690 manuscripts, respectively. Let $W$ be the number of ways to perform this distribution. Find the largest prime factor of $W$ that is smaller than the number of manuscripts in any single exhibit.",467
1983-9::1983_prompt01_s03,"Let the function $f(x)$ be defined as
\[
f(x)=\frac{100\sin^2 x+64x^2+44x\sin x}{x\sin x}.
\]
Find the greatest lower bound of $f(x)$ for $x\in(0,\pi)$.",204
1983-9::1983_prompt01_s05,"Let the function $f(x)$ be defined as $f(x)=\frac{81\sin^2 x+36x^2+3x\sin x}{x\sin x}$. Find the greatest lower bound of $f(x)$ for $x\in(0,\pi)$.",111
1983-9::1983_prompt04_s03,"Let $f(x)=\frac{7(x\sin x)^3+14}{x\sin x}$. Find the minimum value of $f(x)$ for $x$ in the interval $(0,\pi)$.",21
1983-9::1983_prompt05_s01,"Find the minimum value of the expression
$$\frac{16+49\sin^4 x}{\sin^2 x}$$
for a real number $x$ in the interval $\left[\frac{\pi}{6},\frac{5\pi}{6}\right]$.",56
1983-9::1983_prompt07_s04,"Let the function $f(x)$ be defined for $x \in [0, \pi/2)$ as
$$f(x)=\frac{8(\sec x+\tan x)^2-2(\sec x+\tan x)+8}{(\sec x+\tan x)+1}.$$ 
Find the minimum value of $f(x)$.",7
1984-10::1984_prompt01_s01,"In a math contest with 85 problems, the score is calculated as `s = 955 + 15*c - 9*w`, where `c` is the number of correct answers and `w` is the number of wrong answers. Unanswered problems are not penalized. A student's score `s` was known to be greater than 112. From this score `s`, it was possible to determine that the number of correct answers `c` was one of exactly 1 possibilities. Had the score been any integer value lower than `s` (but still greater than 112), this would not have been the case (i.e., the number of possibilities for `c` would not have been 1). What was the student's score `s`?",190
1984-10::1984_prompt01_s02,"In a math contest with 78 problems, the score is calculated as `s = 197 + 4*c - 2*w`, where `c` is the number of correct answers and `w` is the number of wrong answers. Unanswered problems are not penalized. A student's score `s` was known to be greater than 8. From this score `s`, it was possible to determine that the number of correct answers `c` was one of exactly 3 possibilities. Had the score been any integer value lower than `s` (but still greater than 8), this would not have been the case (i.e., the number of possibilities for `c` would not have been 3). What was the student's score `s`?",53
1984-10::1984_prompt03_s02,"In a math contest with an Algebra section and a Geometry section, there are 24 problems in Algebra and 20 in Geometry. A student's final score s is computed by the formula s = 50 + 5c_A + 9c_B - w, where c_A and c_B are the numbers of correct answers in Algebra and Geometry, respectively, and w is the total number of wrong answers. Students are not penalized for problems left unanswered. Alex told Jordan his score, which was over 310. From this score, Jordan was able to uniquely determine the pair (c_A, c_B). If Alex's score had been any lower, but still over 310, Jordan could not have determined this pair. What was Alex's score?",333
1984-10::1984_prompt04_s01,"In a math contest with 42 problems, one's score, `s`, is computed by the formula `s = 126 + 4*c - 3*w`, where `c` is the number of correct answers and `w` is the number of wrong answers. Mary told John her score, which was over 249. From this, John was able to determine the number of problems Mary solved correctly. If Mary's score had been any lower, but still over 249, John could not have determined this. What was Mary's score?",253
1984-10::1984_prompt04_s02,"In a math contest with 45 problems, one's score, `s`, is computed by the formula `s = 135 + 4*c - 3*w`, where `c` is the number of correct answers and `w` is the number of wrong answers. Mary told John her score, which was over 270. From this, John was able to determine the number of problems Mary solved correctly. If Mary's score had been any lower, but still over 270, John could not have determined this. What was Mary's score?",274
1984-11::1984_prompt01_s01,"A group of 14 students, consisting of 6 computer science majors, 3 physics majors, and 5 mathematics majors, are arranged in a single file line for a picture. The arrangement of students is chosen uniformly at random. The arrangement is called 'well-separated' if no two computer science majors have 0 or fewer students of other majors standing between them. If the probability of having a well-separated arrangement is $\frac{m}{n}$ in lowest terms, what is the value of $m+n$?",147
1984-11::1984_prompt01_s02,"A group of 14 students, consisting of 6 computer science majors, 5 physics majors, and 3 mathematics majors, are arranged in a single file line for a picture. The arrangement of students is chosen uniformly at random. The arrangement is called 'well-separated' if no two computer science majors have 0 or fewer students of other majors standing between them. If the probability of having a well-separated arrangement is $\frac{m}{n}$ in lowest terms, what is the value of $m+n$?",147
1984-11::1984_prompt01_s03,"A group of 15 students, consisting of 4 computer science majors, 6 physics majors, and 5 mathematics majors, are arranged in a single file line for a picture. The arrangement of students is chosen uniformly at random. The arrangement is called 'well-separated' if no two computer science majors have 1 or fewer students of other majors standing between them. If the probability of having a well-separated arrangement is $\frac{m}{n}$ in lowest terms, what is the value of $m+n$?",71
1984-11::1984_prompt01_s04,"A group of 11 students, consisting of 3 computer science majors, 5 physics majors, and 3 mathematics majors, are arranged in a single file line for a picture. The arrangement of students is chosen uniformly at random. The arrangement is called 'well-separated' if no two computer science majors have 0 or fewer students of other majors standing between them. If the probability of having a well-separated arrangement is $\frac{m}{n}$ in lowest terms, what is the value of $m+n$?",83
1984-11::1984_prompt01_s05,"A group of 22 students, consisting of 5 computer science majors, 9 physics majors, and 8 mathematics majors, are arranged in a single file line for a picture. The arrangement of students is chosen uniformly at random. The arrangement is called 'well-separated' if no two computer science majors have 2 or fewer students of other majors standing between them. If the probability of having a well-separated arrangement is $\frac{m}{n}$ in lowest terms, what is the value of $m+n$?",211
1984-12::1984_prompt05_s01,"A mysterious function $f(x)$, defined for all real numbers, is known to exhibit strange symmetries. It is symmetric about the line $x=14$, satisfying $f(14+x) = f(14-x)$, but anti-symmetric about the point $(21, 0)$, satisfying $f(21+x) = -f(21-x)$. A spy has discovered that $x=21$ is a root, i.e., $f(21)=0$. What is the minimum number of roots that $f(x)=0$ must have in the interval $[-291, 291]$?",42
1984-12::1984_prompt05_s02,"A mysterious function $f(x)$, defined for all real numbers, is known to exhibit strange symmetries. It is symmetric about the line $x=10$, satisfying $f(10+x)=f(10-x)$, and anti-symmetric about the point $(20,0)$, satisfying $f(20+x)=-f(20-x)$. A spy has discovered that $x=-8$ is a root, i.e., $f(-8)=0$. What is the minimum number of roots of $f(x)=0$ in the interval $[-482,482]$ that are not multiples of $20$?",96
1984-12::1984_prompt05_s04,"A mysterious function $f(x)$, defined for all real numbers, is known to exhibit strange symmetries. It is symmetric about the line $x=11$, satisfying $f(11+x) = f(11-x)$, but anti-symmetric about the point $(15, 0)$, satisfying $f(15+x) = -f(15-x)$. A spy has discovered that $x=23$ is a root, i.e., $f(23)=0$. What is the minimum number of roots that $f(x)=0$ must have in the interval $[-221, 221]$?",55
1984-12::1984_prompt05_s05,"A mysterious function $f(x)$, defined for all real numbers, is known to exhibit strange symmetries. It is symmetric about the line $x=11$, satisfying $f(11+x) = f(11-x)$, but anti-symmetric about the point $(17, 0)$, satisfying $f(17+x) = -f(17-x)$. A spy has discovered that $x=-1$ is a root, i.e., $f(-1)=0$. What is the minimum number of roots that $f(x)=0$ must have in the interval $[-353, 353]$?",118
1984-12::1984_prompt08_s01,"A function $f$ is defined for all real numbers and satisfies $f(17+x)=f(17-x)$, $f(32+x)=f(32-x)$, and $f(56+x)=f(56-x)$ for all real $x$. It is also known that $f(1)=0$, $f(45)=0$, and $f(4)=0$. What is the least number of roots the equation $f(x)=0$ must have in the interval $-210 \leq x \leq 210$?",281
1984-13::1984_prompt01_s04,"Let $A=\{n^2+n+1\mid n=4,5,\ldots,143\}=\{21,31,43,\ldots,20593\}$. Let $S$ be the sum of the inverse cotangents of the numbers in $A$; that is, $S=\sum_{x\in A}\operatorname{arccot}(x)$. Find the value of $140\cot(S)$.",577
1984-13::1984_prompt03_s01,Let \(Q(k)=17k^2+77k+83\). Compute the value of \[5\cdot \cot\left(\sum_{k=5}^{9} \cot^{-1}(Q(k))\right).\],1353
1984-13::1984_prompt03_s02,Let \(Q(k) = 34k^2 + 60k + 18\). Compute the value of \(3 \cdot \cot\left(\sum_{k=3}^{5} \cot^{-1}(Q(k))\right)\).,734
1984-13::1984_prompt03_s03,"Let $Q(k)=26k^2+36k+6$. Compute the value of $3\cdot\cot\left(\sum_{k=4}^{6}\cot^{-1}(Q(k))\right)$, where $\cot^{-1}$ denotes the principal inverse cotangent.",784
1984-13::1984_prompt06_s01,"Let a sum be defined by \[S=\sum_{k=-2}^{3}\arccot(13k^2+101k+193),\] where \(\arccot\) takes values in \((0,\pi)\). Compute the value of \(78\cdot\cot(S)\).",1729
1984-14::1984_prompt02_s01,Let $S$ be the set of composite positive integers of the form $6k+1$ for some nonnegative integer $k$. What is the largest integer congruent to $2 \pmod{6}$ that cannot be written as the sum of two elements of $S$?,152
1984-14::1984_prompt02_s02,Let $S$ be the set of composite positive integers of the form $8k+5$ for some nonnegative integer $k$. What is the largest positive integer congruent to $2 \pmod{8}$ that cannot be written as the sum of two elements of $S$?,82
1984-14::1984_prompt02_s03,Let $S$ be the set of composite positive integers of the form $4k+3$ for some nonnegative integer $k$. What is the largest integer congruent to $2$ modulo $4$ that cannot be written as the sum of two elements of $S$?,58
1984-14::1984_prompt02_s04,Let $S$ be the set of composite integers of the form $7k+4$ for some non-negative integer $k$. What is the largest positive integer congruent to $1$ modulo $7$ that cannot be written as the sum of two elements of $S$?,15
1984-14::1984_prompt02_s05,"Let $S$ be the set of composite integers of the form $3k+1$ for some nonnegative integer $k$. Among the integers congruent to $2\pmod 3$, what is the largest integer that cannot be written as the sum of two elements of $S$?",23
1984-1::1984_prompt01_s01,"Let $a_1, a_2, a_3, \ldots$ be an arithmetic progression of real numbers. The sum of the first 24 terms is 72, and the sum of the first 21 terms is 126.
Let $S_j$ be the sum of all terms $a_i$ in this progression such that $1 \le i \le 25$ and $i \equiv j \pmod{5}$.
There is a unique integer $k$ in the range $1 \le k \le 5$ for which $S_k = 0$. Find this value of $k$.",4
1984-1::1984_prompt01_s02,"Let $a_1, a_2, a_3, \ldots$ be an arithmetic progression of real numbers. The sum of the first 57 terms is -2280, and the sum of the first 58 terms is -2262.
Let $S_j$ be the sum of all terms $a_i$ in this progression such that $1 \le i \le 91$ and $i \equiv j \pmod{13}$.
There is a unique integer $k$ in the range $1 \le k \le 13$ for which $S_k = 0$. Find this value of $k$.",10
1984-1::1984_prompt01_s03,"Let $a_1, a_2, a_3, \ldots$ be an arithmetic progression of real numbers. The sum of the first 55 terms is 440, and the sum of the first 41 terms is 902.
Let $S_j$ be the sum of all terms $a_i$ in this progression such that $1 \le i \le 65$ and $i \equiv j \pmod{13}$.
There is a unique integer $k$ in the range $1 \le k \le 13$ for which $S_k = 0$. Find this value of $k$.",6
1984-1::1984_prompt01_s04,"Let $a_1, a_2, a_3, \ldots$ be an arithmetic progression of real numbers. The sum of the first 56 terms is 756, and the sum of the first 41 terms is 1476.
Let $S_j$ be the sum of all terms $a_i$ in this progression such that $1 \le i \le 65$ and $i \equiv j \pmod{13}$.
There is a unique integer $k$ in the range $1 \le k \le 13$ for which $S_k = 0$. Find this value of $k$.",7
1984-1::1984_prompt01_s05,"Let $a_1, a_2, a_3, \ldots$ be an arithmetic progression of real numbers. The sum of the first 31 terms is -248, and the sum of the first 24 terms is -528.
Let $S_j$ be the sum of all terms $a_i$ in this progression such that $1 \le i \le 35$ and $i \equiv j \pmod{7}$.
There is a unique integer $k$ in the range $1 \le k \le 7$ for which $S_k = 0$. Find this value of $k$.",4
1984-2::1984_prompt02_s01,Let $S$ be the set of positive integers whose decimal representation consists only of the digits $9$ and $0$. Find the smallest integer $n \in S$ that is divisible by $82500$. What is the value of the integer $n/82500$?,12
1984-2::1984_prompt02_s02,Let $S$ be the set of positive integers whose decimal representation consists only of the digits $5$ and $0$. Find the smallest integer $n \in S$ that is divisible by $315000$. What is the value of the integer $n/315000$?,17635097
1984-2::1984_prompt02_s03,Let $S$ be the set of positive integers whose decimal representation consists only of the digits $6$ and $0$. Find the smallest integer $n \in S$ that is divisible by $468$. What is the value of the integer $n/468$?,1295
1984-2::1984_prompt02_s04,Let $S$ be the set of positive integers whose decimal representation consists only of the digits $5$ and $0$. Find the smallest integer $n \in S$ that is divisible by $15750$. What is the value of the integer $n/15750$?,35270194
1984-2::1984_prompt02_s05,Let $S$ be the set of positive integers whose decimal representation consists only of the digits $5$ and $0$. Find the smallest integer $n \in S$ that is divisible by $1680$. What is the value of the integer $n/1680$?,300625
1984-3::1984_prompt02_s01,"An $n$-dimensional gemstone is in the shape of a simplex $S$. A gem cutter makes $n+1$ cuts, each parallel to one of the $(n-1)$-dimensional faces of $S$, with one cut associated to each vertex, producing $n+1$ corner simplices. Let $r_i$ be the linear similarity ratio of the $i$th corner simplex to $S$, and suppose $r_1+r_2+\dots+r_{n+1}=1$. For $n=4$, the volumes of the 5 corner simplices are $16,81,256,625,1296$. Find the volume of $S$.",160000
1984-3::1984_prompt02_s02,"An n-dimensional gemstone is in the shape of a simplex S. A gem cutter makes n+1 cuts, each parallel to one of the (n-1)-dimensional faces of S, with a different cut associated with each vertex. This cuts off n+1 smaller simplices from the corners of S. Let t_i be the linear scale factor of the simplex cut from the i-th vertex relative to S, and suppose t_1+t_2+\cdots+t_{n+1}=1. For n=4, the volumes of the five corner simplices are 256, 625, 1296, 2401, and 4096. Find the volume of S.",810000
1984-3::1984_prompt02_s03,"An $n$-dimensional gemstone is in the shape of a simplex $S$. A gem cutter makes $n+1$ cuts, each parallel to a different $(n-1)$-dimensional face of $S$, slicing off $n+1$ corner simplices. For $n=3$, suppose the four corner tetrahedra are similar to $S$ with linear scale factors $r_1,r_2,r_3,r_4$ satisfying $r_1+r_2+r_3+r_4=1$. If their volumes are $125$, $216$, $343$, and $512$, find the volume of the original gemstone $S$.",17576
1984-3::1984_prompt02_s04,"An n-dimensional gemstone is in the shape of a simplex S. A gem cutter makes n+1 cuts, with each cut parallel to one of the (n-1)-dimensional faces of S and each cut associated with a different vertex. The corner simplex cut off at vertex i is similar to S with linear scale factor r_i, and the cuts are arranged so that r_1+r_2+\cdots+r_{n+1}=1. For n=4, the volumes of the 5 corner pieces are {16, 81, 256, 1296, 4096}. Find the volume of the original gemstone S.",279841
1984-3::1984_prompt02_s05,"An $n$-dimensional gemstone is in the shape of a simplex $S$. A gem cutter makes $n+1$ cuts, with each cut parallel to one of the $(n-1)$-dimensional faces of $S$, and each cut associated with a different vertex. If the cut at vertex $i$ meets every edge from that vertex at the same fraction $r_i$ of its length, assume that $r_1+r_2+\cdots+r_{n+1}=1$. For a gemstone of dimension $n=4$, the volumes of the $n+1$ corner simplices are $16,81,256,625,$ and $10000$. Find the volume of the original gemstone $S$.",331776
1984-4::1984_prompt02_s01,"Let S be a collection of scores from a math competition. The scores are all positive integers. The average of all scores in S is 87.
The scores are partitioned among several students. One of these students is Beatrice.
The average of Beatrice's scores is 92. One of Beatrice's scores is 108.
If all of Beatrice's scores are removed from S, the average of the remaining scores is 82.
If only the single score 108 is removed from S, the average of the remaining scores is 84.
What is the largest possible score that Beatrice could have?",258
1984-4::1984_prompt02_s02,"Let S be a collection of scores from a math competition. The scores are all positive integers. The average of all scores in S is 137.
The scores are partitioned among several students. One of these students is Beatrice.
The average of Beatrice's scores is 164. One of Beatrice's scores is 321.
If all of Beatrice's scores are removed from S, the average of the remaining scores is 128.
If only the single score 321 is removed from S, the average of the remaining scores is 129.
What is the largest possible score that Beatrice could have?",659
1984-4::1984_prompt02_s03,"Let S be a collection of scores from a math competition. The scores are all positive integers. The average of all scores in S is 39.
The scores are partitioned among several students. One of these students is Beatrice.
The average of Beatrice's scores is 64. One of Beatrice's scores is 126.
If all of Beatrice's scores are removed from S, the average of the remaining scores is 34.
If only the single score 126 is removed from S, the average of the remaining scores is 36.
What is the largest possible score that Beatrice could have?",191
1984-4::1984_prompt02_s04,"Let S be a collection of scores from a math competition. The scores are all positive integers. The average of all scores in S is 34.
The scores are partitioned among several students. One of these students is Beatrice.
The average of Beatrice's scores is 90. One of Beatrice's scores is 222.
If all of Beatrice's scores are removed from S, the average of the remaining scores is 26.
If only the single score 222 is removed from S, the average of the remaining scores is 30.
What is the largest possible score that Beatrice could have?",314
1984-4::1984_prompt02_s05,"Let S be a collection of scores from a math competition. The scores are all positive integers. The average of all scores in S is 34.
The scores are partitioned among several students. One of these students is Beatrice.
The average of Beatrice's scores is 49. One of Beatrice's scores is 486.
If all of Beatrice's scores are removed from S, the average of the remaining scores is 31.
If only the single score 486 is removed from S, the average of the remaining scores is 30.
What is the largest possible score that Beatrice could have?",486
1984-5::1984_prompt01_s01,"Let $B_1=4$, $B_2=16$, and $B_3=256$. Let $a, b, c$ be positive real numbers that satisfy the following system of equations:
\[
\begin{cases}
\log_{B_1} a + \log_{B_2} b + \log_{B_3} c = 16 \\
\log_{B_1} b + \log_{B_2} c + \log_{B_3} a = 8 \\
\log_{B_1} c + \log_{B_2} a + \log_{B_3} b = 11
\end{cases}
\]
Find the value of the product $abc$.",1099511627776
1984-5::1984_prompt01_s02,"Let $a, b, c$ be positive real numbers that satisfy the system
\[
\begin{cases}
\log_{9} a + \log_{729} b + \log_{729} c = 15 \\
\log_{9} b + \log_{729} c + \log_{729} a = 8 \\
\log_{9} c + \log_{729} a + \log_{729} b = 7
\end{cases}
\]
Find the value of the product $abc$.",150094635296999121
1984-5::1984_prompt01_s04,"Let $a, b, c$ be positive real numbers that satisfy the following system of equations:
\[
\begin{cases}
\log_8 a + \log_{16} b + \log_{16} c = 12 \\
\log_8 b + \log_{16} c + \log_{16} a = 5 \\
\log_8 c + \log_{16} a + \log_{16} b = 8
\end{cases}
\]
Find the value of the product $abc$.",1073741824
1984-5::1984_prompt02_s01,"Let $a, b, c$ be positive real numbers that satisfy the system
$$\log_5(a^3)+\log_{25}(b^2)+\log_{125}(c^2)=40,$$
$$\log_5(b^3)+\log_{25}(c^2)+\log_{125}(a^2)=38,$$
$$\log_5(c^3)+\log_{25}(a^2)+\log_{125}(b^2)=20.$$
Find the value of $abc$.",476837158203125
1984-5::1984_prompt02_s02,"Let $a, b, c$ be positive real numbers that satisfy the system
$$\log_2 a + \log_4 b^3 + \log_8 c^2 = 15,$$
$$\log_2 b + \log_4 c^3 + \log_8 a^2 = 22,$$
$$\log_2 c + \log_4 a^3 + \log_8 b^2 = 20.$$
Find the value of $abc$.",262144
1984-6::1984_prompt01_s01,"In three-dimensional space, three spheres, each of radius $3$, are centered at the points $[4, 1, 0], $[3, 1, 0], and $[7, 1, 1]. A plane passes through the center $[3, 1, 0]$ and the origin $O(0,0,0)$. This plane is such that the total volume of the parts of the three spheres on one side of the plane is equal to the total volume of the parts of the three spheres on the other side. It is also known that this plane is not tangent to the first sphere (centered at $[4, 1, 0]$) or the third sphere (centered at $[7, 1, 1]$). The normal vector to this plane can be written as $\vec{n} = (A, B, C)$, where $A$, $B$, and $C$ are coprime integers. What is the value of $|A+B+C|$?",7
1984-6::1984_prompt01_s02,"In three-dimensional space, three spheres, each of radius $2$, are centered at the points $[-4, -6, 0], $[-5, -6, 0], and $[-4, -6, -6]. A plane passes through the center $[-5, -6, 0]$ and the origin $O(0,0,0)$. This plane is such that the total volume of the parts of the three spheres on one side of the plane is equal to the total volume of the parts of the three spheres on the other side. It is also known that this plane is not tangent to the first sphere (centered at $[-4, -6, 0]$) or the third sphere (centered at $[-4, -6, -6]$). The normal vector to this plane can be written as $\vec{n} = (A, B, C)$, where $A$, $B$, and $C$ are coprime integers. What is the value of $|A+B+C|$?",3
1984-6::1984_prompt01_s03,"In three-dimensional space, three spheres, each of radius $4$, are centered at the points $[5, 1, 0], $[4, 1, 0], and $[5, 1, 1]. A plane passes through the center $[4, 1, 0]$ and the origin $O(0,0,0)$. This plane is such that the total volume of the parts of the three spheres on one side of the plane is equal to the total volume of the parts of the three spheres on the other side. It is also known that this plane is not tangent to the first sphere (centered at $[5, 1, 0]$) or the third sphere (centered at $[5, 1, 1]$). The normal vector to this plane can be written as $\vec{n} = (A, B, C)$, where $A$, $B$, and $C$ are coprime integers. What is the value of $|A+B+C|$?",5
1984-6::1984_prompt01_s04,"In three-dimensional space, three spheres, each of radius $4$, are centered at the points $[2, 2, 0], $[1, 2, 0], and $[-3, 2, 2]. A plane passes through the center $[1, 2, 0]$ and the origin $O(0,0,0)$. This plane is such that the total volume of the parts of the three spheres on one side of the plane is equal to the total volume of the parts of the three spheres on the other side. It is also known that this plane is not tangent to the first sphere (centered at $[2, 2, 0]$) or the third sphere (centered at $[-3, 2, 2]$). The normal vector to this plane can be written as $\vec{n} = (A, B, C)$, where $A$, $B$, and $C$ are coprime integers. What is the value of $|A+B+C|$?",4
1984-6::1984_prompt01_s05,"In three-dimensional space, three spheres, each of radius $3$, are centered at the points $[-4, 1, 0], $[-5, 1, 0], and $[-9, 1, 1]. A plane passes through the center $[-5, 1, 0]$ and the origin $O(0,0,0)$. This plane is such that the total volume of the parts of the three spheres on one side of the plane is equal to the total volume of the parts of the three spheres on the other side. It is also known that this plane is not tangent to the first sphere (centered at $[-4, 1, 0]$) or the third sphere (centered at $[-9, 1, 1]$). The normal vector to this plane can be written as $\vec{n} = (A, B, C)$, where $A$, $B$, and $C$ are coprime integers. What is the value of $|A+B+C|$?",9
1984-7::1984_prompt01_s01,The function `f` is defined on the set of integers and satisfies $f(n)= \begin{cases}  n-10 & \mbox{if }n\ge 500 \\  f(f(n+18)) & \mbox{if }n<500 \end{cases}$. Find $f(111)$.,493
1984-7::1984_prompt01_s02,The function `f` is defined on the set of integers and satisfies $f(n)= \begin{cases}  n-4 & \mbox{if }n\ge 600 \\  f(f(n+16)) & \mbox{if }n<600 \end{cases}$. Find $f(79)$.,603
1984-7::1984_prompt01_s03,The function `f` is defined on the set of integers and satisfies $f(n)= \begin{cases}  n-4 & \mbox{if }n\ge 600 \\  f(f(n+10)) & \mbox{if }n<600 \end{cases}$. Find $f(79)$.,597
1984-7::1984_prompt01_s04,The function `f` is defined on the set of integers and satisfies $f(n)= \begin{cases}  n-25 & \mbox{if }n\ge 700 \\  f(f(n+35)) & \mbox{if }n<700 \end{cases}$. Find $f(465)$.,680
1984-7::1984_prompt01_s05,The function `f` is defined on the set of integers and satisfies $f(n)= \begin{cases}  n-10 & \mbox{if }n\ge 600 \\  f(f(n+18)) & \mbox{if }n<600 \end{cases}$. Find $f(282)$.,592
1984-8::1984_prompt01_s01,"Let $P(z)$ be the polynomial given by $P(z) = z^4 - z^3 + z^2 - z + 1$. Find the sum, in degrees, of the arguments of all roots of $P(z)=0$ that lie in the upper half of the complex plane (i.e., whose arguments $\theta$ satisfy $0^\circ < \theta < 180^\circ$).",144
1984-8::1984_prompt01_s02,"Let $P(z)$ be the polynomial given by $P(z) = z^4 - z^3 + z^2 - z + 1$. Find the sum, in degrees, of the arguments of all roots of $P(z)=0$ that lie in the upper half of the complex plane (i.e., whose arguments $\theta$ satisfy $0^\circ < \theta < 180^\circ$).",144
1984-8::1984_prompt01_s03,"Let $P(z)$ be the polynomial given by $P(z) = z^24 - z^20 + z^16 - z^12 + z^8 - z^4 + 1$. Find the sum, in degrees, of the arguments of all roots of $P(z)=0$ that lie in the upper half of the complex plane (i.e., whose arguments $\theta$ satisfy $0^\circ < \theta < 180^\circ$).",1080
1984-8::1984_prompt01_s04,"Let $P(z)$ be the polynomial given by $P(z) = z^16 - z^12 + z^8 - z^4 + 1$. Find the sum, in degrees, of the arguments of all roots of $P(z)=0$ that lie in the upper half of the complex plane (i.e., whose arguments $\theta$ satisfy $0^\circ < \theta < 180^\circ$).",720
1984-8::1984_prompt01_s05,"Let $P(z)$ be the polynomial given by $P(z) = z^12 - z^6 + 1$. Find the sum, in degrees, of the arguments of all roots of $P(z)=0$ that lie in the upper half of the complex plane (i.e., whose arguments $\theta$ satisfy $0^\circ < \theta < 180^\circ$).",540
1984-9::1984_prompt13_s01,"In a tetrahedron $ABCD$, the area of face $ABC$ is $80$ and the area of face $ABD$ is $41$. The length of the common edge $AB$ is $2$. Let $C'$ and $D'$ be the feet of the perpendiculars from vertices $C$ and $D$, respectively, to the line containing the edge $AB$. The distance between $C'$ and $D'$ is $840$, and the length of the edge $CD$ is $841$. Find the volume of the tetrahedron.",240
1984-9::1984_prompt13_s02,"In a tetrahedron $ABCD$, the area of face $ABC$ is $288$ and the area of face $ABD$ is $219$. The length of the common edge $AB$ is $2$. Let $C'$ and $D'$ be the feet of the perpendiculars from vertices $C$ and $D$, respectively, to the line containing the edge $AB$. The distance between $C'$ and $D'$ is $2660$, and the length of the edge $CD$ is $2669$. Find the volume of the tetrahedron.",15840
1984-9::1984_prompt13_s03,"In a tetrahedron $ABCD$, the area of face $ABC$ is $148$ and the area of face $ABD$ is $280$. The length of the common edge $AB$ is $8$. Let $C'$ and $D'$ be the feet of the perpendiculars from vertices $C$ and $D$, respectively, to the line containing the edge $AB$. The distance between $C'$ and $D'$ is $684$, and the length of the edge $CD$ is $685$. Find the volume of the tetrahedron.",1120
1984-9::1984_prompt13_s04,"In a tetrahedron $ABCD$, the area of face $ABC$ is $12$ and the area of face $ABD$ is $10$. The length of the common edge $AB$ is $1$. Let $C'$ and $D'$ be the feet of the perpendiculars from vertices $C$ and $D$, respectively, to the line containing the edge $AB$. The distance between $C'$ and $D'$ is $99$, and the length of the edge $CD$ is $101$. Find the volume of the tetrahedron.",64
1984-9::1984_prompt13_s05,"In a tetrahedron $ABCD$, the area of face $ABC$ is $52$ and the area of face $ABD$ is $96$. The length of the common edge $AB$ is $2$. Let $C'$ and $D'$ be the feet of the perpendiculars from vertices $C$ and $D$, respectively, to the line containing the edge $AB$. The distance between $C'$ and $D'$ is $39$, and the length of the edge $CD$ is $65$. Find the volume of the tetrahedron.",640
1985-10::1985_prompt04_s01,"Let $C=\{1,2,3,4,5\}$ be a set of 5 positive integer coefficients. Let the function $f(x)$ be defined as $f(x)=\sum_{c\in C}\lfloor cx\rfloor$. How many integers in the set $\{1,2,\dots,2632\}$ can be expressed in the form $f(x)$ for some real number $x$?",1756
1985-10::1985_prompt05_s02,"Let \(S\) be the set of positive integers \(\{1,2,3,4,5,6,7,8\}\). A function is defined by \(f(x)=\sum_{c\in S}\lfloor cx\rfloor\). How many distinct values does \(f(x)\) take modulo \(45\) as \(x\) ranges over all real numbers?",40
1985-10::1985_prompt05_s03,"Let $S$ be the set of positive integers $\{1,2,3,\ldots,12\}$. A function is defined as $f(x)=\sum_{c\in S}\lfloor cx\rfloor$. How many distinct values does $f(x)$ take modulo $39$ as $x$ ranges over all real numbers?",30
1985-10::1985_prompt05_s05,"Let $S$ be the set of positive integers $\{1,3,5,7,11,13\}$. A function is defined by $f(x)=\sum_{c\in S}\lfloor cx\rfloor$. How many distinct values does $f(x)$ take modulo $40$ as $x$ ranges over all real numbers?",35
1985-10::1985_prompt09_s02,"Let $c_1, c_2, \dots, c_4$ be an arithmetic progression of positive integers with first term $c_1=2$, common difference $6$, and $4$ terms. Let $S$ be the set of values achieved by the function $f(x) = \sum_{i=1}^4 \lfloor c_i x \rfloor$ for a real number $x$. How many of the integers from 1 to $1947$ (inclusive) belong to the set $S$?",1594
1985-11::1985_prompt01_s01,"An ellipsoid of revolution in three-dimensional space has foci at $F_1 = (5, -3, -2)$ and $F_2 = (3, -5, -9)$. The ellipsoid is tangent to the plane with equation $3x - y - 8 = 0$. What is the length of the major axis of the ellipsoid?",9
1985-11::1985_prompt01_s02,"An ellipsoid of revolution in three-dimensional space has foci at $F_1 = (0, -1, -1)$ and $F_2 = (2, 1, -6)$. The ellipsoid is tangent to the plane with equation $x + 3y + 2z + 19 = 0$. What is the length of the major axis of the ellipsoid?",9
1985-11::1985_prompt01_s03,"An ellipsoid of revolution in three-dimensional space has foci at $F_1 = (2, -2, 0)$ and $F_2 = (8, -8, 4)$. The ellipsoid is tangent to the plane with equation $x - y - 4z + 14 = 0$. What is the length of the major axis of the ellipsoid?",12
1985-11::1985_prompt01_s05,"An ellipsoid of revolution in three-dimensional space has foci at $F_1 = (3, -4, -4)$ and $F_2 = (-4, -1, 2)$. The ellipsoid is tangent to the plane with equation $- 3x - y - 2z + 18 = 0$. What is the length of the major axis of the ellipsoid?",16
1985-11::1985_prompt04_s01,"An ellipsoid of revolution is the locus of points $P$ in 3D space such that the sum of the distances from $P$ to two fixed points, the foci, is a constant. This constant value is the length of the ellipsoid's major axis.

Suppose such an ellipsoid has foci at $F_1 = (-5, -9, -9)$ and $F_2 = (-32, -3, 31)$ and is tangent to the plane given by the equation $-4x - 4y - z = 164$. What is the length of the major axis of this ellipsoid?",55
1985-12::1985_prompt02_s01,"In the land of Graphia, there are 12 cities, and every pair of distinct cities is connected by a direct road. A traveler starts in their home city, let's call it $V$. Each day, the traveler randomly picks one of the roads connected to their current city and travels to the city at the other end of that road. The choice of road is uniform among all possibilities. The traveler's journey lasts for 14 days, meaning they make 14 trips. Let $E$ be the expected number of times the traveler is in their home city $V$ during the entire period, from day 0 (the start) to day 14 (after the 14-th trip). If $E$ is expressed as an irreducible fraction $\frac{A}{B}$, what is the value of $A+B$?",106684770167009
1985-12::1985_prompt02_s02,"In the land of Graphia, there are 5 cities, and every pair of distinct cities is connected by a direct road. A traveler starts in their home city, let's call it $V$. Each day, the traveler randomly picks one of the roads connected to their current city and travels to the city at the other end of that road. The choice of road is uniform among all possibilities. The traveler's journey lasts for 13 days, meaning they make 13 trips. Let $E$ be the expected number of times the traveler is in their home city $V$ during the entire period, from day 0 (the start) to day 13 (after the 13-th trip). If $E$ is expressed as an irreducible fraction $\frac{A}{B}$, what is the value of $A+B$?",74490839
1985-12::1985_prompt02_s03,"In the land of Graphia, there are 7 cities, and every pair of distinct cities is connected by a direct road. A traveler starts in their home city, let's call it $V$. Each day, the traveler randomly picks one of the roads connected to their current city and travels to the city at the other end of that road. The choice of road is uniform among all possibilities. The traveler's journey lasts for 6 days, meaning they make 6 trips. Let $E$ be the expected number of times the traveler is in their home city $V$ during the entire period, from day 0 (the start) to day 6 (after the 6-th trip). If $E$ is expressed as an irreducible fraction $\frac{A}{B}$, what is the value of $A+B$?",21265
1985-12::1985_prompt02_s04,"In the land of Graphia, there are 10 cities, and every pair of distinct cities is connected by a direct road. A traveler starts in their home city, let's call it $V$. Each day, the traveler randomly picks one of the roads connected to their current city and travels to the city at the other end of that road. The choice of road is uniform among all possibilities. The traveler's journey lasts for 5 days, meaning they make 5 trips. Let $E$ be the expected number of times the traveler is in their home city $V$ during the entire period, from day 0 (the start) to day 5 (after the 5-th trip). If $E$ is expressed as an irreducible fraction $\frac{A}{B}$, what is the value of $A+B$?",15812
1985-12::1985_prompt02_s05,"In the land of Graphia, there are 11 cities, and every pair of distinct cities is connected by a direct road. A traveler starts in their home city, let's call it $V$. Each day, the traveler randomly picks one of the roads connected to their current city and travels to the city at the other end of that road. The choice of road is uniform among all possibilities. The traveler's journey lasts for 18 days, meaning they make 18 trips. Let $E$ be the expected number of times the traveler is in their home city $V$ during the entire period, from day 0 (the start) to day 18 (after the 18-th trip). If $E$ is expressed as an irreducible fraction $\frac{A}{B}$, what is the value of $A+B$?",355371900826446281
1985-13::1985_prompt01_s01,"A sequence of numbers $a_1, a_2, a_3, \dots$ is generated by a quadratic polynomial $P(n) = An^2+Bn+C$ with integer coefficients $A, B, C$ and $A \neq 0$. The first three terms of the sequence are $a_1 = -5$, $a_2 = 3$, and $a_3 = 15$. For each positive integer $n$, let $d_n$ be the greatest common divisor of $a_n$ and $a_{n+1}$. Find the maximum possible value of $d_n$ as $n$ ranges through the positive integers.",9
1985-13::1985_prompt01_s02,"A sequence of numbers $a_1, a_2, a_3, \dots$ is generated by a quadratic polynomial $P(n) = An^2+Bn+C$ with integer coefficients $A, B, C$ and $A \neq 0$. The first three terms of the sequence are $a_1 = -5$, $a_2 = -20$, and $a_3 = -47$. For each positive integer $n$, let $d_n$ be the greatest common divisor of $a_n$ and $a_{n+1}$. Find the maximum possible value of $d_n$ as $n$ ranges through the positive integers.",25
1985-13::1985_prompt01_s03,"A sequence of numbers $a_1, a_2, a_3, \dots$ is generated by a quadratic polynomial $P(n) = An^2+Bn+C$ with integer coefficients $A, B, C$ and $A \neq 0$. The first three terms of the sequence are $a_1 = 7$, $a_2 = 5$, and $a_3 = -3$. For each positive integer $n$, let $d_n$ be the greatest common divisor of $a_n$ and $a_{n+1}$. Find the maximum possible value of $d_n$ as $n$ ranges through the positive integers.",19
1985-13::1985_prompt01_s04,"A sequence of numbers $a_1, a_2, a_3, \dots$ is generated by a quadratic polynomial $P(n) = An^2+Bn+C$ with integer coefficients $A, B, C$ and $A \neq 0$. The first three terms of the sequence are $a_1 = -14$, $a_2 = -34$, and $a_3 = -70$. For each positive integer $n$, let $d_n$ be the greatest common divisor of $a_n$ and $a_{n+1}$. Find the maximum possible value of $d_n$ as $n$ ranges through the positive integers.",46
1985-13::1985_prompt01_s05,"A sequence of numbers $a_1, a_2, a_3, \dots$ is generated by a quadratic polynomial $P(n) = An^2+Bn+C$ with integer coefficients $A, B, C$ and $A \neq 0$. The first three terms of the sequence are $a_1 = 7$, $a_2 = -5$, and $a_3 = -31$. For each positive integer $n$, let $d_n$ be the greatest common divisor of $a_n$ and $a_{n+1}$. Find the maximum possible value of $d_n$ as $n$ ranges through the positive integers.",43
1985-14::1985_prompt01_s01,"In a round-robin tournament, players were divided into two groups: a 'low-scoring' group $L$ with 12 players and a 'high-scoring' group $H$ with the rest of the players. It is known that every player in group $L$ had a total score no greater than any player in group $H$. For every player in the tournament (from either group), the points they earned from games against players in group $L$ accounted for exactly one-third of their total score. What was the total number of players in the tournament?",45
1985-14::1985_prompt01_s02,"In a round-robin tournament, players were divided into two groups: a 'low-scoring' group $L$ with 6 players and a 'high-scoring' group $H$ with the rest of the players. It is known that every player in group $L$ had a total score no greater than any player in group $H$. For every player in the tournament (from either group), the points they earned from games against players in group $L$ accounted for exactly one-quarter of their total score. What was the total number of players in the tournament?",33
1985-14::1985_prompt01_s03,"In a round-robin tournament, players were divided into two groups: a 'low-scoring' group $L$ with 6 players and a 'high-scoring' group $H$ with the rest of the players. It is known that every player in group $L$ had a total score no greater than any player in group $H$. For every player in the tournament (from either group), the points they earned from games against players in group $L$ accounted for exactly one-quarter of their total score. What was the total number of players in the tournament?",33
1985-14::1985_prompt01_s04,"In a round-robin tournament, players were divided into two groups: a 'low-scoring' group $L$ with 19 players and a 'high-scoring' group $H$ with the rest of the players. It is known that every player in group $L$ had a total score no greater than any player in group $H$. For every player in the tournament (from either group), the points they earned from games against players in group $L$ accounted for exactly one-fifth of their total score. What was the total number of players in the tournament?",115
1985-14::1985_prompt01_s05,"In a round-robin tournament, players were divided into two groups: a 'low-scoring' group $L$ with 8 players and a 'high-scoring' group $H$ with the rest of the players. It is known that every player in group $L$ had a total score no greater than any player in group $H$. For every player in the tournament (from either group), the points they earned from games against players in group $L$ accounted for exactly two-thirds of their total score. What was the total number of players in the tournament?",15
1985-15::1985_prompt02_s02,"Three identical rhombi, each with side length 8 and with adjacent sides meeting at a 90^\circ angle, are each cut into two pieces, a triangle and a pentagon, by the line segment joining the midpoints of those two adjacent sides. These six pieces are then attached to the sides of a regular hexagon along the cut segments, with triangles and pentagons alternating. The hexagon is a face of the solid, and the pieces are folded so that the three pentagons meet at one vertex and each triangle meets the two neighboring pentagons along its remaining edges, forming a convex polyhedron. What is the volume of this polyhedron?",256
1985-15::1985_prompt02_s03,"Three identical rhombi, each with side length 8 and one interior angle 60°, are each cut into two pieces by the segment joining the midpoints of the two adjacent sides that meet at that 60° angle. Each cut produces an equilateral triangle and a pentagon, and the cut segment has length 4. A regular hexagon of side length 4 has these six pieces attached to its six sides, using the cut segments as the attached edges, with triangles and pentagons alternating around the hexagon; the resulting figure is a net of a convex polyhedron. If the volume of this polyhedron is \(a\sqrt{b}\), where \(a\) and \(b\) are positive integers and \(b\) is squarefree, find \(ab\).",256
1985-15::1985_prompt02_s04,"Three identical rhombi, each with side length 20, are each cut into two pieces by the segment joining the midpoints of two adjacent sides that meet at a right angle. Thus each rhombus is cut into a triangle and a pentagon. These six pieces are attached, each along its cut edge, to the sides of a regular hexagon of side length \(10\sqrt2\), with triangles and pentagons alternating; each pentagon is oriented so that its two sides of length 10 are adjacent to the neighboring triangles. The net is then folded to form a convex polyhedron. What is the volume of this polyhedron?",4000
1985-15::1985_prompt02_s05,"Three identical rhombi, each with side length 14 and with one interior angle 90 degrees, are each cut into two pieces—a triangle and a pentagon—by the segment joining the midpoints of the two adjacent sides that form the 90-degree angle. The six pieces are arranged in a net by attaching the cut edge of each piece to a side of a regular hexagon, with triangles and pentagons alternating around the hexagon. The net is folded so that, at each vertex of the hexagon, the exposed edge of length 7 from the triangle is glued to the exposed edge of length 7 from the adjacent pentagon, and the remaining exposed edges of length 14 of the three pentagons are glued cyclically so that the pentagons meet at one vertex. What is the volume of the resulting convex polyhedron?",1372
1985-15::1985_prompt03_s01,"Three rectangles are used to construct a polyhedron. The first rectangle has dimensions $L_1 \times L_2$, the second $L_2 \times L_3$, and the third $L_3 \times L_1$. Each rectangle is cut into two pieces (a right triangle and a pentagon) by a line segment joining the midpoints of two adjacent sides. These six pieces are then arranged so their cut edges form a hexagonal base, and they are folded up to create a convex polyhedron. The side lengths of the hexagonal base, in order, are $\sqrt{290}, \sqrt{394}, \sqrt{346}, \sqrt{290}, \sqrt{394}, \sqrt{346}$. Find the volume of the polyhedron.",8580
1985-1::1985_prompt01_s01,"A sequence is defined by $x_1 = 20$ and $x_2 = 8$. For $n > 2$, the terms are generated by the rule $x_n x_{n-1} x_{n-2} = 2n + 1$. Compute the product of the first $15$ terms, $P = \prod_{k=1}^{15} x_k$.",1339975
1985-1::1985_prompt01_s02,"A sequence is defined by $x_1 = 10$ and $x_2 = 18$. For $n > 2$, the terms are generated by the rule $x_n x_{n-1} x_{n-2} = 2n$. Compute the product of the first $10$ terms, $P = \prod_{k=1}^{10} x_k$.",22400
1985-1::1985_prompt01_s03,"A sequence is defined by $x_1 = 13$ and $x_2 = 18$. For $n > 2$, the terms are generated by the rule $x_n x_{n-1} x_{n-2} = n + 2$. Compute the product of the first $16$ terms, $P = \prod_{k=1}^{16} x_k$.",2274480
1985-1::1985_prompt01_s04,"A sequence is defined by $x_1 = 9$ and $x_2 = 7$. For $n > 2$, the terms are generated by the rule $x_n x_{n-1} x_{n-2} = n - 2$. Compute the product of the first $10$ terms, $P = \prod_{k=1}^{10} x_k$.",720
1985-1::1985_prompt01_s05,"A sequence is defined by $x_1 = 12$ and $x_2 = 7$. For $n > 2$, the terms are generated by the rule $x_n x_{n-1} x_{n-2} = 3n + 2$. Compute the product of the first $12$ terms, $P = \prod_{k=1}^{12} x_k$.",242440
1985-2::1985_prompt01_s01,A right-angled triangle is revolved about one of its legs to form a cone with volume 2947800$\pi$. The same triangle is revolved about its hypotenuse to form a solid with volume 1387200$\pi$. What is the perimeter of the triangle?,680
1985-2::1985_prompt01_s02,A right-angled triangle is revolved about one of its legs to form a cone with volume 4218240$\pi$. The same triangle is revolved about its hypotenuse to form a solid with volume 1622400$\pi$. What is the perimeter of the triangle?,780
1985-2::1985_prompt01_s03,A right-angled triangle is revolved about one of its legs to form a cone with volume 1757600$\pi$. The same triangle is revolved about its hypotenuse to form a solid with volume 1622400$\pi$. What is the perimeter of the triangle?,780
1985-2::1985_prompt01_s04,A right-angled triangle is revolved about one of its legs to form a cone with volume 2000$\pi$. The same triangle is revolved about its hypotenuse to form a solid with volume 1200$\pi$. What is the perimeter of the triangle?,60
1985-2::1985_prompt01_s05,A right-angled triangle is revolved about one of its legs to form a cone with volume 16000$\pi$. The same triangle is revolved about its hypotenuse to form a solid with volume 9600$\pi$. What is the perimeter of the triangle?,120
1985-3::1985_prompt04_s01,"Let $a, b, c, p$ be positive integers satisfying the equation $c = (a+bi)^3 - 6(p+pi) - 1424i$, where $i^2=-1$. Find the sum of all possible values of $c$ for which $a+b < 19$.",3153
1985-3::1985_prompt04_s02,"Let $a, b, c, p$ be positive integers satisfying the equation $c = (a+bi)^3 - 5(p+pi) - 186i$, where $i^2=-1$. Find the sum of all possible values of $c$ for which $a+b < 16$.",6288
1985-3::1985_prompt04_s03,"Let $a, b, c, p$ be positive integers satisfying the equation $c = (a+bi)^3 - 9(p+pi) - 1953i$, where $i^2=-1$. Find the sum of all possible values of $c$ for which $a+b < 24$.",25612
1985-3::1985_prompt04_s05,"Let $a, b, c, p$ be positive integers satisfying the equation $c = (a+bi)^3 - 5(p+pi) - 24i$, where $i^2=-1$. Find the sum of all possible values of $c$ for which $a+b < 17$.",3970
1985-3::1985_prompt13_s01,"Let $a, b, c$ be positive integers satisfying the equation $c = 2(3a+3bi)^3 - 23274i$, where $i^2=-1$. Find the value of $c$.",91368
1985-4::1985_prompt02_s02,"Let \(S_0\) be a unit square. For \(i=1,2\), square \(S_i\) is constructed inside \(S_{i-1}\) as follows. Label the vertices of \(S_{i-1}\) clockwise by \(A,B,C,D\). Divide each side of \(S_{i-1}\) into \(n_i\) equal parts. Let \(m_1=2\) and \(m_2=3\). Draw segments from \(A\) to the \(m_i\)-th division point of \(\overline{CD}\) counting from \(C\), from \(B\) to the \(m_i\)-th division point of \(\overline{DA}\) counting from \(D\), from \(C\) to the \(m_i\)-th division point of \(\overline{AB}\) counting from \(A\), and from \(D\) to the \(m_i\)-th division point of \(\overline{BC}\) counting from \(B\). These four segments bound a smaller square \(S_i\). Suppose \(n_1\) is a multiple of \(2\), \(n_2\) is a multiple of \(3\), \(n_1>2\), and \(n_2>3\). If the area of \(S_2\) is \(\frac1{305}\), find the sum of all possible values of \(n_1+n_2\).",40
1985-4::1985_prompt02_s03,"Let $S_0$ be a unit square. To construct $S_1$, divide each side of $S_0$ into $n_1$ equal parts, where $n_1$ is a multiple of $3$ and $n_1>3$. From each vertex $V$ of $S_0$, draw a line to the 3rd division point (counting from the vertex opposite $V$) on one of the two sides not adjacent to $V$. Choose the four division points so that the four lines have $90^\circ$ rotational symmetry; these four lines bound a smaller square $S_1$ inside $S_0$. Next, construct $S_2$ inside $S_1$ by the same procedure, except that each side of $S_1$ is divided into $n_2$ equal parts, where $n_2$ is an even integer greater than $2$, and each vertex is joined to the 2nd division point instead of the 3rd. If the area of $S_2$ is $\frac{1}{3625}$, find the sum of all possible values of $n_1+n_2$.",65
1985-4::1985_prompt02_s04,"Let \(S_0\) be a unit square with vertices \(A,B,C,D\) in order. To construct a smaller square inside it, divide each side into \(n\) equal parts. If \(m<n\), let \(P,Q,R,T\) be the \(m\)-th division points on \(CD,DA,AB,BC\), counted from \(C,D,A,B\), respectively, and draw \(AP,BQ,CR,DT\). These four segments bound a smaller square. Construct \(S_1\) from \(S_0\) using \(m_1=1\) and parameter \(n_1>1\). Then construct \(S_2\) from \(S_1\) by the same rule using \(m_2=3\) and parameter \(n_2>3\), where \(n_2\) is a multiple of \(3\). If the area of \(S_2\) is \(\frac{1}{425}\), find the sum of all possible values of \(n_1+n_2\).",36
1985-4::1985_prompt02_s05,"Let $S_0$ be a unit square. Its sides are divided into $n_1$ equal parts. A smaller square, $S_1$, is constructed inside $S_0$ by drawing four lines as follows: if the vertices of $S_0$ are $A,B,C,D$ in order, then draw the lines from $A$ to the 2nd division point of $\overline{CD}$ counting from $C$, from $B$ to the 2nd division point of $\overline{DA}$ counting from $D$, from $C$ to the 2nd division point of $\overline{AB}$ counting from $A$, and from $D$ to the 2nd division point of $\overline{BC}$ counting from $B$. These four lines bound the square $S_1$. The process is then repeated inside $S_1$: each side of $S_1$ is divided into $n_2$ equal parts, and the analogous four lines are drawn using the 5th division point instead of the 2nd, producing a square $S_2$. It is given that $n_1$ is a multiple of $2$, $n_2$ is a multiple of $5$, $n_1>2$, $n_2>5$, and the area of $S_2$ is $\frac1{565}$. Find the sum of all possible values of $n_1+n_2$.",70
1985-4::1985_prompt04_s01,"In a futuristic art installation, a large rectangular canvas with an area of 5330 square meters is prepared. The artist, a mathematician, divides each side of the rectangle into $n$ equal segments. They then draw four straight lines across the canvas according to a specific rule determined by an integer $k$ (where $1 \le k < n$). The rule is as follows: if the vertices of the rectangle are at $(0,0), (L,0), (L,W), (0,W)$, the lines connect:
- $(0,0)$ to $(L(1-k/n), W)$
- $(L,0)$ to $(0, W(1-k/n))$
- $(L,W)$ to $(L(k/n), 0)$
- $(0,W)$ to $(L, W(k/n))$
These lines enclose a central parallelogram-shaped region. The artist paints this region, which is found to have an area of 2 square meters. How many different pairs of positive integers $(n,k)$ could the artist have used, given that the number of segments $n$ cannot exceed 1885?",50
1985-5::1985_prompt01_s01,"A sequence of integers $a_1, a_2, a_3, \ldots$ satisfies the relation $a_n = a_{n-1} - a_{n-2}$ for each $n \ge 3$. A second sequence, $b_n$, is defined for $n \ge 1$ by the sum of 3 consecutive terms of the first sequence, starting at $a_n$:
$$b_n = a_n + a_{n+1} + a_{n+2}.$$ 
Let $S_m$ denote the sum of the first $m$ terms of the sequence $b_n$. Given that $S_{2723} = 4$ and $S_{2816} = -168$, what is the value of $S_{2758}$?",-78
1985-5::1985_prompt01_s02,"A sequence of integers $a_1,a_2,a_3,\ldots$ satisfies the relation $a_n=a_{n-1}-a_{n-2}$ for each $n\ge 3$. A second sequence, $b_n$, is defined for $n\ge 1$ by the sum of 3 consecutive terms of the first sequence, starting at $a_n$:
$$b_n=a_n+a_{n+1}+a_{n+2}.$$
Let $S_m$ denote the sum of the first $m$ terms of the sequence $b_n$. Given that $S_{2582}=146$ and $S_{2157}=192$, what is the value of $S_{1427}$?",46
1985-5::1985_prompt01_s03,"A sequence of integers a_1, a_2, a_3, ... satisfies the relation a_n = a_{n-1} - a_{n-2} for each n ≥ 3. A second sequence, b_n, is defined for n ≥ 1 by the sum of 3 consecutive terms of the first sequence, starting at a_n: b_n = a_n + a_{n+1} + a_{n+2}. Let S_m denote the sum of the first m terms of the sequence b_n. Given that S_1352 = -8 and S_1343 = 16, what is the value of S_2779?",-12
1985-5::1985_prompt01_s04,"A sequence of integers $a_1, a_2, a_3, \ldots$ satisfies the relation $a_n = a_{n-1} - a_{n-2}$ for each $n \ge 3$. A second sequence, $b_n$, is defined for $n \ge 1$ by the sum of 2 consecutive terms of the first sequence, starting at $a_n$:
$$b_n = a_n + a_{n+1}.$$
Let $S_m$ denote the sum of the first $m$ terms of the sequence $b_n$. Given that $S_{1220} = 99$ and $S_{2669} = 39$, what is the value of $S_{2655}$?",138
1985-5::1985_prompt01_s05,"A sequence of integers $a_1, a_2, a_3, \ldots$ satisfies the relation $a_n = a_{n-1} - a_{n-2}$ for each $n \ge 3$. A second sequence $b_n$ is defined for $n \ge 1$ by the sum of 3 consecutive terms of the first sequence, starting at $a_n$:
$$b_n = a_n + a_{n+1} + a_{n+2}.$$
Let $S_m$ denote the sum of the first $m$ terms of the sequence $b_n$. Given that $S_{3003} = 256$ and $S_{2075} = 96$, what is the value of $S_{2686}$?",224
1985-6::1985_prompt03_s04,"In $\triangle ABC$, let $D, E, F$ be points on sides $BC, CA, AB$ respectively, such that cevians $AD, BE, CF$ are concurrent at an interior point $P$. The six small triangles $\triangle APF, \triangle BPF, \triangle BPD, \triangle CPD, \triangle CPE, \triangle APE$ have integer areas. Given that the area of $\triangle BPF$ is $77$, the area of $\triangle BPD$ is $42$, and the ratio of the area of $\triangle CPE$ to the area of $\triangle APF$ is $1:11$, find the total area of $\triangle ABC$.",1932
1985-6::1985_prompt06_s01,"In $\triangle ABC$, an interior point $P$ is chosen such that the cevians from the vertices through $P$ divide the triangle into six smaller triangles, all of which have integer areas. Let $S_A$, $S_B$, and $S_C$ be the areas of $\triangle BPC$, $\triangle CPA$, and $\triangle APB$, respectively. If $S_B = S_C = 90$, what is the minimum possible value for $S_A$?",10
1985-6::1985_prompt06_s02,"In $\triangle ABC$, an interior point $P$ is chosen such that the cevians from the vertices through $P$ divide the triangle into six smaller triangles, all of which have integer areas. Let $S_A$, $S_B$, and $S_C$ be the areas of $\triangle BPC$, $\triangle CPA$, and $\triangle APB$, respectively. If $S_B = S_C = 90$, what is the minimum possible value for $S_A$?",10
1985-6::1985_prompt06_s03,"In $\triangle ABC$, an interior point $P$ is chosen such that the cevians from the vertices through $P$ divide the triangle into six smaller triangles, all of which have integer areas. Let $S_A$, $S_B$, and $S_C$ be the areas of $\triangle BPC$, $\triangle CPA$, and $\triangle APB$, respectively. If $S_B = S_C = 120$, what is the minimum possible value for $S_A$?",24
1985-6::1985_prompt06_s04,"In $\triangle ABC$, an interior point $P$ is chosen such that the cevians from the vertices through $P$ divide the triangle into six smaller triangles, all of which have integer areas. Let $S_A$, $S_B$, and $S_C$ be the areas of $\triangle BPC$, $\triangle CPA$, and $\triangle APB$, respectively. If $S_B = S_C = 144$, what is the minimum possible value for $S_A$?",18
1985-7::1985_prompt02_s01,"Assume that $a$, $b$, $c$, and $d$ are positive integers such that $a^3=b^4$, $c^3=d^4$, and $c-a=1776$. Determine the value of $d-b$.",218
1985-7::1985_prompt02_s02,"Assume that $a$, $b$, $c$, and $d$ are positive integers such that $a^7=b^4$, $c^3=d^4$, and $c-a=9375$. Determine the value of $d-b$.",-77125
1985-7::1985_prompt02_s03,"Assume that $a$, $b$, $c$, and $d$ are positive integers such that $a^5=b^4$, $c^7=d^4$, and $c-a=14016$. Determine the value of $d-b$.",19484046
1985-7::1985_prompt02_s04,"Assume that $a$, $b$, $c$, and $d$ are positive integers such that $a^9=b^4$, $c^{11}=d^4$, and $c-a=4080$. Determine the value of $d-b$.",8589934080
1985-7::1985_prompt02_s05,"Assume that $a$, $b$, $c$ and $d$ are positive integers such that $a^3=b^4$, $c^3=d^4$ and $c-a=2145$. Determine the value of $d-b$.",279
1985-8::1985_prompt02_s01,"In a math contest, 17 students receive scores $a_1, a_2, \dots, a_{17}$. The list of scores is given by: $19.27, 25.77, 41.03, 26.86, 19.30, 35.49, 27.16, 34.07, 25.26, 37.32, 28.79, 37.41, 10.06, 14.54, 22.72, 13.92, 25.58$. The contest committee decides to round each score $a_i$ to an integer $A_i$. For administrative reasons, the sum of the integer scores must be exactly $456$. To ensure fairness, the committee wants to minimize the maximum absolute error, $M = \max_{1\le i \le n} |A_i - a_i|$. What is the value of $100M$ for this minimum possible $M$?",114
1985-8::1985_prompt02_s02,"In a math contest, 10 students receive scores $a_1, a_2, \dots, a_{10}$. The list of scores is given by: $14.48, 47.77, 49.68, 18.59, 19.38, 15.96, 27.53, 12.19, 12.69, 19.89$. The contest committee decides to round each score $a_i$ to an integer $A_i$. For administrative reasons, the sum of the integer scores must be exactly $229$. To ensure fairness, the committee wants to minimize the maximum absolute error, $M = \max_{1\le i \le n} |A_i - a_i|$. What is the value of $100M$ for this minimum possible $M$?",148
1985-8::1985_prompt02_s03,"In a math contest, 13 students receive scores $a_1, a_2, \dots, a_{13}$. The list of scores is given by: $19.024, 17.672, 28.579, 18.272, 10.942, 38.209, 49.093, 45.001, 34.692, 16.830, 25.119, 30.074, 35.324$. The contest committee decides to round each score $a_i$ to an integer $A_i$. For administrative reasons, the sum of the integer scores must be exactly $383$. To ensure fairness, the committee wants to minimize the maximum absolute error, $M = \max_{1\le i \le n} |A_i - a_i|$. What is the value of $1000M$ for this minimum possible $M$?",1676
1985-8::1985_prompt02_s04,"In a math contest, 13 students receive scores $a_1, a_2, \dots, a_{13}$. The list of scores is given by: $36.657, 25.706, 49.787, 23.952, 28.633, 40.786, 45.955, 33.802, 19.255, 31.986, 45.926, 42.966, 31.214$. The contest committee decides to round each score $a_i$ to an integer $A_i$. For administrative reasons, the sum of the integer scores must be exactly $463$. To ensure fairness, the committee wants to minimize the maximum absolute error, $M = \max_{1\le i \le n} |A_i - a_i|$. What is the value of $1000M$ for this minimum possible $M$?",1045
1985-8::1985_prompt02_s05,"In a math contest, 14 students receive scores $a_1, a_2, \dots, a_{14}$. The list of scores is given by: $37.276, 40.635, 45.682, 19.506, 13.476, 36.253, 24.249, 40.627, 31.250, 13.683, 10.815, 25.001, 32.790, 42.073$. The contest committee decides to round each score $a_i$ to an integer $A_i$. For administrative reasons, the sum of the integer scores must be exactly $403$. To ensure fairness, the committee wants to minimize the maximum absolute error, $M = \max_{1\le i \le n} |A_i - a_i|$. What is the value of $1000M$ for this minimum possible $M$?",1250
1985-9::1985_prompt02_s02,"In a circle, three parallel chords of lengths $l_1$, $l_2$, and $l_3$ subtend minor central angles of $\alpha$, $2\alpha$, and $3\alpha$ radians, respectively. Suppose $l_3=\tfrac{13}{5}l_1$. If $\cos\alpha$ is expressed as a fraction in lowest terms, what is the sum of its numerator and denominator?",9
1985-9::1985_prompt02_s05,"In a circle, three parallel chords of lengths $l_1$, $l_2$, and $l_3$ determine central angles of $\alpha$, $2\alpha$, and $3\alpha$ radians, respectively, where $0<\alpha<\frac{\pi}{3}$. Suppose that $l_3=\frac{17}{8}l_1$. If $\cos \alpha$ is expressed as a fraction in lowest terms, what is the sum of its numerator and denominator?",25
1985-9::1985_prompt05_s01,"In a circle, three parallel chords have lengths $l_1 < l_2 < l_3$ that form an arithmetic progression. The chord of length $l_1$ subtends a central angle of $\alpha$, the chord of length $l_2$ subtends a central angle of $\beta$, and the chord of length $l_3$ subtends a central angle of $\alpha+\beta$. The condition $\alpha+\beta < \pi$ is satisfied, and $\cos\alpha$ is a positive rational number. Given that $l_1 = 17$ and $l_2 = 26$, find the sum of the numerator and denominator of $\cos\alpha$ when it is expressed as a fraction in lowest terms.",1922
1985-9::1985_prompt05_s02,"In a circle, three parallel chords have lengths $l_1 < l_2 < l_3$ that form an arithmetic progression. The chord of length $l_1$ subtends a central angle of $\alpha$, the chord of length $l_2$ subtends a central angle of $\beta$, and the chord of length $l_3$ subtends a central angle of $\alpha+\beta$. The condition $\alpha+\beta < \pi$ is satisfied, and $\cos\alpha$ is a positive rational number. Given that $l_1 = 13$ and $l_2 = 18$, find the sum of the numerator and denominator of $\cos\alpha$ when it is expressed as a fraction in lowest terms.",722
1985-9::1985_prompt05_s03,"In a circle, three parallel chords have lengths $l_1 < l_2 < l_3$ that form an arithmetic progression. The chord of length $l_1$ subtends a central angle of $\alpha$, the chord of length $l_2$ subtends a central angle of $\beta$, and the chord of length $l_3$ subtends a central angle of $\alpha+\beta$. The condition $\alpha+\beta < \pi$ is satisfied, and $\cos\alpha$ is a positive rational number. Given that $l_1 = 11$ and $l_2 = 20$, find the sum of the numerator and denominator of $\cos\alpha$ when it is expressed as a fraction in lowest terms.",1568
1986-10::1986_prompt01_s01,"In a game of wits, a wise mathematician from a world that uses base-18 arithmetic challenges you. She considers a 3-digit number $X$ (in base 18) which is formed using 3 distinct digits. The sum of all numbers that can be formed by permuting the digits of $X$, with the exception of $X$ itself, is found to be $N=15906$. To prove your wits, you must determine the original number $X$. What is the value of $X$ when expressed in base 10?",1930
1986-10::1986_prompt01_s02,"In a game of wits, a wise mathematician from a world that uses base-18 arithmetic challenges you. She considers a 3-digit number $X$ (in base 18) which is formed using 3 distinct digits. The sum of all numbers that can be formed by permuting the digits of $X$, with the exception of $X$ itself, is found to be $N=17655$. To prove your wits, you must determine the original number $X$. What is the value of $X$ when expressed in base 10?",2239
1986-10::1986_prompt01_s03,"In a game of wits, a wise mathematician from a world that uses base-12 arithmetic challenges you. She considers a 4-digit number $X$ (in base 12) which is formed using 4 distinct digits. The sum of all numbers that can be formed by permuting the digits of $X$, with the exception of $X$ itself, is found to be $N=228744$. To prove your wits, you must determine the original number $X$. What is the value of $X$ when expressed in base 10?",8766
1986-10::1986_prompt01_s04,"In a game of wits, a wise mathematician from a world that uses base-13 arithmetic challenges you. She considers a 3-digit number $X$ (in base 13) which is formed using 3 distinct digits. The sum of all numbers that can be formed by permuting the digits of $X$, with the exception of $X$ itself, is found to be $N=7267$. To prove your wits, you must determine the original number $X$. What is the value of $X$ when expressed in base 10?",1151
1986-10::1986_prompt01_s05,"In a game of wits, a wise mathematician from a world that uses base-22 arithmetic challenges you. She considers a 4-digit number $X$ (in base 22) which is formed using 4 distinct digits. The sum of all numbers that can be formed by permuting the digits of $X$, with the exception of $X$ itself, is found to be $N=2817996$. To prove your wits, you must determine the original number $X$. What is the value of $X$ when expressed in base 10?",193854
1986-11::1986_prompt01_s01,"Let the polynomial \(P(x)=(1-x+x^2-x^3+\cdots+(-1)^{29}x^{29})^3\). When \(P(x)\) is written in the form \(a_0+a_1y+a_2y^2+\cdots\), where \(y=x+1\), find the value of \(a_2\).",27992250
1986-11::1986_prompt01_s02,"Let the polynomial \(P(x) = (1-x+x^2-x^3+\cdots+(-1)^{19}x^{19})^4\). When \(P(x)\) is written in the form \(a_0+a_1y+a_2y^2+\cdots\), where \(y=x+1\), find the value of \(a_2\).",123120000
1986-11::1986_prompt01_s03,"Let the polynomial $P(x)=(1-x+x^2-x^3+\cdots+(-1)^{13}x^{13})^5$. When $P(x)$ is written in the form $a_0+a_1y+a_2y^2+\cdots$, where $y=x+1$, find the value of $a_2$.",297147760
1986-11::1986_prompt01_s04,"Let the polynomial $P(x)=(1-x+x^2-x^3+\cdots+(-1)^{37}x^{37})^3$. When $P(x)$ is written in the form $a_0+a_1y+a_2y^2+\cdots$, where $y=x+1$, find the value of $a_2$.",92884578
1986-11::1986_prompt01_s05,"Let the polynomial \[P(x)=(1-x+x^2-x^3+\cdots+(-1)^{11}x^{11})^3.\] When \(P(x)\) is written in the form \(a_0+a_1y+a_2y^2+\cdots\), where \(y=x+1\), find the value of \(a_2\).",251856
1986-12::1986_prompt03_s01,Let $A$ be an arithmetic progression of 17 terms with first term 4 and common difference 5. Let $S$ be a subset of $A$ with the property that no two disjoint subsets of $S$ have the same sum. What is the maximum possible sum of the elements in such a set $S$?,369
1986-12::1986_prompt03_s02,Let $A$ be an arithmetic progression of 15 terms with first term 1 and common difference 3. Let $S$ be a subset of $A$ with the property that no two disjoint subsets of $S$ have the same sum. What is the maximum possible sum of the elements in such a set $S$?,177
1986-12::1986_prompt03_s04,Let $A$ be an arithmetic progression of 16 terms with first term 1 and common difference 2. Let $S$ be a subset of $A$ with the property that no two disjoint subsets of $S$ have the same sum. What is the maximum possible sum of the elements in such a set $S$?,132
1986-12::1986_prompt15_s01,"In a vector-sum game, a player chooses a set $S$ of vectors $(x,y)$ where $x$ and $y$ are integers from $1$ to $2$. A chosen set $S$ is valid if for any two disjoint, non-empty subsets of $S$, the sum of the vectors in one subset never equals the sum of the vectors in the other. The score of a valid set is the sum of all the $x$ and $y$ coordinates of its vectors, i.e., $\sum_{(x,y) \in S} (x+y)$. What is the highest possible score a player can achieve?",10
1986-12::1986_prompt15_s02,"In a vector-sum game, a player chooses a set $S$ of vectors $(x,y)$ where $x$ and $y$ are integers from $1$ to $2$. A chosen set $S$ is valid if for any two disjoint, non-empty subsets of $S$, the sum of the vectors in one subset never equals the sum of the vectors in the other. The score of a valid set is the sum of all the $x$ and $y$ coordinates of its vectors, i.e., $\sum_{(x,y) \in S} (x+y)$. What is the highest possible score a player can achieve?",10
1986-13::1986_prompt01_s01,"In a line of 17 students, each student is from one of 4 different schools. For any two schools (not necessarily distinct), say School A and School B, we can count the number of times a student from School A is immediately followed by a student from School B in the line. Let's denote the schools by integers $1, 2, \dots, 4$. We are given that the number of adjacent pairs of a student from School $i$ followed by a student from School $j$ is given by the entry $C_{{ij}}$ of the following matrix $C$:

$C = \begin{{pmatrix}}
3 & 1 & 2 & 1 \\ 1 & 0 & 1 & 0 \\ 3 & 0 & 2 & 0 \\ 1 & 1 & 0 & 0
\end{{pmatrix}}$

How many different sequences of students are possible?",10080
1986-13::1986_prompt01_s02,"In a line of 13 students, each student is from one of 4 different schools. For any two schools (not necessarily distinct), say School A and School B, count the number of times a student from School A is immediately followed by a student from School B in the line. Label the schools by integers $1,2,3,4$, and let $C_{ij}$ denote that count. Suppose

$C=\begin{pmatrix}
0&1&1&0\\
1&2&0&2\\
1&0&1&1\\
0&1&1&0
\end{pmatrix}.$

How many different sequences of school labels are possible?",168
1986-13::1986_prompt01_s03,"In a line of 13 students, each student is from one of 3 different schools. For any two schools (not necessarily distinct), say School A and School B, we count the number of times a student from School A is immediately followed by a student from School B in the line. Denote the schools by integers $1,2,3$. We are given that the number of adjacent pairs of a student from School $i$ followed by a student from School $j$ is the entry $C_{ij}$ of the matrix

$C=\begin{pmatrix}
2 & 1 & 2 \\ 2 & 2 & 0 \\ 1 & 0 & 2
\end{pmatrix}.$

How many different school-label sequences are possible?",108
1986-13::1986_prompt01_s04,"In a line of 12 students, each student is from one of 4 different schools. For any two schools (not necessarily distinct), say School A and School B, we can count the number of times a student from School A is immediately followed by a student from School B in the line. Let's denote the schools by integers $1, 2, \dots, 4$. We are given that the number of adjacent pairs of a student from School $i$ followed by a student from School $j$ is given by the entry $C_{ij}$ of the following matrix $C$:

$C = \begin{pmatrix}
1 & 0 & 1 & 1 \\
0 & 0 & 2 & 0 \\
1 & 3 & 1 & 0 \\
0 & 0 & 1 & 0
\end{pmatrix}$

How many different sequences of students are possible?",48
1986-13::1986_prompt08_s05,"In a math contest, questions are of 10 types: A, B, C, D, E, F, G, H, I, J. A contestant, Alice, attempted a sequence of question types. For any ordered pair of types (X,Y) (where X and Y are not necessarily distinct), let N(X,Y) be the number of times Alice finished a question of type X and immediately started a question of type Y. The complete set of nonzero counts is: N(A,B)=1; N(B,B)=4, N(B,C)=1; N(C,B)=1, N(C,C)=4, N(C,D)=1; N(D,C)=1, N(D,D)=4, N(D,E)=1; N(E,D)=1, N(E,E)=4, N(E,F)=1; N(F,E)=1, N(F,F)=4, N(F,G)=1; N(G,F)=1, N(G,G)=4, N(G,H)=1; N(H,G)=1, N(H,H)=6, N(H,I)=1; N(I,H)=1, N(I,I)=6, N(I,J)=1; N(J,I)=1. All other N(X,Y) are zero. How many different sequences of question types could Alice have attempted?",765625
1986-14::1986_fallback_s01,"In the 1986 AIME, contestants faced: The shortest distances between an interior diagonal of a rectangular parallelepiped , $P$ , and the edges it does not meet are $2\sqrt{5}$ , $\frac{30}{\sqrt{13}}$ , and $\frac{15}{\sqrt{10}}$ . Determine the volume of $P$ .",750
1986-14::1986_fallback_s02,"Rephrased challenge inspired by the 1986 AIME problem: The shortest distances between an interior diagonal of a rectangular parallelepiped , $P$ , and the edges it does not meet are $2\sqrt{5}$ , $\frac{30}{\sqrt{13}}$ , and $\frac{15}{\sqrt{10}}$ . Determine the volume of $P$ .",750
1986-14::1986_fallback_s03,"Consider this AIME-style task: The shortest distances between an interior diagonal of a rectangular parallelepiped , $P$ , and the edges it does not meet are $2\sqrt{5}$ , $\frac{30}{\sqrt{13}}$ , and $\frac{15}{\sqrt{10}}$ . Determine the volume of $P$ .",750
1986-14::1986_fallback_s04,"Alternate wording of the seed problem: The shortest distances between an interior diagonal of a rectangular parallelepiped , $P$ , and the edges it does not meet are $2\sqrt{5}$ , $\frac{30}{\sqrt{13}}$ , and $\frac{15}{\sqrt{10}}$ . Determine the volume of $P$ .",750
1986-14::1986_fallback_s05,"Restatement for clarity: The shortest distances between an interior diagonal of a rectangular parallelepiped , $P$ , and the edges it does not meet are $2\sqrt{5}$ , $\frac{30}{\sqrt{13}}$ , and $\frac{15}{\sqrt{10}}$ . Determine the volume of $P$ .",750
1986-15::1986_prompt04_s01,"Let $\triangle ABC$ be a triangle in the $xy$-plane with a right angle at vertex $C$. The length of the hypotenuse $AB$ is given as $33$. The median from vertex $A$ to side $BC$ lies on the line with equation $2x + 3y - 6 = 0$, and the median from vertex $B$ to side $AC$ lies on the line with equation $x + 3y + 4 = 0$. Determine the area of $\triangle ABC$.",99
1986-15::1986_prompt04_s04,"Let $\triangle ABC$ be a triangle in the $xy$-plane with a right angle at vertex $C$. The length of the hypotenuse $AB$ is given as $90$. The median from vertex $A$ to side $BC$ lies on the line with equation $x - y - 2 = 0$, and the median from vertex $B$ to side $AC$ lies on the line with equation $2x - 3y - 3 = 0$. Determine the area of $\triangle ABC$.",540
1986-15::1986_prompt05_s01,"In a right triangle $ABC$ with the right angle at vertex $C$, the median from vertex $A$ lies on the line with equation $-1x + -1y + 5 = 0$, and the median from vertex $B$ lies on the line $-3x + -1y + -2 = 0$. The length of the hypotenuse $AB$ is $93$. It is known that there are four distinct possible locations for vertex $C$. These four points form the vertices of a quadrilateral. Find the sum of the coordinates of the centroid of this quadrilateral.",5
1986-15::1986_prompt05_s02,"In a right triangle $ABC$ with the right angle at vertex $C$, the median from vertex $A$ lies on the line $-x+y+3=0$, and the median from vertex $B$ lies on the line $4x-y-4=0$. The length of the hypotenuse $AB$ is $36$. It is known that there are four distinct possible locations for vertex $C$; these four points form the vertices of a quadrilateral. Find the sum of the coordinates of the centroid of this quadrilateral, expressed as a decimal rounded to 11 decimal places.",-2.33333333333
1986-15::1986_prompt05_s03,"In a right triangle $ABC$ with the right angle at vertex $C$, the median from vertex $A$ lies on the line with equation $-3x + 1y + -5 = 0$, and the median from vertex $B$ lies on the line $1x + -1y + 4 = 0$. The length of the hypotenuse $AB$ is $21$. It is known that there are four distinct possible locations for vertex $C$. These four points form the vertices of a quadrilateral. Find the sum of the coordinates of the centroid of this quadrilateral.",3
1986-1::1986_prompt01_s01,"Let $n=4$ be a positive even integer. Consider the following system of equations in non-negative real variables $x$ and $y$:
\[
\begin{cases}
\sqrt[n]{x}+\sqrt[n]{y}=6 \\
x+y=272
\end{cases}
\]
Let $S$ be the set of all possible values of $x$. Find the sum of the elements in $S$. If $S$ is empty, the sum is $0$.",272
1986-1::1986_prompt01_s02,"Let $n=4$ be a positive even integer. Consider the following system of equations in nonnegative real variables $x$ and $y$:
\[
\begin{cases}
\sqrt[n]{x}+\sqrt[n]{y}=4,\\
x+y=29.
\end{cases}
\]
Let $S$ be the set of all possible values of $x$. Find the sum of the elements in $S$. If $S$ is empty, the sum is $0$.",0
1986-1::1986_prompt01_s03,"Let \(n=4\) be a positive even integer. Consider the following system of equations in non-negative real variables \(x\) and \(y\):
\[
\begin{cases}
\sqrt[n]{x}+\sqrt[n]{y}=8\\
x+y=2402
\end{cases}
\]
Let \(S\) be the set of all possible values of \(x\). Find the sum of the elements in \(S\). If \(S\) is empty, the sum is 0.",2402
1986-1::1986_prompt01_s04,"Consider the following system of equations in nonnegative real variables $x$ and $y$:
\[
\begin{cases}
\sqrt[4]{x}+\sqrt[4]{y}=10,\\
x+y=2482.
\end{cases}
\]
Let $S$ be the set of all possible values of $x$. Find the sum of the elements of $S$. If $S$ is empty, the sum is $0$.",2482
1986-1::1986_prompt01_s05,"Let $n=4$ be a positive even integer. Consider the following system of equations in nonnegative real variables $x$ and $y$:
\[
\begin{cases}
\sqrt[4]{x}+\sqrt[4]{y}=8,\\
x+y=479.
\end{cases}
\]
Let $S$ be the set of all possible values of $x$. Find the sum of the elements in $S$. If $S$ is empty, the sum is $0$.",0
1986-2::1986_prompt01_s01,"The multiset of the six squared edge lengths of a tetrahedron is given by $\{6,6,12,12,12,12\}$. Let $V$ be the volume of the tetrahedron. Compute the value of $288V^2$.",2592
1986-2::1986_prompt01_s03,"The multiset of the six squared edge lengths of a tetrahedron is \(\{13,13,29,29,34,34\}\), with the equal values occurring on opposite edges. Let \(V\) be the volume of the tetrahedron. Compute \(288V^2\).",28800
1986-2::1986_prompt01_s04,"The multiset of the six squared edge lengths of a tetrahedron is given by $\{33,33,45,45,48,48\}$, with opposite edges having equal lengths. Let $V$ be the volume of the tetrahedron. Compute the value of $288V^2$.",259200
1986-2::1986_prompt01_s05,"The multiset of the six squared edge lengths of a tetrahedron is \(\{6,6,10,10,12,12\}\), with opposite edges having equal lengths. Let \(V\) be the volume of the tetrahedron. Compute \(288V^2\).",2048
1986-2::1986_prompt02_s01,"Let $a, b, c$ be positive real numbers that satisfy the equations:
\begin{align*} a+b+c &= 36 \\ a^2+b^2+c^2 &= 560 \end{align*}
Let the two products $P_H$ and $P_E$ be defined as
\begin{align*} P_H &= (\sqrt{a}+\sqrt{b}+\sqrt{c})(\sqrt{a}+\sqrt{b}-\sqrt{c})(\sqrt{a}-\sqrt{b}+\sqrt{c})(-\sqrt{a}+\sqrt{b}+\sqrt{c}) \\ P_E &= (\sqrt{a}+\sqrt{b}+\sqrt{c})(\sqrt{a}-\sqrt{b}-\sqrt{c})(-\sqrt{a}+\sqrt{b}-\sqrt{c})(-\sqrt{a}-\sqrt{b}+\sqrt{c}) \end{align*}
What is the value of $P_H - P_E$?",352
1986-3::1986_prompt03_s01,"Suppose $x, y,$ and $z$ are real numbers such that $\tan x, \tan y,$ and $\tan z$ are distinct. Given the following relationships:
\[ \sum_{\text{cyc}} \tan x = -5 \]
\[ \sum_{\text{cyc}} \tan^2 x = 15 \]
\[ \sum_{\text{cyc}} \cot x = -5 \]
Find the value of $\tan(x+y+z)$.",1
1986-3::1986_prompt03_s02,"Suppose $x, y,$ and $z$ are real numbers such that $\tan x, \tan y,$ and $\tan z$ are distinct. Given the following relationships:
\[ \sum_{\text{cyc}} \tan x = 5 \]
\[ \sum_{\text{cyc}} \tan^2 x = 17 \]
\[ \sum_{\text{cyc}} \cot x = -4 \]
Find the value of $\tan(x+y+z)$.",-2
1986-3::1986_prompt03_s03,"Suppose $x, y,$ and $z$ are real numbers such that $\tan x, \tan y,$ and $\tan z$ are distinct. Given the following relationships:
\[ \sum_{\text{cyc}} \tan x = 10 \]
\[ \sum_{\text{cyc}} \tan^2 x = 124 \]
\[ \sum_{\text{cyc}} \cot x = 4 \]
Find the value of $\tan(x+y+z)$.",1
1986-3::1986_prompt03_s04,"Suppose $x, y,$ and $z$ are real numbers such that $\tan x, \tan y,$ and $\tan z$ are distinct. Given the following relationships:
\[ \sum_{\text{cyc}} \tan x = -11 \]
\[ \sum_{\text{cyc}} \tan^2 x = 129 \]
\[ \sum_{\text{cyc}} \cot x = -1 \]
Find the value of $\tan(x+y+z)$.",-3
1986-3::1986_prompt03_s05,"Suppose $x, y,$ and $z$ are real numbers such that $\tan x, \tan y,$ and $\tan z$ are distinct. Given the following relationships:
\[ \sum_{\text{cyc}} \tan x = 11 \]
\[ \sum_{\text{cyc}} \tan^2 x = 93 \]
\[ \sum_{\text{cyc}} \cot x = -7 \]
Find the value of $\tan(x+y+z)$.",-1
1986-5::1986_prompt03_s01,"Let $d=2$, $e=2$, $a=8$, $k=24$, $c_1=33$, and $c_2=5$ be fixed integers. We are looking for positive integers $n$ that satisfy the property that $n+k$ divides both $n^d+c_1$ and $(n+a)^e+c_2$. Find the largest such positive integer $n$.",63
1986-5::1986_prompt03_s02,"Let $d=2$, $e=2$, $a=9$, $k=17$, $c_1=26$, and $c_2=6$ be fixed integers. We are looking for positive integers $n$ that satisfy the property that $n+k$ divides both $n^d+c_1$ and $(n+a)^e+c_2$. Find the largest such positive integer $n$.",18
1986-5::1986_prompt03_s03,"Let $d=3$, $e=2$, $a=6$, $k=27$, $c_1=48$, and $c_2=18$ be fixed integers. We are looking for positive integers $n$ that satisfy the property that $n+k$ divides both $n^d+c_1$ and $(n+a)^e+c_2$. Find the largest such positive integer $n$.",24
1986-5::1986_prompt03_s04,"Let $d=2$, $e=3$, $a=4$, $k=25$, $c_1=23$, and $c_2=27$ be fixed integers. We are looking for positive integers $n$ that satisfy the property that $n+k$ divides both $n^d+c_1$ and $(n+a)^e+c_2$. Find the largest such positive integer $n$.",137
1986-5::1986_prompt03_s05,"Let $d=3$, $e=3$, $a=4$, $k=16$, $c_1=46$, and $c_2=3$ be fixed integers. We are looking for positive integers $n$ that satisfy the property that $n+k$ divides both $n^d+c_1$ and $(n+a)^e+c_2$. Find the largest such positive integer $n$.",59
1986-6::1986_prompt02_s01,"The integers from 1 to `n` are written on a board. A calculator is used to find their sum. However, in the process, one integer `p` is added twice, and another integer `q` is omitted from the sum. The incorrect sum displayed by the calculator is 21793. Given that the sum of the two integers involved in the error is `p+q=219`, what is the value of `p`, the integer that was added twice?",138
1986-6::1986_prompt02_s02,"The integers from 1 to `n` are written on a board. A calculator is used to find their sum. However, in the process, one integer `p` is added twice, and another integer `q` is omitted from the sum. The incorrect sum displayed by the calculator is 24464. Given that the sum of the two integers involved in the error is `p+q=226`, what is the value of `p`, the integer that was added twice?",190
1986-6::1986_prompt02_s03,"The integers from 1 to `n` are written on a board. A calculator is used to find their sum. However, in the process, one integer `p` is added twice, and another integer `q` is omitted from the sum. The incorrect sum displayed by the calculator is 19861. Given that the sum of the two integers involved in the error is `p+q=197`, what is the value of `p`, the integer that was added twice?",79
1986-6::1986_prompt02_s04,"The integers from 1 to `n` are written on a board. A calculator is used to find their sum. However, in the process, one integer `p` is added twice, and another integer `q` is omitted from the sum. The incorrect sum displayed by the calculator is 6617. Given that the sum of the two integers involved in the error is `p+q=96`, what is the value of `p`, the integer that was added twice?",79
1986-6::1986_prompt02_s05,"The integers from 1 to `n` are written on a board. A calculator is used to find their sum. However, in the process, one integer `p` is added twice, and another integer `q` is omitted from the sum. The incorrect sum displayed by the calculator is 8547. Given that the sum of the two integers involved in the error is `p+q=133`, what is the value of `p`, the integer that was added twice?",17
1986-7::1986_prompt01_s01,"Let $S$ be the increasing sequence of all positive integers whose base-6 representation consists only of digits from the set $D=\{0,1,3,5\}$. If the integer $775$ is the $N^{\text{th}}$ term of $S$, what is the value of $N$?",169
1986-7::1986_prompt01_s02,"Let $S$ be the increasing sequence of all positive integers whose base-8 representation consists only of digits from the set $D=\{2,3,5\}$. If the integer $234$ is the $N^{\text{th}}$ term of $S$, what is the value of $N$?",28
1986-7::1986_prompt01_s03,"Let $S$ be the increasing sequence of all positive integers whose base-9 representation consists only of digits from the set $D=\{1,2,3,4,5,6,8\}$. If the integer $704$ is the $N^{\text{th}}$ term of $S$, what is the value of $N$?",387
1986-7::1986_prompt01_s04,"Let $S$ be an increasing sequence of all positive integers whose base-10 representation consists only of digits from the set $D=\{1,2,3,4,5,6,8,9\}$. If the integer 839 is the $N^{\mbox{th}}$ term of $S$, what is the value of $N$?",480
1986-7::1986_prompt01_s05,"Let $S$ be the increasing sequence of all positive integers whose base-7 representation consists only of digits from the set $D=\{0,1,4,5\}$. If the integer $1939$ is the $N^{\text{th}}$ term of $S$, what is the value of $N$?",232
1986-8::1986_prompt01_s01,"Let $a=3$ and $m=2$ be integers greater than one. Let $B$ be a product of $m$ distinct prime numbers, and let $N = B^a$. Let $D$ be the set of all positive divisors of $N$. Define the sums $S_1 = \sum_{d \in D} \log_B(d)$ and $S_2 = \sum_{d_1 \in D, d_2 \in D} \log_B(\gcd(d_1, d_2))$. Compute the value of $3 \cdot \frac{S_2}{S_1}$.",28
1986-8::1986_prompt01_s02,"Let $a=4$ and $m=3$ be integers greater than one. Let $B$ be a product of $m$ distinct prime numbers, and let $N = B^a$. Let $D$ be the set of all positive divisors of $N$. Define the sums $S_1 = \sum_{d \in D} \log_B(d)$ and $S_2 = \sum_{d_1 \in D, d_2 \in D} \log_B(\gcd(d_1, d_2))$. Compute the value of $3 \cdot \frac{S_2}{S_1}$.",225
1986-8::1986_prompt01_s03,"Let $a=4$ and $m=4$ be integers greater than one. Let $B$ be a product of $m$ distinct prime numbers, and let $N = B^a$. Let $D$ be the set of all positive divisors of $N$. Define the sums $S_1 = \sum_{d \in D} \log_B(d)$ and $S_2 = \sum_{d_1 \in D, d_2 \in D} \log_B(\gcd(d_1, d_2))$. Compute the value of $3 \cdot \frac{S_2}{S_1}$.",1125
1986-8::1986_prompt01_s04,"Let $a=3$ and $m=5$ be integers greater than one. Let $B$ be a product of $m$ distinct prime numbers, and let $N = B^a$. Let $D$ be the set of all positive divisors of $N$. Define the sums $S_1 = \sum_{d \in D} \log_B(d)$ and $S_2 = \sum_{d_1 \in D, d_2 \in D} \log_B(\gcd(d_1, d_2))$. Compute the value of $3 \cdot \frac{S_2}{S_1}$.",1792
1986-8::1986_prompt01_s05,"Let $a=4$ and $m=3$ be integers greater than one. Let $B$ be a product of $m$ distinct prime numbers, and let $N = B^a$. Let $D$ be the set of all positive divisors of $N$. Define the sums $S_1 = \sum_{d \in D} \log_B(d)$ and $S_2 = \sum_{d_1 \in D, d_2 \in D} \log_B(\gcd(d_1, d_2))$. Compute the value of $3 \cdot \frac{S_2}{S_1}$.",225
1986-9::1986_prompt03_s01,"In $\triangle ABC$, the side lengths are $BC=110$, $AC=132$, and $AB=165$. An interior point $P$ is chosen. Three line segments are drawn through $P$, each parallel to a side of $\triangle ABC$. The lengths of the segments parallel to sides $BC$, $AC$, and $AB$ are in the ratio $2:1:4$, respectively. What is the sum of the lengths of these three segments?",280
1986-9::1986_prompt03_s02,"In $\triangle ABC$, the side lengths are $BC=165$, $AC=297$, and $AB=135$. An interior point $P$ is chosen. Three line segments are drawn through $P$, each parallel to a side of $\triangle ABC$. The lengths of the segments parallel to sides $BC$, $AC$, and $AB$ are in the ratio $4:2:4$, respectively. What is the sum of the lengths of these three segments?",330
1986-9::1986_prompt03_s03,"In $\triangle ABC$, the side lengths are $BC=120$, $AC=200$, and $AB=150$. An interior point $P$ is chosen. Three line segments are drawn through $P$, each parallel to a side of $\triangle ABC$. The lengths of the segments parallel to sides $BC$, $AC$, and $AB$ are in the ratio $1:4:2$, respectively. What is the sum of the lengths of these three segments?",336
1986-9::1986_prompt03_s04,"In $\triangle ABC$, the side lengths are $BC=360$, $AC=315$, and $AB=280$. An interior point $P$ is chosen. Three line segments are drawn through $P$, each parallel to a side of $\triangle ABC$. The lengths of the segments parallel to sides $BC$, $AC$, and $AB$ are in the ratio $4:4:5$, respectively. What is the sum of the lengths of these three segments?",624
1986-9::1986_prompt03_s05,"In $\triangle ABC$, the side lengths are $BC=60$, $AC=84$, and $AB=105$. An interior point $P$ is chosen. Three line segments are drawn through $P$, each parallel to a side of $\triangle ABC$. The lengths of the segments parallel to sides $BC$, $AC$, and $AB$ are in the ratio $1:1:2$, respectively. What is the sum of the lengths of these three segments?",168
1987-10::1987_prompt03_s01,"In a math contest, contestants are faced with a real-world scenario. In a large hotel, there is a long escalator moving upwards.
A team of 2 contestants, all walking at an identical pace, walks up the escalator. They find that together they walked a total of 124 steps.
Another team of 2 contestants, also all walking at an identical pace, walks down the same escalator. This team walks a total of 248 steps.
It is known that the walking speed of each person in the team going down is 2 times the walking speed of each person in the team going up.
Assuming the number of visible steps on the escalator is constant, how many steps would be visible if the escalator were stationary?",93
1987-10::1987_prompt03_s02,"In a math contest, contestants are faced with a real-world scenario. In a large hotel, there is a long escalator moving upwards.
A team of 3 contestants, all walking at an identical pace, walks up the escalator. They find that together they walked a total of 156 steps.
Another team of 2 contestants, also all walking at an identical pace, walks down the same escalator. This team walks a total of 5096 steps.
It is known that the walking speed of each person in the team going down is 3 times the walking speed of each person in the team going up.
Assuming the number of visible steps on the escalator is constant, how many steps would be visible if the escalator were stationary?",196
1987-10::1987_prompt03_s03,"In a math contest, contestants are faced with a real-world scenario. In a large hotel, there is a long escalator moving upwards.
A team of 3 contestants, all walking at an identical pace, walks up the escalator. They find that together they walked a total of 141 steps.
Another team of 2 contestants, also all walking at an identical pace, walks down the same escalator. This team walks a total of 17296 steps.
It is known that the walking speed of each person in the team going down is 4 times the walking speed of each person in the team going up.
Assuming the number of visible steps on the escalator is constant, how many steps would be visible if the escalator were stationary?",230
1987-10::1987_prompt03_s04,"In a math contest, contestants are faced with a real-world scenario. In a large hotel, there is a long escalator moving upwards.
A team of 5 contestants, all walking at an identical pace, walks up the escalator. They find that together they walked a total of 650 steps.
Another team of 4 contestants, also all walking at an identical pace, walks down the same escalator. This team walks a total of 1300 steps.
It is known that the walking speed of each person in the team going down is 4 times the walking speed of each person in the team going up.
Assuming the number of visible steps on the escalator is constant, how many steps would be visible if the escalator were stationary?",250
1987-10::1987_prompt03_s05,"In a math contest, contestants are faced with a real-world scenario. In a large hotel, there is a long escalator moving upwards.
A team of 3 contestants, all walking at an identical pace, walks up the escalator. They find that together they walked a total of 90 steps.
Another team of 5 contestants, also all walking at an identical pace, walks down the same escalator. This team walks a total of 8700 steps.
It is known that the walking speed of each person in the team going down is 2 times the walking speed of each person in the team going up.
Assuming the number of visible steps on the escalator is constant, how many steps would be visible if the escalator were stationary?",87
1987-11::1987_prompt01_s01,"Two number theorists, Alice and Bob, are studying sums of consecutive integers. Alice is investigating the integer N1 = 7^7 · 11^3, and Bob is investigating N2 = 7^3 · 11^7. For a given integer N, let K(N) be the set of all positive integers k such that N can be expressed as the sum of k consecutive positive integers. Alice and Bob each create a list of the elements of K(N1) and K(N2), respectively. Find the largest integer that appears on both of their lists.",41503
1987-11::1987_prompt01_s02,"Two number theorists, Alice and Bob, are studying sums of consecutive integers. Alice is investigating the integer $N_1=3^6\cdot 11^3$, and Bob is investigating $N_2=3^3\cdot 11^6$. For a given integer $N$, let $\mathcal{K}(N)$ be the set of all positive integers $k$ such that $N$ can be expressed as the sum of $k$ consecutive positive integers. Alice and Bob each create a list of the elements of $\mathcal{K}(N_1)$ and $\mathcal{K}(N_2)$, respectively. Find the largest integer that appears on both of their lists.",1331
1987-11::1987_prompt01_s04,"Two number theorists, Alice and Bob, are studying sums of consecutive integers. Alice is investigating the integer $N_1 = 11^{11}\cdot 3$, and Bob is investigating $N_2 = 11^{5}\cdot 3^{13}$. For a given integer $N$, they are interested in the set $\mathcal{K}(N)$, which contains all positive integers $k$ such that $N$ can be expressed as the sum of $k$ consecutive positive integers. Alice and Bob each create a list of the elements of $\mathcal{K}(N_1)$ and $\mathcal{K}(N_2)$, respectively. Find the largest integer that appears on both of their lists.",483153
1987-11::1987_prompt01_s05,"Let K(N) be the set of all positive integers k such that N can be written as the sum of k consecutive positive integers. Alice studies N1 = 11^3 * 3^12, and Bob studies N2 = 11^8 * 3^2. They each list the elements of K(N1) and K(N2), respectively. Find the largest integer that appears on both lists.",23958
1987-11::1987_prompt03_s05,"Let $N$ be the binomial coefficient $\binom{8616291363904}{1}$. A positive integer $k$ is called 'representable' if $N$ can be expressed as the sum of $k$ consecutive positive odd integers. Find the largest representable integer $k$. If no such $k$ exists, the answer is 0.",2935352
1987-12::1987_prompt01_s01,"Let $k=5$ be an odd integer and $K=629$ be an integer, both greater than 2. Find the smallest positive integer $n$ that is a perfect square, for which there exists another perfect square $m$ such that the $k$-th root of $m$ is strictly between $n$ and $n + 1/629$.",49
1987-12::1987_prompt01_s02,"Let $k=5$ be an odd integer and $K=1785$ be an integer, both greater than 2. Find the smallest positive integer $n$ that is a perfect square, for which there exists another perfect square $m$ such that the $k$-th root of $m$ is strictly between $n$ and $n + 1/1785$.",81
1987-12::1987_prompt01_s03,"Let $k=5$ be an odd integer and $K=2488$ be an integer, both greater than 2. Find the smallest positive integer $n$ that is a perfect square, for which there exists another perfect square $m$ such that the $k$-th root of $m$ is strictly between $n$ and $n + 1/2488$.",100
1987-12::1987_prompt01_s04,"Let $k=3$ be an odd integer and $K=137$ be an integer, both greater than 2. Find the smallest positive integer $n$ that is a perfect square, for which there exists another perfect square $m$ such that the $k$-th root of $m$ is strictly between $n$ and $n + 1/137$.",8464
1987-12::1987_prompt01_s05,"Let $k=5$ be an odd integer and $K=2283$ be an integer, both greater than 2. Find the smallest positive integer $n$ that is a perfect square, for which there exists another perfect square $m$ such that the $k$-th root of $m$ is strictly between $n$ and $n + 1/2283$.",100
1987-14::1987_prompt01_s04,"Let $S$ be the value of the expression
\[ S = \frac{3(2^{20}-1)}{2^{15}+2^{10}+2^5+1}. \]
What is the sum of the distinct prime factors of $S$?",34
1987-14::1987_prompt01_s05,"Let \(S\) be the value of the expression
\[
S=\frac{(2^2-1)(3^2-1)\cdots(22^2-1)}{(1\cdot2\cdot3\cdots21)^2}.
\]
What is the sum of the distinct prime factors of \(S\)?",34
1987-14::1987_prompt04_s01,"Let $f(m) = m^4 + 16m^2 + 256$. For the parameters $c=4$, $n=11$, $A=16$, and $B=256$, compute the integer value of the expression: \[
\frac{\prod_{k=1}^11 f(2ck)}{\prod_{k=1}^11 f(c(2k-1))}
\]",507
1987-14::1987_prompt04_s02,"Let $f(m) = m^4 + 25m^2 + 625$. For the parameters $c=5$, $n=7$, $A=25$, and $B=625$, compute the integer value of the expression: \[
\frac{\prod_{k=1}^7 f(2ck)}{\prod_{k=1}^7 f(c(2k-1))}
\]",211
1987-14::1987_prompt04_s03,"Let $f(m) = m^4 + 9m^2 + 81$. For the parameters $c=3$, $n=3$, $A=9$, and $B=81$, compute the integer value of the expression: \[
\frac{\prod_{k=1}^3 f(2ck)}{\prod_{k=1}^3 f(c(2k-1))}
\]",43
1987-15::1987_prompt04_s01,"In a right triangle $ABC$ with hypotenuse $AB$ and right angle at $C$, two squares are inscribed. The first square has a vertex at $C$ and sides along the legs $AC$ and $BC$. The second square has one of its sides on the hypotenuse $AB$. Given that the sum of the lengths of the legs, $AC+BC$, is $2784$ and the area of the second square is $220400$, find the area of the first square.",230400
1987-15::1987_prompt04_s02,"In a right triangle $ABC$ with hypotenuse $AB$ and right angle at $C$, two squares are inscribed. The first square has a vertex at $C$ and sides along the legs $AC$ and $BC$. The second square has one of its sides on the hypotenuse $AB$. Given that the sum of the lengths of the legs, $AC+BC$, is $189$ and the area of the second square is $1620$, find the area of the first square.",1764
1987-15::1987_prompt04_s03,"In a right triangle $ABC$ with hypotenuse $AB$ and right angle at $C$, two squares are inscribed. The first square has a vertex at $C$ and sides along the legs $AC$ and $BC$. The second square has one of its sides on the hypotenuse $AB$. Given that the sum of the lengths of the legs, $AC+BC$, is $952$ and the area of the second square is $26928$, find the area of the first square.",28224
1987-15::1987_prompt04_s04,"In a right triangle $ABC$ with hypotenuse $AB$ and right angle at $C$, two squares are inscribed. The first square has a vertex at $C$ and sides along the legs $AC$ and $BC$. The second square has one of its sides on the hypotenuse $AB$. Given that the sum of the lengths of the legs, $AC+BC$, is $912$ and the area of the second square is $33600$, find the area of the first square.",36100
1987-15::1987_prompt04_s05,"In a right triangle $ABC$ with hypotenuse $AB$ and right angle at $C$, two squares are inscribed. The first square has a vertex at $C$ and sides along the legs $AC$ and $BC$. The second square has one of its sides on the hypotenuse $AB$. Given that the sum of the lengths of the legs, $AC+BC$, is $616$ and the area of the second square is $16128$, find the area of the first square.",17424
1987-1::1987_prompt01_s02,"An ordered 3-tuple of non-negative integers $(m_1, \dots, m_3)$ is called '(10,6)-simple' if two conditions are met. First, for each $i=1, \dots, 3$, all digits in the base-10 representation of $m_i$ must be strictly less than 6. Second, the addition $m_1 + \dots + m_3$ in base-10 requires no carrying. Find the number of (10,6)-simple 3-tuples that sum to 956.",13125
1987-1::1987_prompt01_s03,"An ordered 3-tuple of non-negative integers $(m_1, \dots, m_3)$ is called '(12,10)-simple' if two conditions are met. First, for each $i=1, \dots, 3$, all digits in the base-12 representation of $m_i$ must be strictly less than 10. Second, the addition $m_1 + \dots + m_3$ in base-12 requires no carrying. Find the number of (12,10)-simple 3-tuples that sum to 19881.",106260
1987-1::1987_prompt01_s04,"An ordered 4-tuple of non-negative integers $(m_1, \dots, m_4)$ is called '(12,9)-simple' if two conditions are met. First, for each $i=1, \dots, 4$, all digits in the base-12 representation of $m_i$ must be strictly less than 9. Second, the addition $m_1 + \dots + m_4$ in base-12 requires no carrying. Find the number of (12,9)-simple 4-tuples that sum to 716.",1871100
1987-1::1987_prompt01_s05,"An ordered 3-tuple of non-negative integers $(m_1, \dots, m_3)$ is called '(9,4)-simple' if two conditions are met. First, for each $i=1, \dots, 3$, all digits in the base-9 representation of $m_i$ must be strictly less than 4. Second, the addition $m_1 + \dots + m_3$ in base-9 requires no carrying. Find the number of (9,4)-simple 3-tuples that sum to 2875.",4320
1987-1::1987_prompt06_s01,"An ordered tuple $(n_1, n_2, \dots, n_4)$ of 4 positive integers is called 'simple in base 9' if the sum $n_1 + n_2 + \dots + n_4$ involves no carrying when performed in base 9. Find the number of such tuples that sum to the number whose base 9 representation is $136$.",3692
1987-2::1987_prompt01_s01,"Three spheres, $S_1, S_2,$ and $S_3$, are located in 3-dimensional space.
Sphere $S_1$ has center $C_1=(8, -2, -1)$ and radius $r_1=15$.
Sphere $S_2$ has center $C_2=(8, -32, -17)$ and radius $r_2=5$.
Sphere $S_3$ has center $C_3=(8, -77, -41)$ and radius $r_3=14$.
The spheres are pairwise non-intersecting.
Let $P_1, P_2, P_3$ be points on spheres $S_1, S_2, S_3$ respectively.
What is the maximum possible value of the sum of squared pairwise distances, $|P_1-P_2|^2 + |P_2-P_3|^2 + |P_3-P_1|^2$?",19832
1987-2::1987_prompt01_s02,"Three spheres, $S_1, S_2,$ and $S_3$, are located in 3-dimensional space.
Sphere $S_1$ has center $C_1=(4, 6, 0)$ and radius $r_1=6$.
Sphere $S_2$ has center $C_2=(-6, 11, 10)$ and radius $r_2=2$.
Sphere $S_3$ has center $C_3=(-46, 31, 50)$ and radius $r_3=17$.
The spheres are pairwise non-intersecting.
Let $P_1, P_2, P_3$ be points on spheres $S_1, S_2, S_3$ respectively.
What is the maximum possible value of the sum of squared pairwise distances, $|P_1-P_2|^2 + |P_2-P_3|^2 + |P_3-P_1|^2$?",16206
1987-2::1987_prompt01_s03,"Three spheres, $S_1, S_2,$ and $S_3$, are located in 3-dimensional space.
Sphere $S_1$ has center $C_1=(-10, -4, -3)$ and radius $r_1=7$.
Sphere $S_2$ has center $C_2=(32, -46, 46)$ and radius $r_2=17$.
Sphere $S_3$ has center $C_3=(-52, 38, -52)$ and radius $r_3=20$.
The spheres are pairwise non-intersecting.
Let $P_1, P_2, P_3$ be points on spheres $S_1, S_2, S_3$ respectively.
What is the maximum possible value of the sum of squared pairwise distances, $|P_1-P_2|^2 + |P_2-P_3|^2 + |P_3-P_1|^2$?",54866
1987-2::1987_prompt01_s04,"Three spheres, $S_1, S_2,$ and $S_3$, are located in 3-dimensional space.
Sphere $S_1$ has center $C_1=(8, 10, -1)$ and radius $r_1=1$.
Sphere $S_2$ has center $C_2=(40, 6, -17)$ and radius $r_2=5$.
Sphere $S_3$ has center $C_3=(-8, 12, 7)$ and radius $r_3=6$.
The spheres are pairwise non-intersecting.
Let $P_1, P_2, P_3$ be points on spheres $S_1, S_2, S_3$ respectively.
What is the maximum possible value of the sum of squared pairwise distances, $|P_1-P_2|^2 + |P_2-P_3|^2 + |P_3-P_1|^2$?",6518
1987-2::1987_prompt01_s05,"Three spheres, $S_1, S_2,$ and $S_3$, are located in 3-dimensional space.
Sphere $S_1$ has center $C_1=(2, 0, -10)$ and radius $r_1=4$.
Sphere $S_2$ has center $C_2=(38, 36, 8)$ and radius $r_2=10$.
Sphere $S_3$ has center $C_3=(20, 18, -1)$ and radius $r_3=9$.
The spheres are pairwise non-intersecting.
Let $P_1, P_2, P_3$ be points on spheres $S_1, S_2, S_3$ respectively.
What is the maximum possible value of the sum of squared pairwise distances, $|P_1-P_2|^2 + |P_2-P_3|^2 + |P_3-P_1|^2$?",7224
1987-3::1987_prompt01_s01,"By a proper divisor of a natural number, we mean a positive integral divisor other than 1 and the number itself. A natural number `n > 1` is called `2`-nice if `n^2` is equal to the product of its distinct proper divisors. What is the sum of the first `10` `2`-nice numbers?",364
1987-3::1987_prompt01_s02,"By a proper divisor of a natural number, we mean a positive integral divisor other than 1 and the number itself. A natural number `n > 1` is called `4`-nice if `n^4` is equal to the product of its distinct proper divisors. What is the sum of the first `14` `4`-nice numbers?",4174
1987-3::1987_prompt01_s03,"By a proper divisor of a natural number, we mean a positive integral divisor other than 1 and the number itself. A natural number `n > 1` is called `2`-nice if `n^2` is equal to the product of its distinct proper divisors. What is the sum of the first `9` `2`-nice numbers?",301
1987-3::1987_prompt01_s04,"By a proper divisor of a natural number, we mean a positive integral divisor other than 1 and the number itself. A natural number `n > 1` is called `4`-nice if `n^4` is equal to the product of its distinct proper divisors. What is the sum of the first `11` `4`-nice numbers?",2599
1987-3::1987_prompt01_s05,"By a proper divisor of a natural number, we mean a positive integral divisor other than 1 and the number itself. A natural number `n > 1` is called `4`-nice if `n^4` is equal to the product of its distinct proper divisors. What is the sum of the first `11` `4`-nice numbers?",2599
1987-4::1987_prompt02_s01,"The boundary of a kite-shaped region in the $xy$-plane is described by the equation $10|3x+2y - 858| + 10|2x-3y| = 1|3x+2y|$. For the parameters $p=3, q=2, n=10, m=1, A=858$, what is the area of this region?",1144
1987-4::1987_prompt02_s02,"The boundary of a kite-shaped region in the $xy$-plane is described by the equation $7|5x+12y - 1560| + 7|12x-5y| = 1|5x+12y|$. For the parameters $p=5, q=12, n=7, m=1, A=1560$, what is the area of this region?",600
1987-4::1987_prompt02_s03,"The boundary of a kite-shaped region in the $xy$-plane is described by the equation $4|2x+1y - 90| + 4|1x-2y| = 1|2x+1y|$. For the parameters $p=2, q=1, n=4, m=1, A=90$, what is the area of this region?",216
1987-4::1987_prompt02_s04,"The boundary of a kite-shaped region in the $xy$-plane is described by the equation $6|3x+2y - 455| + 6|2x-3y| = 1|3x+2y|$. For the parameters $p=3, q=2, n=6, m=1, A=455$, what is the area of this region?",910
1987-4::1987_prompt02_s05,"The boundary of a kite-shaped region in the $xy$-plane is described by the equation $7|3x+4y - 660| + 7|4x-3y| = 1|3x+4y|$. For the parameters $p=3, q=4, n=7, m=1, A=660$, what is the area of this region?",726
1987-5::1987_prompt01_s01,Let $x$ and $y$ be integers that satisfy the equation $-48x^2 + $-3y^2 + x^2y^2 = $-192$. Let $S$ be the set of all possible distinct values of $x^2+y^2$. What is the sum of the elements in $S$?,68
1987-5::1987_prompt01_s02,Let $x$ and $y$ be integers that satisfy the equation $-2x^2 + $-2y^2 + x^2y^2 = $120$. Let $S$ be the set of all possible distinct values of $x^2+y^2$. What is the sum of the elements in $S$?,68
1987-5::1987_prompt01_s03,Let $x$ and $y$ be integers that satisfy the equation $1x^2 + $1y^2 + x^2y^2 = $1$. Let $S$ be the set of all possible distinct values of $x^2+y^2$. What is the sum of the elements in $S$?,1
1987-5::1987_prompt01_s04,Let $x$ and $y$ be integers that satisfy the equation $2x^2 + $-19y^2 + x^2y^2 = $8$. Let $S$ be the set of all possible distinct values of $x^2+y^2$. What is the sum of the elements in $S$?,14
1987-5::1987_prompt01_s05,Let $x$ and $y$ be integers that satisfy the equation $4x^2 + $36y^2 + x^2y^2 = $36$. Let $S$ be the set of all possible distinct values of $x^2+y^2$. What is the sum of the elements in $S$?,10
1987-6::1987_prompt03_s01,"A plot of land is in the shape of a right trapezoid ABCD, with right angles at A and D. The leg AD lies on the y-axis, and the bases AB and DC are parallel. The coordinates of the vertices are A(0,a), B(b,a), D(0,0), and C(kb,0) for some constants a,b > 0 and k > 1. A fence represented by a line segment PQ, with P on AD and Q on BC, is parallel to the bases and divides the trapezoid into two regions of equal area. If AB = 7 and PQ = 35, determine the ratio DC/AB of the lengths of the parallel bases.",7
1987-6::1987_prompt03_s02,"A plot of land is in the shape of a right trapezoid $ABCD$, with $\angle A = \angle D = 90^\circ$. The leg $AD$ lies on the y-axis, and the bases $AB$ and $CD$ are parallel. The coordinates of the vertices are $A(0, a)$, $B(b, a)$, $D(0, 0)$, and $C(kb, 0)$ for some constants $a, b > 0$ and $k > 1$. A fence represented by a line segment $PQ$, parallel to the bases, divides the trapezoid into two regions of equal area. If the length of the base $AB$ is $7$ and the length of the fence $PQ$ is $35$, determine the value of the ratio $\frac{CD}{AB}$ of the lengths of the parallel bases.",7
1987-6::1987_prompt03_s03,"A plot of land is in the shape of a right trapezoid $ABCD$, with $\angle A=\angle D=90^\circ$. The side $AD$ lies on the $y$-axis, and the bases $AB$ and $CD$ are parallel. The coordinates of the vertices are $A(0,a)$, $B(b,a)$, $D(0,0)$, and $C(kb,0)$ for some constants $a,b>0$ and $k>1$. A fence represented by a line segment $PQ$, with $P$ on $AD$ and $Q$ on $BC$, is parallel to the bases and divides the trapezoid into two regions of equal area. If the length of the base $AB$ is $112$ and the length of the fence $PQ$ is $272$, determine the value of the ratio $\frac{CD}{AB}$ to 11 decimal places.",3.28571428571
1987-6::1987_prompt03_s04,"A plot of land is in the shape of a right trapezoid $ABCD$, with $\angle A = \angle D = 90^\circ$. The side $AD$ lies on the $y$-axis, and the bases $AB$ and $CD$ are parallel. The coordinates of the vertices are $A(0, a)$, $B(b, a)$, $D(0, 0)$, and $C(kb, 0)$ for some constants $a, b > 0$ and $k > 1$. A fence represented by a line segment $PQ$, parallel to the bases, divides the trapezoid into two regions of equal area. If the length of the base $AB$ is $105$ and the length of the fence $PQ$ is $195$, determine the value of the ratio $\frac{CD}{AB}$ of the lengths of the parallel bases.",17/7
1987-6::1987_prompt03_s05,"A plot of land is in the shape of a right trapezoid $ABCD$, with $\angle A=\angle D=90^\circ$. The leg $AD$ lies on the $y$-axis, and the parallel bases are $AB$ and $CD$. The coordinates of the vertices are $A(0,a)$, $B(b,a)$, $D(0,0)$, and $C(kb,0)$ for some constants $a,b>0$ and $k>1$. A fence represented by a line segment $PQ$, parallel to the bases, divides the trapezoid into two regions of equal area. If the length of base $AB$ is $15$ and the length of the fence $PQ$ is $75$, determine the ratio $\frac{CD}{AB}$ of the lengths of the parallel bases.",7
1987-7::1987_prompt08_s01,"Let $[r,s]$ denote the least common multiple of positive integers $r$ and $s$. Find the number of ordered quadruples $(a,b,c,d)$ of positive integers for which $[a,b] = 9801$, $[b,c] = 1089$, $[c,d] = 29403$, and $[d,a] = 29403$.",85
1987-7::1987_prompt08_s02,"Let $[r,s]$ denote the least common multiple of positive integers $r$ and $s$. Find the number of ordered quadruples $(a,b,c,d)$ of positive integers for which $[a,b] = 112$, $[b,c] = 19208$, $[c,d] = 4802$, and $[d,a] = 38416$.",9
1987-7::1987_prompt08_s03,"Let $[r,s]$ denote the least common multiple of positive integers $r$ and $s$. Find the number of ordered quadruples $(a,b,c,d)$ of positive integers for which $[a,b] = 28125$, $[b,c] = 28125$, $[c,d] = 5625$, and $[d,a] = 1125$.",119
1987-7::1987_prompt08_s05,"Let $[r,s]$ denote the least common multiple of positive integers $r$ and $s$. Find the number of ordered quadruples $(a,b,c,d)$ of positive integers for which $[a,b] = 10000$, $[b,c] = 20000$, $[c,d] = 20000$, and $[d,a] = 40$.",21
1987-7::1987_prompt12_s01,"Let $[r,s]$ denote the least common multiple of positive integers $r$ and $s$. Find the number of ordered quadruples $(a,b,c,d)$ of positive integers for which $[a,b] = 175$, $[b,c] = 8575$, $[c,d] = 8575$, and $[d,a] = 175$.",85
1987-8::1987_prompt02_s03,What is the largest positive integer $n$ for which there is a unique integer $k$ such that $\frac{8}{15}<\frac{n}{n+k}<\frac47$?,16
1987-8::1987_prompt08_s01,"Consider the inequality $\frac{20}{27}<\frac{n}{n+k}<\frac45$. Find the sum of all positive integers $n$ for which there exists a unique integer $k$ satisfying this inequality, and this unique integer $k$ is a prime number.",76
1987-8::1987_prompt10_s01,"Let $a=1, b=26, c=1$ and $d=20$ be positive integers. Find the largest positive integer $n$ for which there exists a unique positive integer $k$ satisfying the inequality $\frac{1}{26} < \frac{k}{n+k^2} < \frac{1}{20}$.",168
1987-8::1987_prompt10_s02,"Let $a=2, b=68, c=1$ and $d=32$ be positive integers. Find the largest positive integer $n$ for which there exists a unique positive integer $k$ satisfying the inequality $\frac{2}{68} < \frac{k}{n+k^2} < \frac{1}{32}$.",288
1987-8::1987_prompt10_s03,"Let $a=2, b=68, c=1$ and $d=24$ be positive integers. Find the largest positive integer $n$ for which there exists a unique positive integer $k$ satisfying the inequality $\frac{2}{68} < \frac{k}{n+k^2} < \frac{1}{24}$.",288
1987-9::1987_prompt01_s02,"In triangle $ABC$, the angle at vertex $B$ is a right angle. A point $P$ lies inside the triangle such that $PA=20$ and $PB=12$. Let $\alpha=\angle APB$ and $\beta=\angle BPC$. Given that $\tan\left(\frac{\alpha}{2}\right)=\frac{3}{2}$ and $\tan\left(\frac{\beta}{2}\right)=2$, find the distance $PC$.",80
1987-9::1987_prompt01_s03,"In triangle $ABC$, the angle at vertex $B$ is a right angle. A point $P$ lies inside the triangle such that $PA=20$ and $PB=12$. Let $\alpha=\angle APB$ and $\beta=\angle BPC$. Given that $\tan\left(\frac{\alpha}{2}\right)=2$ and $\tan\left(\frac{\beta}{2}\right)=\frac{3}{2}$, find the distance $PC$.",52
1987-9::1987_prompt01_s04,"In triangle $ABC$, the angle at vertex $B$ is a right angle. A point $P$ lies inside the triangle such that $PA=10$ and $PB=6$. Let $\alpha=\angle APB$ and $\beta=\angle BPC$. Given that $\tan\left(\frac{\alpha}{2}\right)=2$ and $\tan\left(\frac{\beta}{2}\right)=\frac{3}{2}$, find the distance $PC$.",26
1987-9::1987_prompt01_s05,"In triangle $ABC$, the angle at vertex $B$ is a right angle. A point $P$ lies inside the triangle such that $PA=5$ and $PB=3$. Let $\alpha=\angle APB$ and $\beta=\angle BPC$. Given that $\tan\left(\frac{\alpha}{2}\right)=\frac{3}{2}$ and $\tan\left(\frac{\beta}{2}\right)=2$, find the distance $PC$.",20
1987-9::1987_prompt02_s01,"In triangle $ABC$, the angle at vertex $B$ is a right angle. A point $P$ is located inside $\triangle ABC$ such that $PA = 9$ and $PB = 8$. The angles $\angle APB$ and $\angle BPC$ are both obtuse, with known cosines: $\cos(\angle APB) = -3/5$ and $\cos(\angle BPC) = -8/17$. Find the length of $PC$.",2278
1988-10::1988_prompt03_s01,"A convex polyhedron is composed of regular polygons. At each vertex, one triangle and two octagons meet. The polyhedron has exactly 8 faces that are regular triangles. How many sets of three distinct vertices of this polyhedron form a triangle whose plane is not the plane of one of the polyhedron's faces?",1680
1988-10::1988_prompt03_s02,"A convex polyhedron is composed of regular polygons. At each vertex, one square and two hexagons meet. The polyhedron has exactly 8 faces that are regular hexagons. How many sets of three distinct vertices of this polyhedron form a triangle whose plane is not the plane of one of the polyhedron's faces?",1840
1988-10::1988_prompt03_s03,"A convex polyhedron is composed of regular polygons. At each vertex, one square and two hexagons meet. The polyhedron has exactly 8 faces that are regular hexagons. How many sets of three distinct vertices of this polyhedron form a triangle whose plane is not the plane of one of the polyhedron's faces?",1840
1988-10::1988_prompt03_s04,"A convex polyhedron is composed of regular polygons. At each vertex, two triangles and two pentagons meet. The polyhedron has exactly 12 faces that are regular pentagons. How many sets of three distinct vertices of this polyhedron form a triangle whose plane is not the plane of one of the polyhedron's faces?",3920
1988-10::1988_prompt03_s05,"A convex polyhedron is composed of regular polygons. At each vertex, one triangle and two hexagons meet. The polyhedron has exactly 4 faces that are regular hexagons. How many sets of three distinct vertices of this polyhedron form a triangle whose plane is not the plane of one of the polyhedron's faces?",136
1988-13::1988_prompt02_s02,Let $a$ and $b$ be integers such that the polynomial $x^2-3x-1$ is a factor of the polynomial $ax^6+bx^4-5$. Find the value of $a$.,-55
1988-13::1988_prompt02_s05,Let $a$ and $b$ be integers such that the polynomial $x^2-x-1$ is a factor of the polynomial $ax^{10}+bx^8-4$. Find the value of $a$.,-84
1988-13::1988_prompt04_s01,Let $a$ and $b$ be integers. The polynomial $x^2 - 4x - 1$ is a factor of the polynomial $P(x) = ax^6 + bx^9 + 3$. Find the value of $a$.,-17331
1988-13::1988_prompt04_s02,Let $a$ and $b$ be integers. The polynomial $x^2 - 3x - 1$ is a factor of the polynomial $P(x) = ax^12 + bx^8 + 4$. Find the value of $a$.,476
1988-13::1988_prompt04_s03,Let $a$ and $b$ be integers. The polynomial $x^2 - 1x - 1$ is a factor of the polynomial $P(x) = ax^9 + bx^12 + -3$. Find the value of $a$.,-216
1988-14::1988_prompt05_s01,"Let $C$ be the graph of the equation $xy = k$ for some constant $k$. The curve $C$ is reflected in the line $y = -3x + 3$ to obtain a new curve $C^*$. The equation of $C^*$ is found to be of the form $$12x^2 + bxy - 12y^2 + dx + ey + -23 = 0,$$ where $b, d, e$ are some constants. Find the value of $k+b+d+e$.",-17
1988-14::1988_prompt05_s02,"Let $C$ be the graph of the equation $xy = k$ for some constant $k$. The curve $C$ is reflected in the line $y = 2x + -2$ to obtain a new curve $C^*$. The equation of $C^*$ is found to be of the form $$24x^2 + bxy - 24y^2 + dx + ey + 114 = 0,$$ where $b, d, e$ are some constants. Find the value of $k+b+d+e$.",-117
1988-14::1988_prompt05_s03,"Let $C$ be the graph of the equation $xy = k$ for some constant $k$. The curve $C$ is reflected in the line $y = -2x + 1$ to obtain a new curve $C^*$. The equation of $C^*$ is found to be of the form $$-12x^2 + bxy - -12y^2 + dx + ey + -33 = 0,$$ where $b, d, e$ are some constants. Find the value of $k+b+d+e$.",10
1988-14::1988_prompt05_s04,"Let $C$ be the graph of the equation $xy = k$ for some constant $k$. The curve $C$ is reflected in the line $y = -2x + -1$ to obtain a new curve $C^*$. The equation of $C^*$ is found to be of the form $$24x^2 + bxy - 24y^2 + dx + ey + -134 = 0,$$ where $b, d, e$ are some constants. Find the value of $k+b+d+e$.",53
1988-14::1988_prompt05_s05,"Let $C$ be the graph of the equation $xy = k$ for some constant $k$. The curve $C$ is reflected in the line $y = 3x + -1$ to obtain a new curve $C^*$. The equation of $C^*$ is found to be of the form $$12x^2 + bxy - 12y^2 + dx + ey + 128 = 0,$$ where $b, d, e$ are some constants. Find the value of $k+b+d+e$.",-10
1988-15::1988_prompt01_s01,"In an office at various times during the day, the boss gives the secretary a letter to type, each time putting the letter on top of the pile in the secretary's in-box. When there is time, the secretary takes the top letter off the pile and types it. There are 13 letters to be typed during the day, and the boss delivers them in the order 1, 2, ..., 13. While leaving for lunch, the secretary tells a colleague that letters 8, 9, 10, 12, and 13 have already been typed, but says nothing else about the morning's typing. The colleague wonders which of the 13 letters remain to be typed after lunch and in what order they will be typed. Based upon the above information, how many such after-lunch typing orders are possible? (That there are no letters left to be typed is one of the possibilities.)",256
1988-15::1988_prompt01_s02,"In an office at various times during the day, the boss gives the secretary a letter to type, each time putting the letter on top of the pile in the secretary's in-box. When there is time, the secretary takes the top letter off the pile and types it. There are 12 letters to be typed during the day, and the boss delivers them in the order 1, 2, ..., 12. While leaving for lunch, the secretary tells a colleague that letters 4, 6, 7, 8, and 9 have already been typed, but says nothing else about the morning's typing. The colleague wonders which of the 12 letters remain to be typed after lunch and in what order they will be typed. Based upon the above information, how many such after-lunch typing orders are possible? (That there are no letters left to be typed is one of the possibilities.)",824
1988-15::1988_prompt01_s03,"In an office at various times during the day, the boss gives the secretary a letter to type, each time putting the letter on top of the pile in the secretary's in-box. When there is time, the secretary takes the top letter off the pile and types it. There are 11 letters to be typed during the day, and the boss delivers them in the order 1, 2, ..., 11. While leaving for lunch, the secretary tells a colleague that letters 2, 3, 9, 10, and 11 have already been typed, but says nothing else about the morning's typing. The colleague wonders which of the 11 letters remain to be typed after lunch and in what order they will be typed. Based upon the above information, how many such after-lunch typing orders are possible? (That there are no letters left to be typed is one of the possibilities.)",64
1988-15::1988_prompt01_s04,"In an office at various times during the day, the boss gives the secretary a letter to type, each time putting the letter on top of the pile in the secretary's in-box. When there is time, the secretary takes the top letter off the pile and types it. There are 12 letters to be typed during the day, and the boss delivers them in the order 1, 2, ..., 12. While leaving for lunch, the secretary tells a colleague that letters 2, 4, 5, and 10 have already been typed, but says nothing else about the morning's typing. The colleague wonders which of the 12 letters remain to be typed after lunch and in what order they will be typed. Based upon the above information, how many such after-lunch typing orders are possible? (That there are no letters left to be typed is one of the possibilities.)",1328
1988-15::1988_prompt04_s02,"In an office at various times during the day, the boss gives the secretary a letter to type, each time putting the letter on top of the pile in the secretary's in-box. When there is time, the secretary takes the top letter off the pile and types it. There are 16 letters to be typed during the day, and the boss delivers them in the order 1, 2, ..., 16.

While leaving for lunch, the secretary tells a colleague that a total of 6 letters have already been typed. These six letters are 10, 11, 12, 13, together with one letter from {1,2,3,4} and one letter from {5,6,7,8}.

The colleague wonders which letters remain to be typed after lunch and in what order they will be typed. Based upon the above information, how many such after-lunch typing orders are possible?",3328
1988-2::1988_prompt01_s01,"An eccentric mathematician devises a sequence starting with a positive integer $a_0 = 100$. To get the next term, $a_{n+1}$, from $a_n$, she first computes a weighted sum of the digits of $a_n$. Let the decimal representation of $a_n$ be $d_k d_{k-1} \dots d_1 d_0$. The weighted sum is $S = \sum_{i=0}^k w_i d_i$, where the weights $w_i$ for the digit in position $i$ (with $i=0$ for the units digit) are given by the repeating sequence $3, 1$. Then, $a_{n+1}$ is defined as $S^2$. Find $a_2040$.",1681
1988-2::1988_prompt01_s02,"An eccentric mathematician devises a sequence starting with a positive integer $a_0 = 11$. To get the next term, $a_{n+1}$, from $a_n$, she first computes a weighted sum of the digits of $a_n$. Let the decimal representation of $a_n$ be $d_k d_{k-1} \dots d_1 d_0$. The weighted sum is $S = \sum_{i=0}^k w_i d_i$, where the weights $w_i$ for the digit in position $i$ (with $i=0$ for the units digit) are given by the repeating sequence $1, 2$. Then, $a_{n+1}$ is defined as $S^2$. Find $a_2064$.",625
1988-2::1988_prompt01_s03,"An eccentric mathematician devises a sequence starting with a positive integer $a_0 = 61$. To get the next term, $a_{n+1}$, from $a_n$, she first computes a weighted sum of the digits of $a_n$. Let the decimal representation of $a_n$ be $d_k d_{k-1} \dots d_1 d_0$. The weighted sum is $S = \sum_{i=0}^k w_i d_i$, where the weights $w_i$ for the digit in position $i$ (with $i=0$ for the units digit) are given by the repeating sequence $1, 2, 4$. Then, $a_{n+1}$ is defined as $S^2$. Find $a_2032$.",676
1988-2::1988_prompt01_s04,"An eccentric mathematician devises a sequence starting with a positive integer $a_0 = 15$. To get the next term, $a_{n+1}$, from $a_n$, she first computes a weighted sum of the digits of $a_n$. Let the decimal representation of $a_n$ be $d_k d_{k-1} \dots d_1 d_0$. The weighted sum is $S = \sum_{i=0}^k w_i d_i$, where the weights $w_i$ for the digit in position $i$ (with $i=0$ for the units digit) are given by the repeating sequence $1, 2$. Then, $a_{n+1}$ is defined as $S^3$. Find $a_2043$.",12167
1988-2::1988_prompt01_s05,"An eccentric mathematician devises a sequence starting with a positive integer $a_0 = 37$. To get the next term, $a_{n+1}$, from $a_n$, she first computes a weighted sum of the digits of $a_n$. Let the decimal representation of $a_n$ be $d_k d_{k-1} \dots d_1 d_0$. The weighted sum is $S = \sum_{i=0}^k w_i d_i$, where the weights $w_i$ for the digit in position $i$ (with $i=0$ for the units digit) are given by the repeating sequence $3, 1$. Then, $a_{n+1}$ is defined as $S^2$. Find $a_2077$.",2500
1988-3::1988_prompt01_s01,Let $x$ be a real number satisfying the equation $5 \log_3(\log_9 x) = 2 \log_9(\log_3 x)$. Find the value of $(\log_3 x)^8$.,1024
1988-3::1988_prompt01_s02,Let $x$ be a real number satisfying the equation $2 \log_2(\log_4 x) = 1 \log_4(\log_2 x)$. Find the value of $(\log_2 x)^3$.,16
1988-3::1988_prompt01_s03,Let $x$ be a real number satisfying the equation $5 \log_3(\log_9 x) = 7 \log_9(\log_3 x)$. Find the value of $(\log_3 x)^3$.,1024
1988-3::1988_prompt01_s04,Let $x$ be a real number satisfying the equation $2 \log_3(\log_9 x) = 3 \log_9(\log_3 x)$. Find the value of $(\log_3 x)^1$.,16
1988-3::1988_prompt01_s05,Let $x$ be a real number satisfying the equation $2 \log_2(\log_4 x) = 1 \log_4(\log_2 x)$. Find the value of $(\log_2 x)^3$.,16
1988-5::1988_prompt01_s03,"Let $N=2^{37}\cdot 3^{37}\cdot 5^{38}$. A positive divisor of $N$ is chosen uniformly at random. Let this divisor be $d$. Let $M_1=2^{21}\cdot 3^{27}\cdot 5^{38}$ and $M_2=2^{27}\cdot 3^{38}\cdot 5^{21}$, where $21<27<38$. The probability that $d$ is a multiple of $M_1$ or $M_2$ is $\frac{m}{n}$, where $m$ and $n$ are coprime positive integers. Find $m+n$.",56503
1988-5::1988_prompt01_s04,"Let $N = 2^4 \cdot 3^5 \cdot 5^{461357}$. A positive divisor of $N$ is chosen uniformly at random. Let this divisor be $d$. Let $M_1 = 2^1 \cdot 3^2 \cdot 5^3$ and $M_2 = 2^2 \cdot 3^3 \cdot 5^1$. The probability that $d$ is a multiple of $M_1$ or $M_2$ is $\frac{m}{n}$, where $m$ and $n$ are coprime positive integers. Find $m+n$.",3537073
1988-5::1988_prompt02_s01,Let $B = 44$ and $N = B^25$. A positive divisor of $N$ is chosen uniformly at random. The probability that this divisor is a multiple of $B^10$ and is also a perfect 7th power can be expressed as a fraction $\frac{m}{n}$ in lowest terms. What is the value of $m+n$?,668
1988-5::1988_prompt02_s02,Let $B = 75$ and $N = B^19$. A positive divisor of $N$ is chosen uniformly at random. The probability that this divisor is a multiple of $B^8$ and is also a perfect 7th power can be expressed as a fraction $\frac{m}{n}$ in lowest terms. What is the value of $m+n$?,261
1988-5::1988_prompt02_s03,Let $B = 484$ and $N = B^15$. A positive divisor of $N$ is chosen uniformly at random. The probability that this divisor is a multiple of $B^12$ and is also a perfect square can be expressed as a fraction $\frac{m}{n}$ in lowest terms. What is the value of $m+n$?,977
1988-7::1988_prompt04_s01,"In triangle $ABC$, the tangent of angle $CAB$ is given by $\tan(\angle CAB)=\frac{8}{11}$. The foot of the altitude from vertex $A$ to the line containing side $BC$ is a point $D$, and $D$ lies outside segment $BC$. The distances from $D$ to vertices $B$ and $C$ are $5$ and $21$, respectively. Find the sum of all possible values for the area of triangle $ABC$.",176
1988-7::1988_prompt04_s02,"In triangle $ABC$, let $D$ be the foot of the altitude from vertex $A$ to the line containing side $BC$, and suppose that $D$ lies outside segment $BC$. If $BD=9$, $CD=19$, and $\tan(\angle CAB)=\tfrac16$, find the sum of all possible values for the area of triangle $ABC$.",300
1988-7::1988_prompt04_s03,"In triangle $ABC$, the tangent of angle $CAB$ is given by $\tan(\angle CAB)=\tfrac14$. The foot of the altitude from vertex $A$ to the line containing side $BC$ is a point $D$, and $D$ lies outside segment $BC$. The distances from $D$ to vertices $B$ and $C$ are $3$ and $13$, respectively. Find the sum of all possible values for the area of triangle $ABC$.",200
1988-7::1988_prompt06_s01,"In a triangle $ABC$, the altitude from vertex $A$ meets the line containing side $BC$ at a point $D$. The lengths of the segments $BD$ and $CD$ form the set $\{120,289\}$. It is also known that one of the base angles of the triangle, $\angle ABC$ or $\angle ACB$, is twice the other. Find the sum of all possible values for the area of triangle $ABC$.",57375
1988-7::1988_prompt06_s02,"In a triangle $ABC$, the altitude from vertex $A$ meets the line containing side $BC$ at a point $D$. The lengths of the segments $BD$ and $CD$ form the set $\{420,841\}$. It is also known that one of the base angles of the triangle, $\angle ABC$ or $\angle ACB$, is twice the other. Find the sum of all possible values for the area of triangle $ABC$.",268569
1988-8::1988_prompt02_s01,"A function f, defined on the set of ordered pairs of positive integers, is known to satisfy the following five properties:
(i) If n_1 and n_2 are coprime positive integers, then f(n_1n_2, n_1n_2) = f(n_1, n_1)f(n_2, n_2).
(ii) For any prime p, f(p, p) = p-1.
(iii) For any prime p and any integer m > 1, f(p^m, p^m) = p\,f(p^{m-1}, p^{m-1}).
(iv) f(x, y) = f(y, x) for all positive integers x and y.
(v) (x+y)f(x, y) = y\,f(x, x+y) for all positive integers x and y.
What is the value of f(520, 624)?",1440
1988-8::1988_prompt02_s03,"A function f, defined on the set of ordered pairs of positive integers, is known to satisfy five properties for the positive integer k=1:
(i) For any two coprime integers n_1 and n_2, f(n_1 n_2, n_1 n_2) = f(n_1, n_1) f(n_2, n_2).
(ii) For any prime number p, f(p, p) = p-1.
(iii) For any prime number p and any integer m > 1, f(p^m, p^m) = p \cdot f(p^{m-1}, p^{m-1}).
(iv) f(x, y) = f(y, x) for all positive integers x, y.
(v) (x+y)f(x, y) = y f(x, x+y) for all positive integers x, y.
What is the value of f(693, 990)?",4200
1988-8::1988_prompt02_s04,"A function \(f\), defined on the set of ordered pairs of positive integers, is known to satisfy the following five properties:

(i) For any two coprime positive integers \(n_1\) and \(n_2\),
\[f(n_1n_2,n_1n_2)=f(n_1,n_1)f(n_2,n_2).\]

(ii) For any prime number \(p\),
\[f(p,p)=p-1.\]

(iii) For any prime number \(p\) and any integer \(m>1\),
\[f(p^m,p^m)=p\,f(p^{m-1},p^{m-1}).\]

(iv) For all positive integers \(x,y\),
\[f(x,y)=f(y,x).\]

(v) For all positive integers \(x,y\),
\[(x+y)f(x,y)=y\,f(x,x+y).\]

What is the value of \(f(78,130)\)?",180
1988-8::1988_prompt02_s05,"A function $f$, defined on the set of ordered pairs of positive integers, is known to satisfy five properties:
(i) For any two coprime integers $n_1$ and $n_2$, $f(n_1n_2,n_1n_2)=f(n_1,n_1)f(n_2,n_2)$.
(ii) For any prime number $p$, $f(p,p)=p-1$.
(iii) For any prime number $p$ and any integer $m>1$, $f(p^m,p^m)=p\,f(p^{m-1},p^{m-1})$.
(iv) $f(x,y)=f(y,x)$ for all positive integers $x,y$.
(v) $(x+y)f(x,y)=y\,f(x,x+y)$ for all positive integers $x,y$.
What is the value of $f(15125,27225)$?",99000
1988-8::1988_prompt05_s01,"A function $f$ is defined on the set of ordered pairs of positive integers and depends on two fixed integer parameters, $m$ and $k$. The function must satisfy the following three properties:
\begin{itemize}
    \item $f(x, x) = x^k$ for all positive integers $x$.
    \item $f(x, y) = f(y, x)$ for all positive integers $x, y$.
    \item $(x+y)^m f(x, y) = y^m f(x, x+y)$ for all positive integers $x, y$.
\end{itemize}
For $m = 3$ and $k = 4$, compute the value of $f(6, 15)$.",81000
1988-9::1988_prompt01_s01,"Let k=5, d=3, b=35, and Y=11024 be positive integers. Find the 35-th smallest positive integer n that satisfies the congruence n^5 \equiv Y \pmod{35^3}.",293754
1988-9::1988_prompt01_s02,"Let k=5, d=3, b=35, and Y=21368 be positive integers. Find the 47-th smallest positive integer n that satisfies the congruence n^5 \equiv Y \pmod{35^3}.",400878
1988-9::1988_prompt01_s03,"Let k=3, d=4, b=15, and Y=4058 be positive integers. Find the 43-th smallest positive integer n that satisfies the congruence n^3 \equiv Y \pmod{15^4}.",717527
1988-9::1988_prompt01_s04,"Let k=5, d=4, b=35, and Y=1048993 be positive integers. Find the 35-th smallest positive integer n that satisfies the congruence n^5 \equiv Y \pmod{35^4}.",10266628
1988-9::1988_prompt01_s05,"Let k=5, d=3, b=35, and Y=31149 be positive integers. Find the 12-th smallest positive integer n that satisfies the congruence n^5 \equiv Y \pmod{35^3}.",96879
1989-11::1989_prompt01_s01,"A set of 68 scores, each an integer between 1 and 873 inclusive, is collected from a programming contest. The set of scores is found to have exactly 5 modes, which are all distinct. Let $\bar{M}$ be the arithmetic mean of the 5 modes, and let $\bar{x}$ be the arithmetic mean of all 68 scores. Let $D$ be the absolute difference between $\bar{M}$ and $\bar{x}$. What is the largest possible value of $\lfloor D \rfloor$?",717
1989-11::1989_prompt01_s02,"A set of 52 scores, each an integer between 1 and 1584 inclusive, is collected from a programming contest. The set of scores is found to have exactly 3 modes, which are all distinct. Let $\bar{M}$ be the arithmetic mean of the 3 modes, and let $\bar{x}$ be the arithmetic mean of all 52 scores. Let $D$ be the absolute difference between $\bar{M}$ and $\bar{x}$. What is the largest possible value of $\lfloor D \rfloor$?",1379
1989-11::1989_prompt01_s03,"A set of 63 scores, each an integer between 1 and 1297 inclusive, is collected from a programming contest. The set of scores is found to have exactly 2 modes, which are all distinct. Let $\bar{M}$ be the arithmetic mean of the 2 modes, and let $\bar{x}$ be the arithmetic mean of all 63 scores. Let $D$ be the absolute difference between $\bar{M}$ and $\bar{x}$. What is the largest possible value of $\lfloor D \rfloor$?",1186
1989-11::1989_prompt01_s04,"A set of 76 scores, each an integer between 1 and 1440 inclusive, is collected from a programming contest. The set of scores is found to have exactly 3 modes, which are all distinct. Let $\bar{M}$ be the arithmetic mean of the 3 modes, and let $\bar{x}$ be the arithmetic mean of all 76 scores. Let $D$ be the absolute difference between $\bar{M}$ and $\bar{x}$. What is the largest possible value of $\lfloor D \rfloor$?",1292
1989-11::1989_prompt01_s05,"A set of 89 scores, each an integer between 1 and 1374 inclusive, is collected from a programming contest. The set of scores is found to have exactly 2 modes, which are all distinct. Let $\bar{M}$ be the arithmetic mean of the 2 modes, and let $\bar{x}$ be the arithmetic mean of all 89 scores. Let $D$ be the absolute difference between $\bar{M}$ and $\bar{x}$. What is the largest possible value of $\lfloor D \rfloor$?",1270
1989-13::1989_prompt03_s01,"A kingdom has 682 citizens, numbered consecutively from 1 to 682. The king wishes to select the largest possible group of citizens to form a council. However, ancient rivalries forbid the selection of any two citizens whose numbers differ by exactly 15 or 21. What is the maximum number of citizens that can be on the council?",342
1989-13::1989_prompt03_s02,"A kingdom has 610 citizens, numbered consecutively from 1 to 610. The king wishes to select the largest possible group of citizens to form a council. However, ancient rivalries forbid the selection of any two citizens whose numbers differ by exactly 36 or 16. What is the maximum number of citizens that can be on the council?",284
1989-13::1989_prompt03_s03,"A kingdom has 791 citizens, numbered consecutively from 1 to 791. The king wishes to select the largest possible group of citizens to form a council. However, ancient rivalries forbid the selection of any two citizens whose numbers differ by exactly 27 or 15. What is the maximum number of citizens that can be on the council?",396
1989-13::1989_prompt03_s04,"A kingdom has 461 citizens, numbered consecutively from 1 to 461. The king wishes to select the largest possible group of citizens to form a council. However, ancient rivalries forbid the selection of any two citizens whose numbers differ by exactly 20 or 12. What is the maximum number of citizens that can be on the council?",232
1989-13::1989_prompt03_s05,"A kingdom has 335 citizens, numbered consecutively from 1 to 335. The king wishes to select the largest possible group of citizens to form a council. However, ancient rivalries forbid the selection of any two citizens whose numbers differ by exactly 10 or 12. What is the maximum number of citizens that can be on the council?",155
1989-1::1989_prompt01_s01,"Let $u=9$ and $v=1$ be two positive integers. A polynomial $P(y)$ is defined by the expression $P(y) = (y^2 - 81)(y^2 - 1)$. A new polynomial $S(y)$ is created by adding a unique positive constant $K$ to $P(y)$, such that $S(y) = P(y)+K$ is the square of another polynomial, $Q(y)$. If $Q(y)$ is chosen to have a positive leading coefficient, what is the value of $Q(14)$?",155
1989-1::1989_prompt01_s02,"Let $u=5$ and $v=3$ be two positive integers. A polynomial $P(y)$ is defined by the expression $P(y) = (y^2 - 25)(y^2 - 9)$. A new polynomial $S(y)$ is created by adding a unique positive constant $K$ to $P(y)$, such that $S(y) = P(y)+K$ is the square of another polynomial, $Q(y)$. If $Q(y)$ is chosen to have a positive leading coefficient, what is the value of $Q(9)$?",64
1989-1::1989_prompt01_s03,"Let $u=9$ and $v=3$ be two positive integers. A polynomial $P(y)$ is defined by the expression $P(y) = (y^2 - 81)(y^2 - 9)$. A new polynomial $S(y)$ is created by adding a unique positive constant $K$ to $P(y)$, such that $S(y) = P(y)+K$ is the square of another polynomial, $Q(y)$. If $Q(y)$ is chosen to have a positive leading coefficient, what is the value of $Q(12)$?",99
1989-1::1989_prompt01_s04,"Let $u=12$ and $v=8$ be two positive integers. A polynomial $P(y)$ is defined by the expression $P(y) = (y^2 - 144)(y^2 - 64)$. A new polynomial $S(y)$ is created by adding a unique positive constant $K$ to $P(y)$, such that $S(y) = P(y)+K$ is the square of another polynomial, $Q(y)$. If $Q(y)$ is chosen to have a positive leading coefficient, what is the value of $Q(14)$?",92
1989-1::1989_prompt01_s05,"Let $u=14$ and $v=4$ be two positive integers. A polynomial $P(y)$ is defined by the expression $P(y) = (y^2 - 196)(y^2 - 16)$. A new polynomial $S(y)$ is created by adding a unique positive constant $K$ to $P(y)$, such that $S(y) = P(y)+K$ is the square of another polynomial, $Q(y)$. If $Q(y)$ is chosen to have a positive leading coefficient, what is the value of $Q(15)$?",119
1989-2::1989_prompt01_s01,"Let 97 distinct points be marked on a circle. We define a *special figure* as a pair `(P, S)`, where `P` is a convex polygon whose vertices are a subset of the 97 points, and `S` is a distinguished subset of 8 vertices of `P`. Let `N` be the total number of distinct special figures that can be formed. Find the largest integer `k` such that `2^k` divides `N`.",91
1989-2::1989_prompt01_s02,"Let 106 distinct points be marked on a circle. We define a *special figure* as a pair `(P, S)`, where `P` is a convex polygon whose vertices are a subset of the 106 points, and `S` is a distinguished subset of 4 vertices of `P`. Let `N` be the total number of distinct special figures that can be formed. Find the largest integer `k` such that `2^k` divides `N`.",103
1989-2::1989_prompt01_s03,"Let 101 distinct points be marked on a circle. We define a *special figure* as a pair `(P, S)`, where `P` is a convex polygon whose vertices are a subset of the 101 points, and `S` is a distinguished subset of 11 vertices of `P`. Let `N` be the total number of distinct special figures that can be formed. Find the largest integer `k` such that `2^k` divides `N`.",93
1989-2::1989_prompt01_s04,"Let 93 distinct points be marked on a circle. We define a *special figure* as a pair `(P, S)`, where `P` is a convex polygon whose vertices are a subset of the 93 points, and `S` is a distinguished subset of 6 vertices of `P`. Let `N` be the total number of distinct special figures that can be formed. Find the largest integer `k` such that `2^k` divides `N`.",89
1989-2::1989_prompt01_s05,"Let 73 distinct points be marked on a circle. We define a *special figure* as a pair `(P, S)`, where `P` is a convex polygon whose vertices are a subset of the 73 points, and `S` is a distinguished subset of 4 vertices of `P`. Let `N` be the total number of distinct special figures that can be formed. Find the largest integer `k` such that `2^k` divides `N`.",70
1989-4::1989_prompt02_s01,"Let $S$ be a sequence of 13 consecutive positive integers and let $c$ be the median of $S$. The sum of all terms in $S$ is a perfect 3rd power, and the sum of the middle 3 terms of $S$ is a perfect 2nd power. What is the smallest possible value of $c$?",4563
1989-4::1989_prompt02_s02,"Let $S$ be a sequence of 7 consecutive positive integers and let $c$ be the median of $S$. The sum of all terms in $S$ is a perfect 3rd power, and the sum of the middle 5 terms of $S$ is a perfect 2nd power. What is the smallest possible value of $c$?",6125
1989-4::1989_prompt02_s03,"Let $S$ be a sequence of 11 consecutive positive integers and let $c$ be the median of $S$. The sum of all terms in $S$ is a perfect 6th power, and the sum of the middle 3 terms of $S$ is a perfect 5th power. What is the smallest possible value of $c$?",45485559279801531
1989-4::1989_prompt02_s04,"Let $S$ be a sequence of 13 consecutive positive integers and let $c$ be the median of $S$. The sum of all terms in $S$ is a perfect 5th power, and the sum of the middle 3 terms of $S$ is a perfect 3rd power. What is the smallest possible value of $c$?",2576893347639
1989-4::1989_prompt02_s05,"Let $S$ be a sequence of 9 consecutive positive integers and let $c$ be the median of $S$. The sum of all terms in $S$ is a perfect 5th power, and the sum of the middle 7 terms of $S$ is a perfect 3rd power. What is the smallest possible value of $c$?",453789
1989-5::1989_prompt06_s01,"A biased coin is flipped 84 times. The probability of getting exactly 3 heads is non-zero and is equal to the probability of getting exactly 5 heads. The probability that one gets exactly 2 heads, given that the number of heads is either 1 or 2, is a rational number $\frac{i}{j}$ in lowest terms. Find $i+j$.",202
1989-5::1989_prompt06_s02,"A biased coin is flipped 26 times. The probability of getting exactly 1 heads is non-zero and is equal to the probability of getting exactly 3 heads. The probability that one gets exactly 1 heads, given that the number of heads is either 0 or 1, is a rational number $\frac{i}{j}$ in lowest terms. Find $i+j$.",31
1989-5::1989_prompt06_s03,"A biased coin is flipped 125 times. The probability of getting exactly 4 heads is non-zero and is equal to the probability of getting exactly 6 heads. The probability that one gets exactly 4 heads, given that the number of heads is either 3 or 4, is a rational number $\frac{i}{j}$ in lowest terms. Find $i+j$.",166
1989-5::1989_prompt06_s04,"A biased coin is flipped 174 times. The probability of getting exactly 5 heads is non-zero and is equal to the probability of getting exactly 7 heads. The probability that one gets exactly 6 heads, given that the number of heads is either 5 or 6, is a rational number $\frac{i}{j}$ in lowest terms. Find $i+j$.",38
1989-5::1989_prompt06_s05,"A biased coin is flipped 84 times. The probability of getting exactly 3 heads is non-zero and is equal to the probability of getting exactly 5 heads. The probability that one gets exactly 4 heads, given that the number of heads is either 3 or 4, is a rational number $\frac{i}{j}$ in lowest terms. Find $i+j$.",26
1989-7::1989_prompt04_s01,"If the integer $k$ is added to each of the numbers $-1522$, $-738$, $1006$, and $4094$, one obtains the cubes of four consecutive terms of an arithmetic progression of integers. Find $k$.",1738
1989-7::1989_prompt04_s02,"If the integer $k$ is added to each of the numbers $-1662$, $-1174$, $-878$, and $-726$, one obtains the cubes of four consecutive terms of an arithmetic progression of integers. Find $k$.",662
1989-7::1989_prompt04_s03,"If the integer $k$ is added to each of the numbers $447$, $726$, $1383$, and $2580$, one obtains the cubes of four consecutive terms of an arithmetic progression of integers. Find $k$.",-383
1989-7::1989_prompt04_s04,"If the integer $k$ is added to each of the numbers $1135$, $1919$, $3663$, and $6751$, one obtains the cubes of four consecutive terms of an arithmetic progression of integers. Find $k$.",-919
1989-7::1989_prompt08_s01,"If the integer $k$ is added to each of the numbers $-253$, $134$, and $251$, one obtains the cubes of three consecutive terms of an arithmetic series of integers. Find the value of $k$.",-259
1989-8::1989_prompt01_s01,"A physicist is studying a system of $n$ interacting particles, where $n$ is an integer greater than or equal to 4. The state of the system depends on a control parameter $k$, which must be an integer. Two key observables, $S_k$ and $T_k$, are given by the weighted sums
$S_k = \sum_{j=1}^n (j+k)^3 c_j \quad \text{and} \quad T_k = \sum_{j=1}^n (j+k)^2 c_j,$
where $c_1, \ldots, c_n$ are real constants that characterize the particles. Through a series of experiments, the physicist has determined the following values:
$S_0 = 1, \quad S_-3 = -17, \quad T_4 = -46, \quad T_1 = -4.$
Based on these results, predict the value of $S_-2$.",-19
1989-8::1989_prompt01_s02,"A physicist is studying a system of $n$ interacting particles, where $n$ is an integer greater than or equal to 4. The state of the system depends on a control parameter $k$, which must be an integer. Two key observables, $S_k$ and $T_k$, are given by the weighted sums
$S_k = \sum_{j=1}^n (j+k)^3 c_j \quad \text{and} \quad T_k = \sum_{j=1}^n (j+k)^2 c_j,$
where $c_1, \ldots, c_n$ are real constants that characterize the particles. Through a series of experiments, the physicist has determined the following values:
$S_-3 = 9, \quad S_2 = 14, \quad T_3 = -13, \quad T_0 = 5.$
Based on these results, predict the value of $S_-2$.",-14
1989-8::1989_prompt01_s03,"A physicist is studying a system of $n$ interacting particles, where $n$ is an integer greater than or equal to 4. The state of the system depends on a control parameter $k$, which must be an integer. Two key observables, $S_k$ and $T_k$, are given by the weighted sums
$S_k = \sum_{j=1}^n (j+k)^3 c_j \quad \text{and} \quad T_k = \sum_{j=1}^n (j+k)^2 c_j,$
where $c_1, \ldots, c_n$ are real constants that characterize the particles. Through a series of experiments, the physicist has determined the following values:
$S_2 = 22, \quad S_0 = 0, \quad T_-2 = -23, \quad T_-3 = -36.$
Based on these results, predict the value of $S_4$.",92
1989-8::1989_prompt01_s04,"A physicist is studying a system of $n$ interacting particles, where $n$ is an integer greater than or equal to 4. The state of the system depends on a control parameter $k$, which must be an integer. Two key observables, $S_k$ and $T_k$, are given by the weighted sums
$S_k = \sum_{j=1}^n (j+k)^3 c_j \quad \text{and} \quad T_k = \sum_{j=1}^n (j+k)^2 c_j,$
where $c_1, \ldots, c_n$ are real constants that characterize the particles. Through a series of experiments, the physicist has determined the following values:
$S_2 = 8, \quad S_-2 = 40, \quad T_3 = 17, \quad T_0 = -4.$
Based on these results, predict the value of $S_4$.",112
1989-8::1989_prompt01_s05,"A physicist is studying a system of $n$ interacting particles, where $n$ is an integer greater than or equal to 4. The state of the system depends on a control parameter $k$, which must be an integer. Two key observables, $S_k$ and $T_k$, are given by the weighted sums
$S_k = \sum_{j=1}^n (j+k)^3 c_j \quad \text{and} \quad T_k = \sum_{j=1}^n (j+k)^2 c_j,$
where $c_1, \ldots, c_n$ are real constants that characterize the particles. Through a series of experiments, the physicist has determined the following values:
$S_-2 = -51, \quad S_4 = -33, \quad T_-3 = 35, \quad T_3 = -1.$
Based on these results, predict the value of $S_1$.",-15
1989-9::1989_prompt01_s01,"Let $a, b, c$ be the distinct positive integers 1, 4, and 5.
Consider the two sets of integers $A = \{0, a+b, a+c, b+c\}$ and $B = \{a, b, c, a+b+c\}$.
Let $S_p(X)$ denote the sum of the $p$-th powers of the elements in a set $X$. It is a known property that $S_1(A) = S_1(B)$ and $S_2(A) = S_2(B)$.
Compute the value of $S_4(A) - S_4(B)$.",-2400
1989-9::1989_prompt01_s02,"Let $a, b, c$ be the distinct positive integers 4, 6, and 9.
Consider the two sets of integers $A = \{0, a+b, a+c, b+c\}$ and $B = \{a, b, c, a+b+c\}$.
Let $S_p(X)$ denote the sum of the $p$-th powers of the elements in a set $X$. It is a known property that $S_1(A) = S_1(B)$ and $S_2(A) = S_2(B)$.
Compute the value of $S_4(A) - S_4(B)$.",-49248
1989-9::1989_prompt01_s03,"Let $a, b, c$ be the distinct positive integers 1, 6, and 9.
Consider the two sets of integers $A = \{0, a+b, a+c, b+c\}$ and $B = \{a, b, c, a+b+c\}$.
Let $S_p(X)$ denote the sum of the $p$-th powers of the elements in a set $X$. It is a known property that $S_1(A) = S_1(B)$ and $S_2(A) = S_2(B)$.
Compute the value of $S_4(A) - S_4(B)$.",-10368
1989-9::1989_prompt01_s04,"Let $a, b, c$ be the distinct positive integers 2, 5, and 9.
Consider the two sets of integers $A = \{0, a+b, a+c, b+c\}$ and $B = \{a, b, c, a+b+c\}$.
Let $S_p(X)$ denote the sum of the $p$-th powers of the elements in a set $X$. It is a known property that $S_1(A) = S_1(B)$ and $S_2(A) = S_2(B)$.
Compute the value of $S_4(A) - S_4(B)$.",-17280
1989-9::1989_prompt01_s05,"Let $a, b, c$ be the distinct positive integers 2, 8, and 10.
Consider the two sets of integers $A = \{0, a+b, a+c, b+c\}$ and $B = \{a, b, c, a+b+c\}$.
Let $S_p(X)$ denote the sum of the $p$-th powers of the elements in a set $X$. It is a known property that $S_1(A) = S_1(B)$ and $S_2(A) = S_2(B)$.
Compute the value of $S_4(A) - S_4(B)$.",-38400
1990-10::1990_prompt13_s01,"In the realm of complex numbers, the $n$-th roots of unity are the solutions to the equation $z^n=1$. Among these, the primitive $n$-th roots of unity are those which are not roots for any smaller positive integer power $k<n$. Let $\Phi_n$ denote the set of primitive $n$-th roots of unity.

Given three integers $n_1=33$, $n_2=21$, and $n_3=25$, we form the sets $A = \Phi_{n_1}$, $B = \Phi_{n_2}$, and $C = \Phi_{n_3}$. A new set $S$ is constructed by taking all possible products of one element from each set, i.e., $S = \{abc \mid a \in A, b \in B, c \in C\}$.

How many distinct elements does the set $S$ contain?",3600
1990-10::1990_prompt13_s02,"In the realm of complex numbers, the $n$-th roots of unity are the solutions to the equation $z^n=1$. Among these, the primitive $n$-th roots of unity are those which are not roots for any smaller positive integer power $k<n$. Let $\Phi_n$ denote the set of primitive $n$-th roots of unity.

Given three integers $n_1=20$, $n_2=21$, and $n_3=24$, we form the sets $A = \Phi_{n_1}$, $B = \Phi_{n_2}$, and $C = \Phi_{n_3}$. A new set $S$ is constructed by taking all possible products of one element from each set, i.e., $S = \{abc \mid a \in A, b \in B, c \in C\}$.

How many distinct elements does the set $S$ contain?",288
1990-10::1990_prompt13_s03,"In the realm of complex numbers, the $n$-th roots of unity are the solutions to the equation $z^n=1$. Among these, the primitive $n$-th roots of unity are those which are not roots for any smaller positive integer power $k<n$. Let $\Phi_n$ denote the set of primitive $n$-th roots of unity.

Given three integers $n_1=46$, $n_2=10$, and $n_3=60$, we form the sets $A = \Phi_{n_1}$, $B = \Phi_{n_2}$, and $C = \Phi_{n_3}$. A new set $S$ is constructed by taking all possible products of one element from each set, i.e., $S = \{abc \mid a \in A, b \in B, c \in C\}$.

How many distinct elements does the set $S$ contain?",440
1990-10::1990_prompt13_s04,"In the realm of complex numbers, the $n$-th roots of unity are the solutions to the equation $z^n=1$. Among these, the primitive $n$-th roots of unity are those which are not roots for any smaller positive integer power $k<n$. Let $\Phi_n$ denote the set of primitive $n$-th roots of unity.

Given three integers $n_1=51$, $n_2=21$, and $n_3=25$, we form the sets $A = \Phi_{n_1}$, $B = \Phi_{n_2}$, and $C = \Phi_{n_3}$. A new set $S$ is constructed by taking all possible products of one element from each set, i.e., $S = \{abc \mid a \in A, b \in B, c \in C\}$.

How many distinct elements does the set $S$ contain?",5760
1990-10::1990_prompt13_s05,"In the realm of complex numbers, the $n$-th roots of unity are the solutions to the equation $z^n=1$. Among these, the primitive $n$-th roots of unity are those which are not roots for any smaller positive integer power $k<n$. Let $\Phi_n$ denote the set of primitive $n$-th roots of unity.

Given three integers $n_1=45$, $n_2=14$, and $n_3=56$, we form the sets $A = \Phi_{n_1}$, $B = \Phi_{n_2}$, and $C = \Phi_{n_3}$. A new set $S$ is constructed by taking all possible products of one element from each set, i.e., $S = \{abc \mid a \in A, b \in B, c \in C\}$.

How many distinct elements does the set $S$ contain?",672
1990-11::1990_prompt05_s01,"The factorial $n!$ has many fascinating properties. One such property is when it can be expressed as a product of a certain number of consecutive integers. For a fixed integer $c=2$, we are interested in finding integers $n>c$ where $n!$ is equal to the product of $n-c$ consecutive integers. Find the largest such value of $n$.",5
1990-11::1990_prompt05_s02,"The factorial $n!$ has many fascinating properties. One such property is when it can be expressed as a product of a certain number of consecutive integers. For a fixed integer $c=2$, we are interested in finding integers $n>c$ where $n!$ is equal to the product of $n-c$ consecutive integers. Find the largest such value of $n$.",5
1990-11::1990_prompt05_s03,"The factorial $n!$ has many fascinating properties. One such property is when it can be expressed as a product of a certain number of consecutive integers. For a fixed integer $c=4$, we are interested in finding integers $n>c$ where $n!$ is equal to the product of $n-c$ consecutive integers. Find the largest such value of $n$.",119
1990-11::1990_prompt05_s04,"The factorial $n!$ has many fascinating properties. One such property is when it can be expressed as a product of a certain number of consecutive integers. For a fixed integer $c=6$, we are interested in finding integers $n>c$ where $n!$ is equal to the product of $n-c$ consecutive integers. Find the largest such value of $n$.",5039
1990-11::1990_prompt05_s05,"The factorial $n!$ has many fascinating properties. One such property is when it can be expressed as a product of a certain number of consecutive integers. For a fixed integer $c=5$, we are interested in finding integers $n>c$ where $n!$ is equal to the product of $n-c$ consecutive integers. Find the largest such value of $n$.",719
1990-13::1990_prompt16_s01,"Let $A_1, m, b, K$ be positive integers. Let $A_2 = A_1^m$. Let $S_1$ be the set of integers $k \in \{1, 2, \dots, K\}$ such that the base-$b$ representation of $A_1^k$ begins with a digit less than $A_1$. Let $S_2$ be the set of integers $k \in \{1, 2, \dots, K\}$ such that the base-$b$ representation of $A_2^k$ begins with a digit less than $A_2$. You are given that $A_1 = 2$, $m = 2$, $b = 10$, and $K = 2932$. You are also told that the size of $S_1$ is $|S_1| = 882$, and that the first base-$b$ digit of $A_1^K$ is $d_1 = 4$. Find the size of the set $S_2$.",1765
1990-13::1990_prompt16_s02,"Let $A_1, m, b, K$ be positive integers. Let $A_2 = A_1^m$. Let $S_1$ be the set of integers $k \in \{1, 2, \dots, K\}$ such that the base-$b$ representation of $A_1^k$ begins with a digit less than $A_1$. Let $S_2$ be the set of integers $k \in \{1, 2, \dots, K\}$ such that the base-$b$ representation of $A_2^k$ begins with a digit less than $A_2$. You are given that $A_1 = 2$, $m = 3$, $b = 10$, and $K = 10782$. You are also told that the size of $S_1$ is $|S_1| = 3245$, and that the first base-$b$ digit of $A_1^K$ is $d_1 = 5$. Find the size of the set $S_2$.",9737
1990-13::1990_prompt16_s03,"Let $A_1, m, b, K$ be positive integers. Let $A_2 = A_1^m$. Let $S_1$ be the set of integers $k \in \{1, 2, \dots, K\}$ such that the base-$b$ representation of $A_1^k$ begins with a digit less than $A_1$. Let $S_2$ be the set of integers $k \in \{1, 2, \dots, K\}$ such that the base-$b$ representation of $A_2^k$ begins with a digit less than $A_2$. You are given that $A_1 = 2$, $m = 3$, $b = 10$, and $K = 14673$. You are also told that the size of $S_1$ is $|S_1| = 4417$, and that the first base-$b$ digit of $A_1^K$ is $d_1 = 1$. Find the size of the set $S_2$.",13251
1990-13::1990_prompt16_s04,"Let $A_1, m, b, K$ be positive integers. Let $A_2 = A_1^m$. Let $S_1$ be the set of integers $k \in \{1, 2, \dots, K\}$ such that the base-$b$ representation of $A_1^k$ begins with a digit less than $A_1$. Let $S_2$ be the set of integers $k \in \{1, 2, \dots, K\}$ such that the base-$b$ representation of $A_2^k$ begins with a digit less than $A_2$. You are given that $A_1 = 3$, $m = 2$, $b = 10$, and $K = 16698$. You are also told that the size of $S_1$ is $|S_1| = 7966$, and that the first base-$b$ digit of $A_1^K$ is $d_1 = 9$. Find the size of the set $S_2$.",15933
1990-13::1990_prompt16_s05,"Let $A_1, m, b, K$ be positive integers. Let $A_2 = A_1^m$. Let $S_1$ be the set of integers $k \in \{1, 2, \dots, K\}$ such that the base-$b$ representation of $A_1^k$ begins with a digit less than $A_1$. Let $S_2$ be the set of integers $k \in \{1, 2, \dots, K\}$ such that the base-$b$ representation of $A_2^k$ begins with a digit less than $A_2$. You are given that $A_1 = 2$, $m = 2$, $b = 10$, and $K = 12731$. You are also told that the size of $S_1$ is $|S_1| = 3832$, and that the first base-$b$ digit of $A_1^K$ is $d_1 = 2$. Find the size of the set $S_2$.",7664
1990-14::1990_prompt01_s01,"A rectangle $ABCD$ has side lengths $AB=w$ and $BC=l$, with $w<l$. The length of side $\overline{BC}$ is $26\sqrt{3}$. Let $P$ be the intersection of the diagonals. Triangle $ABP$ is cut out from the rectangle. The remaining part of the rectangle is folded along the segments $\overline{CP}$ and $\overline{DP}$ so that the edges $\overline{AP}$ and $\overline{BP}$ coincide, forming a triangular pyramid. The volume of this pyramid is $4752$. Find $w^2$.",1728
1990-14::1990_prompt01_s02,"A rectangle $ABCD$ has side lengths $AB=w$ and $BC=l$. The length of side $\overline{BC}$ is $7\sqrt{3}$, and $AB>BC$. Let $P$ be the intersection of the diagonals. Triangle $ABP$ is cut out from the rectangle. The remaining part of the rectangle is folded to form a triangular pyramid by joining the edges $\overline{AP}$ and $\overline{BP}$ and creasing along the segments $\overline{CP}$ and $\overline{DP}$. The volume of this pyramid is $54$. Find the value of $w^2$.",432
1990-14::1990_prompt01_s03,"A rectangle $ABCD$ has side lengths $AB=w$ and $BC=l$, where $BC=19\sqrt{3}$. Let $P$ be the intersection of the diagonals. Triangle $ABP$ is cut out from the rectangle. The remaining part of the rectangle is folded to form a triangular pyramid by joining the edges $\overline{AP}$ and $\overline{BP}$ and creasing along the segments $\overline{CP}$ and $\overline{DP}$. The volume of this pyramid is $2808$. Find the smaller possible value of $w^2$.",1728
1990-14::1990_prompt01_s04,"A rectangle $ABCD$ has side lengths $AB=w$ and $BC=l$, where $w<l$. The length of side $\overline{BC}$ is $49\sqrt{3}$. Let $P$ be the intersection of the diagonals. Triangle $ABP$ is cut out from the rectangle. The remaining part of the rectangle is folded to form a triangular pyramid by joining the edges $\overline{AP}$ and $\overline{BP}$ and creasing along the segments $\overline{CP}$ and $\overline{DP}$. The volume of this pyramid is $10152$. Find the value of $w^2$.",1728
1990-14::1990_prompt01_s05,A rectangle $ABCD$ has side lengths $AB=w$ and $BC=19\sqrt{3}$. Let $P$ be the intersection of the diagonals. Triangle $ABP$ is cut out from the rectangle. The remaining part of the rectangle is folded to form a triangular pyramid by joining the edges $\overline{AP}$ and $\overline{BP}$ and creasing along the segments $\overline{CP}$ and $\overline{DP}$. The volume of this pyramid is $2808$. Find the smaller possible value of $w^2$.,1728
1990-15::1990_prompt01_s01,"A team of biologists is studying three species of bacteria. The population of each species grows geometrically. Let the populations of the three species on day $k$ be $p_1(k), p_2(k), p_3(k)$. The researchers measure a quantity $S_k$ which is the weighted sum of these populations: $S_k = c_1 p_1(k) + c_2 p_2(k) + c_3 p_3(k)$, where $c_1, c_2, c_3$ are some real constants. The daily measurements are recorded as follows:
$S_1 = -12$, $S_2 = -26$, $S_3 = -84$, $S_4 = -242$, $S_5 = -732$.
Unfortunately, the measurement for day 6, $S_6$, was lost, but the measurement for day 7 is available: $S_7 = -6564$.
The growth rates of the three populations are distinct, non-zero, and constant. Let their values be $x_1, x_2, x_3$. It is known that the elementary symmetric polynomial $e_2 = x_1x_2 + x_2x_3 + x_3x_1$ has the value $-1$.
Assuming the populations can be represented by $p_i(k) = a_i x_i^k$ for some constants $a_i$, what is the value of the missing measurement $S_6$?",-2186
1990-15::1990_prompt01_s02,"A team of biologists is studying three species of bacteria. The population of each species grows geometrically. Let the populations of the three species on day $k$ be $p_1(k), p_2(k), p_3(k)$. The researchers measure a quantity $S_k$ which is the weighted sum of these populations: $S_k = c_1 p_1(k) + c_2 p_2(k) + c_3 p_3(k)$, where $c_1, c_2, c_3$ are some real constants. The daily measurements are recorded as follows:
$S_1 = -6$, $S_2 = 12$, $S_3 = -84$, $S_4 = 48$, $S_5 = -876$.
Unfortunately, the measurement for day 6, $S_6$, was lost, but the measurement for day 7 is available: $S_7 = -8364$.
The growth rates of the three populations are distinct, non-zero, and constant. Let their values be $x_1, x_2, x_3$. It is known that the elementary symmetric polynomial $e_2 = x_1x_2 + x_2x_3 + x_3x_1$ has the value $-9$.
Assuming the populations can be represented by $p_i(k) = a_i x_i^k$ for some constants $a_i$, what is the value of the missing measurement $S_6$?",192
1990-15::1990_prompt01_s03,"A team of biologists is studying three species of bacteria. The population of each species grows geometrically. Let the populations of the three species on day $k$ be $p_1(k), p_2(k), p_3(k)$. The researchers measure a quantity $S_k$ which is the weighted sum of these populations: $S_k = c_1 p_1(k) + c_2 p_2(k) + c_3 p_3(k)$, where $c_1, c_2, c_3$ are some real constants. The daily measurements are recorded as follows:
$S_1 = -4$, $S_2 = 24$, $S_3 = -100$, $S_4 = 432$, $S_5 = -1804$.
Unfortunately, the measurement for day 6, $S_6$, was lost, but the measurement for day 7 is available: $S_7 = -30580$.
The growth rates of the three populations are distinct, non-zero, and constant. Let their values be $x_1, x_2, x_3$. It is known that the elementary symmetric polynomial $e_2 = x_1x_2 + x_2x_3 + x_3x_1$ has the value $5$.
Assuming the populations can be represented by $p_i(k) = a_i x_i^k$ for some constants $a_i$, what is the value of the missing measurement $S_6$?",7464
1990-15::1990_prompt01_s04,"A team of biologists is studying three species of bacteria. The population of each species grows geometrically. Let the populations of the three species on day $k$ be $p_1(k), p_2(k), p_3(k)$. The researchers measure a quantity $S_k$ which is the weighted sum of these populations: $S_k = c_1 p_1(k) + c_2 p_2(k) + c_3 p_3(k)$, where $c_1, c_2, c_3$ are some real constants. The daily measurements are recorded as follows:
$S_1 = 4$, $S_2 = 12$, $S_3 = 22$, $S_4 = 48$, $S_5 = 94$.
Unfortunately, the measurement for day 6, $S_6$, was lost, but the measurement for day 7 is available: $S_7 = 382$.
The growth rates of the three populations are distinct, non-zero, and constant. Let their values be $x_1, x_2, x_3$. It is known that the elementary symmetric polynomial $e_2 = x_1x_2 + x_2x_3 + x_3x_1$ has the value $-1$.
Assuming the populations can be represented by $p_i(k) = a_i x_i^k$ for some constants $a_i$, what is the value of the missing measurement $S_6$?",192
1990-15::1990_prompt01_s05,"A team of biologists is studying three species of bacteria. The population of each species grows geometrically. Let the populations of the three species on day $k$ be $p_1(k), p_2(k), p_3(k)$. The researchers measure a quantity $S_k$ which is the weighted sum of these populations: $S_k = c_1 p_1(k) + c_2 p_2(k) + c_3 p_3(k)$, where $c_1, c_2, c_3$ are some real constants. The daily measurements are recorded as follows:
$S_1 = 2$, $S_2 = 8$, $S_3 = -10$, $S_4 = 32$, $S_5 = -58$.
Unfortunately, the measurement for day 6, $S_6$, was lost, but the measurement for day 7 is available: $S_7 = -250$.
The growth rates of the three populations are distinct, non-zero, and constant. Let their values be $x_1, x_2, x_3$. It is known that the elementary symmetric polynomial $e_2 = x_1x_2 + x_2x_3 + x_3x_1$ has the value $-1$.
Assuming the populations can be represented by $p_i(k) = a_i x_i^k$ for some constants $a_i$, what is the value of the missing measurement $S_6$?",128
1990-1::1990_prompt01_s01,"Let $S$ be the arithmetic progression starting with first term $12$ and having a common difference of $13$, i.e., $S = ($12, $12+$13, $12+2$13, \ldots)$. A positive integer is called special if it is a perfect $square power or a perfect $cubic power. Let $T$ be the sequence of terms in $S$ that are not special, in increasing order. Find the $1337$-th term of the sequence $T$.",17692
1990-1::1990_prompt01_s02,"Let $S$ be the arithmetic progression starting with first term $7$ and having a common difference of $19$, i.e., $S = ($7, $7+$19, $7+2$19, \ldots)$. A positive integer is called special if it is a perfect $square power or a perfect $cubic power. Let $T$ be the sequence of terms in $S$ that are not special, in increasing order. Find the $760$-th term of the sequence $T$.",14694
1990-1::1990_prompt01_s03,"Let $S$ be the arithmetic progression starting with first term $12$ and having a common difference of $13$, i.e., $S = ($12, $12+$13, $12+2$13, \ldots)$. A positive integer is called special if it is a perfect $square power or a perfect $cubic power. Let $T$ be the sequence of terms in $S$ that are not special, in increasing order. Find the $1042$-th term of the sequence $T$.",13831
1990-1::1990_prompt01_s04,"Let $S$ be the arithmetic progression starting with first term $1$ and having a common difference of $7$, i.e., $S = ($1, $1+$7, $1+2$7, \ldots)$. A positive integer is called special if it is a perfect $square power or a perfect $cubic power. Let $T$ be the sequence of terms in $S$ that are not special, in increasing order. Find the $634$-th term of the sequence $T$.",4593
1990-1::1990_prompt01_s05,"Let $S$ be the arithmetic progression starting with first term $9$ and having a common difference of $17$, i.e., $S = ($9, $9+$17, $9+2$17, \ldots)$. A positive integer is called special if it is a perfect $square power or a perfect $cubic power. Let $T$ be the sequence of terms in $S$ that are not special, in increasing order. Find the $512$-th term of the sequence $T$.",8900
1990-2::1990_prompt01_s01,"Let \(P=(481+652\sqrt{10})^{1/3}\) and \(Q=(481-652\sqrt{10})^{1/3}\), where real cube roots are taken. A mathematician claims that the value of \(P+Q\) is an integer. If the claim is true, find this integer value.",2
1990-2::1990_prompt04_s01,"Let $x_1$ and $x_2$ be the roots of the quadratic equation $t^2 - 68t + 4 = 0$, with $x_1 > x_2$. Compute the value of $(x_1)^{3/2} - (x_2)^{3/2}$.",560
1990-2::1990_prompt04_s02,"Let $x_1$ and $x_2$ be the roots of the quadratic equation $t^2 - 90t + 1849 = 0$, with $x_1 > x_2$. Compute the value of $(x_1)^{3/2} - (x_2)^{3/2}$.",266
1990-2::1990_prompt04_s03,"Let $x_1$ and $x_2$ be the roots of the quadratic equation $t^2 - 58t + 729 = 0$, with $x_1 > x_2$. Compute the value of $(x_1)^{3/2} - (x_2)^{3/2}$.",170
1990-2::1990_prompt04_s04,"Let $x_1$ and $x_2$ be the roots of the quadratic equation $t^2 - 66t + 961 = 0$, with $x_1 > x_2$. Compute the value of $(x_1)^{3/2} - (x_2)^{3/2}$.",194
1990-3::1990_prompt03_s01,"Let $P_r$ be a regular $r$-gon and $P_s$ be a regular $s$-gon, with integers $r, s$ satisfying $r \ge s \ge 3$. The ratio of the measure of an interior angle of $P_r$ to the measure of an interior angle of $P_s$ is $\frac{17}{15}$. Find the sum of all possible values of $s$.",42
1990-3::1990_prompt03_s03,"Let $P_r$ be a regular $r$-gon and $P_s$ be a regular $s$-gon, with integers $r, s$ satisfying $r \ge s \ge 3$. The ratio of the measure of an interior angle of $P_r$ to the measure of an interior angle of $P_s$ is $\frac{9}{8}$. Find the sum of all possible values of $s$.",99
1990-3::1990_prompt05_s01,"Let $M = 8$ be a positive integer. A sequence of $M$ distinct integers $n_1, n_2, \dots, n_M$ is called a 'polygonal AP-sequence' if it satisfies two conditions: first, $3 \le n_1 < n_2 < \dots < n_M$, and second, the interior angles of the regular polygons with $n_k$ sides (for $k=1, 2, \dots, M$) form an arithmetic progression. Find the smallest possible value of the largest term, $n_M$, over all polygonal AP-sequences of length $M$.",840
1990-3::1990_prompt05_s02,"Let $M = 7$ be a positive integer. A sequence of $M$ distinct integers $n_1, n_2, \dots, n_M$ is called a 'polygonal AP-sequence' if it satisfies two conditions: first, $3 \le n_1 < n_2 < \dots < n_M$, and second, the interior angles of the regular polygons with $n_k$ sides (for $k=1, 2, \dots, M$) form an arithmetic progression. Find the smallest possible value of the largest term, $n_M$, over all polygonal AP-sequences of length $M$.",420
1990-3::1990_prompt05_s03,"Let $M = 5$ be a positive integer. A sequence of $M$ distinct integers $n_1, n_2, \dots, n_M$ is called a 'polygonal AP-sequence' if it satisfies two conditions: first, $3 \le n_1 < n_2 < \dots < n_M$, and second, the interior angles of the regular polygons with $n_k$ sides (for $k=1, 2, \dots, M$) form an arithmetic progression. Find the smallest possible value of the largest term, $n_M$, over all polygonal AP-sequences of length $M$.",30
1990-5::1990_prompt05_s01,Let $n$ be the smallest positive integer that is a multiple of $202584375$ and has exactly $3087$ positive integral divisors. Find the value of $\frac{n}202584375$.,1693440
1990-5::1990_prompt05_s02,Let $n$ be the smallest positive integer that is a multiple of $176400$ and has exactly $420$ positive integral divisors. Find the value of $\frac{n}176400$.,180
1990-5::1990_prompt05_s03,Let $n$ be the smallest positive integer that is a multiple of $320$ and has exactly $210$ positive integral divisors. Find the value of $\frac{n}320$.,2835
1990-5::1990_prompt05_s04,Let $n$ be the smallest positive integer that is a multiple of $18$ and has exactly $315$ positive integral divisors. Find the value of $\frac{n}18$.,352800
1990-5::1990_prompt05_s05,Let $n$ be the smallest positive integer that is a multiple of $324$ and has exactly $108$ positive integral divisors. Find the value of $\frac{n}324$.,525
1990-6::1990_prompt03_s01,"A magical biologist is studying the population of mooncalves in a hidden valley. On the first new moon of the year, she captures 135 mooncalves, gives each a harmless, permanent silver shimmer on an ear, and releases them. By the time of the vernal equinox, 60% of the mooncalf population in the valley are newcomers. On the equinox, the biologist captures a sample of 175 mooncalves. She notes how many have the silver shimmer, and then gives all 175 of them a golden shimmer on their tails before releasing them. Some mooncalves now have both shimmers. By the summer solstice, the population has changed again, with newcomers since the equinox now comprising 90% of the total population. On the solstice, she captures a final sample of 1960 mooncalves and observes the following: 14 have only the silver shimmer, 84 have only the golden shimmer, and 14 have both shimmers. Assuming that population changes and survival rates affect all mooncalves equally regardless of shimmers, and that all samples are perfectly representative of the population at that time, what was the total number of mooncalves in the valley on the first new moon?",378
1990-6::1990_prompt03_s02,"A magical biologist is studying the population of mooncalves in a hidden valley. On the first new moon of the year, she captures 140 mooncalves, gives each a harmless, permanent silver shimmer on their ears, and releases them. By the time of the vernal equinox, the population has changed: some mooncalves have left and new ones have arrived, such that 50% of the mooncalf population in the valley are newcomers. On the equinox, the biologist captures a sample of 80 mooncalves. She notes how many have the silver shimmer, and then gives all 80 of them a golden shimmer on their tails before releasing them. Some mooncalves now have both shimmers. By the summer solstice, the population has changed again, with newcomers (since the equinox) now comprising 96% of the total population. On the solstice, she captures a final sample of 3400 mooncalves and observes the following: 7 have only the silver shimmer, 70 have only the golden shimmer, and 10 have both shimmers. Assuming that population changes (emigration/immigration) and survival rates affect all mooncalves equally regardless of shimmers, and that all samples are perfectly representative of the population at that time, what was the total number of mooncalves in the valley on the first new moon?",560
1990-6::1990_prompt03_s04,"A magical biologist is studying the population of mooncalves in a hidden valley. On the first new moon of the year, she captures 470 mooncalves, gives each a harmless, permanent silver shimmer on their ears, and releases them. By the time of the vernal equinox, the population has changed: some mooncalves have left and new ones have arrived, such that 60% of the mooncalf population in the valley are newcomers. On the equinox, the biologist captures a sample of 585 mooncalves. She notes how many have the silver shimmer, and then gives all 585 of them a golden shimmer on their tails before releasing them. Some mooncalves now have both shimmers. By the summer solstice, the population has changed again, with newcomers (since the equinox) now comprising 94% of the total population. On the solstice, she captures a final sample of 4800 mooncalves and observes the following: 19 have only the silver shimmer, 104 have only the golden shimmer, and 13 have both shimmers. Assuming that population changes (emigration/immigration) and survival rates affect all mooncalves equally regardless of shimmers, and that all samples are perfectly representative of the population at that time, what was the total number of mooncalves in the valley on the first new moon?",1692
1990-6::1990_prompt03_s05,"A magical biologist is studying the population of mooncalves in a hidden valley. On the first new moon of the year, she captures 560 mooncalves, gives each a harmless, permanent silver shimmer on their ears, and releases them. By the time of the vernal equinox, the population has changed: some mooncalves have left and new ones have arrived, such that 20% of the mooncalf population in the valley are newcomers. On the equinox, the biologist captures a sample of 120 mooncalves. She notes how many have the silver shimmer, and then gives all 120 of them a golden shimmer on their tails before releasing them. Some mooncalves now have both shimmers. By the summer solstice, the population has changed again, with newcomers (since the equinox) now comprising 96% of the total population. On the solstice, she captures a final sample of 2100 mooncalves and observes the following: 6 have only the silver shimmer, 40 have only the golden shimmer, and 8 have both shimmers. Assuming that population changes (emigration/immigration) and survival rates affect all mooncalves equally regardless of shimmers, and that all samples are perfectly representative of the population at that time, what was the total number of mooncalves in the valley on the first new moon?",2688
1990-6::1990_prompt07_s01,"In a large online math competition, there are three rounds. After Round 1, the top 1600 students are awarded a Gold certificate. Between Round 1 and Round 2, 25% of the students then in the competition drop out, and the dropout is proportional across all groups (in particular, 25% of the Gold-certificate holders drop out). Then new students join so that they constitute 20% of the total student population at the start of Round 2.

After Round 2, the top 600 students who do not already have a Gold certificate are awarded a Silver certificate. Between Round 2 and Round 3, 75% of the students then in the competition drop out, again proportionally across all groups (so 75% of the Gold holders and 75% of the Silver holders drop out). Then new students join so that they constitute 25% of the total student population at the start of Round 3.

A survey taken immediately after Round 3 begins is perfectly representative of the whole population: in a sample of 14 students, 6 have a Gold certificate and 3 have a Silver certificate. How many students were in the competition at the start of Round 1?",2240
1990-7::1990_prompt01_s01,"A tetrahedron has vertices at $P=(-7,-3,1)$, $Q=(-7,-3,0)$, $R=(-11,0,1)$, and $S=(-47,6,-1)$. The equation of the plane that bisects the interior dihedral angle of the tetrahedron along edge $PQ$ can be written in the form $ax+13y+cz+d=0$. Find $a+c+d$.",87
1990-7::1990_prompt01_s02,"A tetrahedron has vertices at P=(0,3,4), Q=(0,2,4), R=(-12,3,-31), and S=(-4,1,1). The equation of the plane that bisects the interior dihedral angle of the tetrahedron along the edge PQ can be written in the form ax + by + 8z + d = 0. Find a + b + d.",-43
1990-7::1990_prompt01_s03,"A tetrahedron has vertices at $P=(4,7,8)$, $Q=(3,7,8)$, $R=(4,11,11)$, and $S=(3,16,48)$. The equation of the plane that bisects the dihedral angle of the tetrahedron along the edge $PQ$ can be written in the form $ax+(-17)y+cz+d=0$. Find the value of $a+c+d$.",42
1990-7::1990_prompt01_s04,"A tetrahedron has vertices at $P=(7,6,-3)$, $Q=(7,6,-2)$, $R=(18,-54,-3)$, and $S=(11,3,-1)$. The equation of the plane that bisects the interior dihedral angle of the tetrahedron along the edge $PQ$ can be written in the form $ax + 13y + cz + d = 0$. Find the value of $a + c + d$.",-204
1990-7::1990_prompt01_s05,"A tetrahedron has vertices at $P=(1,1,8)$, $Q=(1,-1,8)$, $R=(10,1,48)$, and $S=(25,2,15)$. The equation of the plane that bisects the interior dihedral angle of the tetrahedron along the edge $PQ$ can be written in the form $ax+by-31z+d=0$. Find the value of $a+b+d$.",248
1990-9::1990_prompt01_s01,"A factory produces widgets using a robot arm. On each step, the robot can either perform a 'weld' operation or a 'cool' operation. Due to a design flaw, if the robot performs 4 or more 'weld' operations consecutively, it overheats and shuts down. For any given step, the robot supervisor programs it to 'weld' with probability 2/4 and to 'cool' with probability 1 - 2/4, independent of previous steps. For a process that requires 7 steps, what is the probability that the robot completes it without overheating? If this probability is i/j in lowest terms, find i+j.",59
1990-9::1990_prompt01_s02,"A factory produces widgets using a robot arm. On each step, the robot can either perform a 'weld' operation or a 'cool' operation. Due to a design flaw, if the robot performs 3 or more 'weld' operations consecutively, it overheats and shuts down. For any given step, the robot supervisor programs it to 'weld' with probability 3/5 and to 'cool' with probability 1 - 3/5, independent of previous steps. For a process that requires 10 steps, what is the probability that the robot completes it without overheating? If this probability is i/j in lowest terms, find i+j.",507281
1990-9::1990_prompt01_s03,"A factory produces widgets using a robot arm. On each step, the robot can either perform a 'weld' operation or a 'cool' operation. Due to a design flaw, if the robot performs 4 or more 'weld' operations consecutively, it overheats and shuts down. For any given step, the robot supervisor programs it to 'weld' with probability 3/5 and to 'cool' with probability 1 - 3/5, independent of previous steps. For a process that requires 8 steps, what is the probability that the robot completes it without overheating? If this probability is i/j in lowest terms, find i+j.",5197
1990-9::1990_prompt01_s04,"A factory produces widgets using a robot arm. On each step, the robot can either perform a 'weld' operation or a 'cool' operation. Due to a design flaw, if the robot performs 3 or more 'weld' operations consecutively, it overheats and shuts down. For any given step, the robot supervisor programs it to 'weld' with probability 3/4 and to 'cool' with probability 1 - 3/4, independent of previous steps. For a process that requires 9 steps, what is the probability that the robot completes it without overheating? If this probability is i/j in lowest terms, find i+j.",72887
1990-9::1990_prompt01_s05,"A factory produces widgets using a robot arm. On each step, the robot can either perform a 'weld' operation or a 'cool' operation. Due to a design flaw, if the robot performs 3 or more 'weld' operations consecutively, it overheats and shuts down. For any given step, the robot supervisor programs it to 'weld' with probability 3/4 and to 'cool' with probability 1 - 3/4, independent of previous steps. For a process that requires 11 steps, what is the probability that the robot completes it without overheating? If this probability is i/j in lowest terms, find i+j.",4460189
1991-10::1991_prompt03_s01,"Two strings, one consisting of 3 'a's and the other of 3 'b's, are transmitted. Each transmitted letter is received incorrectly with probability $1/7$ (an 'a' as a 'b' or a 'b' as an 'a'), independently of all other letters. Let $S_a$ be the received string corresponding to the transmitted 'a's and $S_b$ be the one corresponding to the transmitted 'b's. Let $p$ be the probability that the number of 'a's in $S_a$ is strictly greater than the number of 'a's in $S_b$. When $p$ is written as a fraction in lowest terms, what is its numerator?",112752
1991-10::1991_prompt03_s02,"Two strings, one consisting of 4 'a's and the other of 4 'b's, are transmitted. Each transmitted letter is received incorrectly with probability $1/6$ (an 'a' as a 'b' or a 'b' as an 'a'), independently of all other letters. Let $S_a$ be the received string corresponding to the transmitted 'a's and $S_b$ be the one corresponding to the transmitted 'b's. Let $p$ be the probability that the number of 'a's in $S_a$ is strictly greater than the number of 'a's in $S_b$. When $p$ is written as a fraction in lowest terms, what is its numerator?",1628125
1991-10::1991_prompt03_s03,"Two strings, one consisting of 3 'a's and the other of 3 'b's, are transmitted. Each transmitted letter is received incorrectly with probability $1/4$ (an 'a' as a 'b' or a 'b' as an 'a'), independently of all other letters. Let $S_a$ be the received string corresponding to the transmitted 'a's and $S_b$ be the one corresponding to the transmitted 'b's. Let $p$ be the probability that the number of 'a's in $S_a$ is strictly greater than the number of 'a's in $S_b$. When $p$ is written as a fraction in lowest terms, what is its numerator?",1701
1991-10::1991_prompt03_s04,"Two strings, one consisting of 2 'a's and the other of 2 'b's, are transmitted. Each transmitted letter is received incorrectly with probability $1/4$ (an 'a' as a 'b' or a 'b' as an 'a'), independently of all other letters. Let $S_a$ be the received string corresponding to the transmitted 'a's and $S_b$ be the one corresponding to the transmitted 'b's. Let $p$ be the probability that the number of 'a's in $S_a$ is strictly greater than the number of 'a's in $S_b$. When $p$ is written as a fraction in lowest terms, what is its numerator?",189
1991-10::1991_prompt03_s05,"Two strings, one consisting of 4 'a's and the other of 4 'b's, are transmitted. Each transmitted letter is received incorrectly with probability $1/10$ (an 'a' as a 'b' or a 'b' as an 'a'), independently of all other letters. Let $S_a$ be the received string corresponding to the transmitted 'a's and $S_b$ be the one corresponding to the transmitted 'b's. Let $p$ be the probability that the number of 'a's in $S_a$ is strictly greater than the number of 'a's in $S_b$. When $p$ is written as a fraction in lowest terms, what is its numerator?",19899513
1991-11::1991_prompt03_s01,"Let $C_0$ be a circle of radius $R_0 = 3$. A ring of $4$ congruent disks is placed around $C_0$ such that each disk is tangent to $C_0$ and to its two neighbors. Let $C_1$ be the circle that is tangent to all of these $4$ disks externally.
Then, a second ring of $6$ congruent disks is placed around $C_1$ in the same manner, with each disk tangent to $C_1$ and its two neighbors. Let $C_2$ be the circle tangent to these $6$ disks externally.
The total area of all $10$ disks can be written in the form $\pi (A + B \sqrt{C})$, where $A$, $B$, and $C$ are positive integers and $C$ is a prime number. Find the value of $A+B+C$.",1748
1991-11::1991_prompt03_s02,"Let $C_0$ be a circle of radius $R_0 = 3$. A ring of $6$ congruent disks is placed around $C_0$ such that each disk is tangent to $C_0$ and to its two neighbors. Let $C_1$ be the circle that is tangent to all of these $6$ disks externally.
Then, a second ring of $4$ congruent disks is placed around $C_1$ in the same manner, with each disk tangent to $C_1$ and its two neighbors. Let $C_2$ be the circle tangent to these $4$ disks externally.
The total area of all $10$ disks can be written in the form $\pi (A + B \sqrt{C})$, where $A$, $B$, and $C$ are positive integers and $C$ is a prime number. Find the value of $A+B+C$.",1676
1991-11::1991_prompt03_s03,"Let $C_0$ be a circle of radius $R_0 = 2$. A ring of $3$ congruent disks is placed around $C_0$ such that each disk is tangent to $C_0$ and to its two neighbors. Let $C_1$ be the circle that is tangent to all of these $3$ disks externally.
Then, a second ring of $6$ congruent disks is placed around $C_1$ in the same manner, with each disk tangent to $C_1$ and its two neighbors. Let $C_2$ be the circle tangent to these $6$ disks externally.
The total area of all $9$ disks can be written in the form $\pi (A + B \sqrt{C})$, where $A$, $B$, and $C$ are positive integers and $C$ is a prime number. Find the value of $A+B+C$.",4071
1991-11::1991_prompt03_s04,"Let $C_0$ be a circle of radius $R_0 = 2$. A ring of $4$ congruent disks is placed around $C_0$ such that each disk is tangent to $C_0$ and to its two neighbors. Let $C_1$ be the circle that is tangent to all of these $4$ disks externally.
Then, a second ring of $6$ congruent disks is placed around $C_1$ in the same manner, with each disk tangent to $C_1$ and its two neighbors. Let $C_2$ be the circle tangent to these $6$ disks externally.
The total area of all $10$ disks can be written in the form $\pi (A + B \sqrt{C})$, where $A$, $B$, and $C$ are positive integers and $C$ is a prime number. Find the value of $A+B+C$.",778
1991-11::1991_prompt03_s05,"Let $C_0$ be a circle of radius $R_0 = 1$. A ring of $4$ congruent disks is placed around $C_0$ such that each disk is tangent to $C_0$ and to its two neighbors. Let $C_1$ be the circle that is tangent to all of these $4$ disks externally.
Then, a second ring of $6$ congruent disks is placed around $C_1$ in the same manner, with each disk tangent to $C_1$ and its two neighbors. Let $C_2$ be the circle tangent to these $6$ disks externally.
The total area of all $10$ disks can be written in the form $\pi (A + B \sqrt{C})$, where $A$, $B$, and $C$ are positive integers and $C$ is a prime number. Find the value of $A+B+C$.",196
1991-12::1991_prompt06_s04,"A parallelogram \(PQRS\) is inscribed in a parallelogram \(ABCD\) such that its vertices \(P, Q, R, S\) lie on the sides \(AB, BC, CD, DA\), respectively. It is given that \(\angle DAB = 60^\circ\), and that \(AP = AS = 7\). The squares of the lengths of the diagonals of \(PQRS\) are \(1501\) and \(1263\). Find the perimeter of the parallelogram \(ABCD\).",110
1991-13::1991_prompt01_s01,"A drawer contains a mixture of red socks and blue socks, at most 19313 in all. It so happens that, when two socks are selected randomly without replacement, there is a probability of exactly 3/4 that both are red or both are blue. What is the largest possible number of red socks in the drawer that is consistent with this data?",8365
1991-13::1991_prompt01_s02,"A drawer contains a mixture of red socks and blue socks, at most 45214 in all. It so happens that, when two socks are selected randomly without replacement, there is a probability of exactly 3/4 that both are red or both are blue. What is the largest possible number of red socks in the drawer that is consistent with this data?",8365
1991-13::1991_prompt01_s03,"A drawer contains a mixture of red socks and blue socks, at most 25178 in all. It so happens that, when two socks are selected randomly without replacement, there is a probability of exactly 3/4 that both are red or both are blue. What is the largest possible number of red socks in the drawer that is consistent with this data?",8365
1991-13::1991_prompt01_s04,"A drawer contains a mixture of red socks and blue socks, at most 29844 in all. It so happens that, when two socks are selected randomly without replacement, there is a probability of exactly 3/4 that both are red or both are blue. What is the largest possible number of red socks in the drawer that is consistent with this data?",8365
1991-13::1991_prompt01_s05,"A drawer contains a mixture of red socks and blue socks, at most 46399 in all. It so happens that, when two socks are selected randomly without replacement, there is a probability of exactly 3/4 that both are red or both are blue. What is the largest possible number of red socks in the drawer that is consistent with this data?",8365
1991-14::1991_prompt05_s01,A convex hexagon is inscribed in a circle. Five of the sides have length 1024 and the sixth side has length 1220. Find the sum of the lengths of all nine diagonals of the hexagon.,17312
1991-14::1991_prompt05_s02,A convex hexagon is inscribed in a circle. Five of the sides have length 3888 and the sixth side has length 8607. Find the sum of the lengths of all nine diagonals of the hexagon.,75456
1991-14::1991_prompt05_s03,A convex hexagon is inscribed in a circle. Five of the sides have length 1024 and the sixth side has length 1220. Find the sum of the lengths of all nine diagonals of the hexagon.,17312
1991-14::1991_prompt05_s04,A convex hexagon is inscribed in a circle. Five of the sides have length 768 and the sixth side has length 915. Find the sum of the lengths of all nine diagonals of the hexagon.,12984
1991-14::1991_prompt05_s05,A convex hexagon is inscribed in a circle. Five of the sides have length 3888 and the sixth side has length 8607. Find the sum of the lengths of all nine diagonals of the hexagon.,75456
1991-1::1991_prompt02_s01,"Let $x, y, z$ be three distinct positive integers. The elementary symmetric polynomials in $x,y,z$ are $e_1 = x+y+z$, $e_2 = xy+yz+zx$, and $e_3 = xyz$. These integers satisfy the following system of equations:
\begin{align*}
 e_1 + e_2 + e_3 &= 215 \\
 e_1 e_2 &= 1462 \\
 x^3+y^3+z^3 &= 863
\end{align*}
Given $A=215$, $B=1462$, and $D=863$, find the value of $x^2+y^2+z^2$.",117
1991-1::1991_prompt02_s02,"Let $x, y, z$ be three distinct positive integers. The elementary symmetric polynomials in $x,y,z$ are $e_1 = x+y+z$, $e_2 = xy+yz+zx$, and $e_3 = xyz$. These integers satisfy the following system of equations:
\begin{align*}
 e_1 + e_2 + e_3 &= 307 \\
 e_1 e_2 &= 2052 \\
 x^3+y^3+z^3 &= 1243
\end{align*}
Given $A=307$, $B=2052$, and $D=1243$, find the value of $x^2+y^2+z^2$.",145
1991-1::1991_prompt02_s03,"Let $x, y, z$ be three distinct positive integers. The elementary symmetric polynomials in $x,y,z$ are $e_1 = x+y+z$, $e_2 = xy+yz+zx$, and $e_3 = xyz$. These integers satisfy the following system of equations:
\begin{align*}
 e_1 + e_2 + e_3 &= 329 \\
 e_1 e_2 &= 2090 \\
 x^3+y^3+z^3 &= 1189
\end{align*}
Given $A=329$, $B=2090$, and $D=1189$, find the value of $x^2+y^2+z^2$.",141
1991-1::1991_prompt02_s04,"Let $x, y, z$ be three distinct positive integers. The elementary symmetric polynomials in $x,y,z$ are $e_1 = x+y+z$, $e_2 = xy+yz+zx$, and $e_3 = xyz$. These integers satisfy the following system of equations:
\begin{align*}
 e_1 + e_2 + e_3 &= 134 \\
 e_1 e_2 &= 784 \\
 x^3+y^3+z^3 &= 584
\end{align*}
Given $A=134$, $B=784$, and $D=584$, find the value of $x^2+y^2+z^2$.",84
1991-1::1991_prompt02_s05,"Let $x, y, z$ be three distinct positive integers. The elementary symmetric polynomials in $x,y,z$ are $e_1 = x+y+z$, $e_2 = xy+yz+zx$, and $e_3 = xyz$. These integers satisfy the following system of equations:
\begin{align*}
 e_1 + e_2 + e_3 &= 539 \\
 e_1 e_2 &= 3772 \\
 x^3+y^3+z^3 &= 1907
\end{align*}
Given $A=539$, $B=3772$, and $D=1907$, find the value of $x^2+y^2+z^2$.",201
1991-2::1991_prompt02_s01,"A sculpture is designed based on a rectangular prism with side lengths 4, 7, and 3. Let the vertices of the prism be at coordinates $(x,y,z)$ where $x \in \{0, 4\}, y \in \{0, 7\}, z \in \{0, 3\}$.
The design consists of several triangles. First, consider the vertex $P=(4,7,3)$ and its three adjacent vertices $A_1, A_2, A_3$. The three edges connecting $A_1, A_2, A_3$ to $P$ are each divided into 37 congruent segments. For $k=1, \dots, 37-1$, a triangle $T_k$ is formed by connecting the points that divide the edges $A_1P, A_2P, A_3P$ in a ratio of $k:(37-k)$.
Second, a symmetric construction is performed around the origin $O=(0,0,0)$, which is the vertex opposite to $P$. This creates another set of $37-1$ triangles, $T'_k$, using the edges connecting the vertices adjacent to $O$ with $O$.
Finally, the two base triangles, $\triangle A_1A_2A_3$ and the corresponding one near the origin, are also part of the design.
What is the sum of the areas of all $2 \cdot 37$ triangles in the design?",475
1991-2::1991_prompt02_s02,"A sculpture is designed based on a rectangular prism with side lengths 3, 4, and 7. Let the vertices of the prism be at coordinates $(x,y,z)$ where $x \in \{0, 3\}, y \in \{0, 4\}, z \in \{0, 7\}$.
The design consists of several triangles. First, consider the vertex $P=(3,4,7)$ and its three adjacent vertices $A_1, A_2, A_3$. The three edges connecting $A_1, A_2, A_3$ to $P$ are each divided into 37 congruent segments. For $k=1, \dots, 37-1$, a triangle $T_k$ is formed by connecting the points that divide the edges $A_1P, A_2P, A_3P$ in a ratio of $k:(37-k)$.
Second, a symmetric construction is performed around the origin $O=(0,0,0)$, which is the vertex opposite to $P$. This creates another set of $37-1$ triangles, $T'_k$, using the edges connecting the vertices adjacent to $O$ with $O$.
Finally, the two base triangles, $\triangle A_1A_2A_3$ and the corresponding one near the origin, are also part of the design.
What is the sum of the areas of all $2 \cdot 37$ triangles in the design?",475
1991-2::1991_prompt02_s03,"A sculpture is designed based on a rectangular prism with side lengths 4, 1, and 3. Let the vertices of the prism be at coordinates $(x,y,z)$ where $x \in \{0, 4\}, y \in \{0, 1\}, z \in \{0, 3\}$.
The design consists of several triangles. First, consider the vertex $P=(4,1,3)$ and its three adjacent vertices $A_1, A_2, A_3$. The three edges connecting $A_1, A_2, A_3$ to $P$ are each divided into 13 congruent segments. For $k=1, \dots, 13-1$, a triangle $T_k$ is formed by connecting the points that divide the edges $A_1P, A_2P, A_3P$ in a ratio of $k:(13-k)$.
Second, a symmetric construction is performed around the origin $O=(0,0,0)$, which is the vertex opposite to $P$. This creates another set of $13-1$ triangles, $T'_k$, using the edges connecting the vertices adjacent to $O$ with $O$.
Finally, the two base triangles, $\triangle A_1A_2A_3$ and the corresponding one near the origin, are also part of the design.
What is the sum of the areas of all $2 \cdot 13$ triangles in the design?",63
1991-2::1991_prompt02_s04,"A sculpture is designed based on a rectangular prism with side lengths 1, 4, and 3. Let the vertices of the prism be at coordinates $(x,y,z)$ where $x \in \{0, 1\}, y \in \{0, 4\}, z \in \{0, 3\}$.
The design consists of several triangles. First, consider the vertex $P=(1,4,3)$ and its three adjacent vertices $A_1, A_2, A_3$. The three edges connecting $A_1, A_2, A_3$ to $P$ are each divided into 13 congruent segments. For $k=1, \dots, 13-1$, a triangle $T_k$ is formed by connecting the points that divide the edges $A_1P, A_2P, A_3P$ in a ratio of $k:(13-k)$.
Second, a symmetric construction is performed around the origin $O=(0,0,0)$, which is the vertex opposite to $P$. This creates another set of $13-1$ triangles, $T'_k$, using the edges connecting the vertices adjacent to $O$ with $O$.
Finally, the two base triangles, $\triangle A_1A_2A_3$ and the corresponding one near the origin, are also part of the design.
What is the sum of the areas of all $2 \cdot 13$ triangles in the design?",63
1991-2::1991_prompt02_s05,"A sculpture is designed based on a rectangular prism with side lengths 5, 2, and 3. Let the vertices of the prism be at coordinates $(x,y,z)$ where $x \in \{0, 5\}, y \in \{0, 2\}, z \in \{0, 3\}$.
The design consists of several triangles. First, consider the vertex $P=(5,2,3)$ and its three adjacent vertices $A_1, A_2, A_3$. The three edges connecting $A_1, A_2, A_3$ to $P$ are each divided into 19 congruent segments. For $k=1, \dots, 19-1$, a triangle $T_k$ is formed by connecting the points that divide the edges $A_1P, A_2P, A_3P$ in a ratio of $k:(19-k)$.
Second, a symmetric construction is performed around the origin $O=(0,0,0)$, which is the vertex opposite to $P$. This creates another set of $19-1$ triangles, $T'_k$, using the edges connecting the vertices adjacent to $O$ with $O$.
Finally, the two base triangles, $\triangle A_1A_2A_3$ and the corresponding one near the origin, are also part of the design.
What is the sum of the areas of all $2 \cdot 19$ triangles in the design?",130
1991-4::1991_prompt01_s02,How many real numbers $x$ satisfy the equation $\log_2(x^2+1)=\cos(15\pi x)$?,30
1991-4::1991_prompt02_s01,"Let $C=4$, $N=4$, and $B=6$ be positive integers, with $B$ being an even integer. Let $A = C^N$. Find the number of real numbers $x$ in the interval $[1, A]$ that satisfy the equation
$$ \frac{x}256 = \cos(B\pi \log_C x). $$",25
1991-4::1991_prompt02_s02,"Let $C=2$, $N=7$, and $B=8$ be positive integers, with $B$ being an even integer. Let $A = C^N$. Find the number of real numbers $x$ in the interval $[1, A]$ that satisfy the equation
$$ \frac{x}128 = \cos(B\pi \log_C x). $$",57
1991-4::1991_prompt02_s03,"Let $C=2$, $N=6$, and $B=4$ be positive integers, with $B$ even. Let $A=C^N=64$. Find the number of real numbers $x$ in the interval $[1,A]$ that satisfy
$$\frac{x}{64}=\cos\bigl(B\pi\log_C x\bigr).$$",25
1991-4::1991_prompt02_s04,"Let $C=2$, $N=8$, and $B=12$. Let $A=C^N$. Find the number of real numbers $x$ in the interval $[1,A]$ that satisfy
$$\frac{x}{256}=\cos\!\left(B\pi\log_C x\right),$$
where $\log_C x$ denotes the logarithm of $x$ base $C$.",97
1991-5::1991_prompt06_s01,"A rational number $x$ can be represented as a fraction $p/q$ in many ways. For example, $0.5$ can be written as $1/2$, $2/4$, $3/6$, and so on. We are interested in the set of rational numbers $x$ in the interval $(0,1)$ for which there exists at least one representation $p/q$ satisfying the property that the product of the numerator and the denominator is $29!$. How many such rational numbers are in this set?",917280
1991-5::1991_prompt06_s02,"A rational number $x$ can be represented as a fraction $p/q$ in many ways. For example, $0.5$ can be written as $1/2$, $2/4$, $3/6$, and so on. We are interested in the set of rational numbers $x$ in the interval $(0,1)$ for which there exists at least one representation $p/q$ satisfying the property that the product of the numerator and the denominator is $30!$. How many such rational numbers are in this set?",1166400
1991-5::1991_prompt06_s03,"A rational number $x$ can be represented as a fraction $p/q$ in many ways. For example, $0.5$ can be written as $1/2$, $2/4$, $3/6$, and so on. We are interested in the set of rational numbers $x$ in the interval $(0,1)$ for which there exists at least one representation $p/q$ satisfying the property that the product of the numerator and the denominator is $26!$. How many such rational numbers are in this set?",266112
1991-5::1991_prompt06_s04,"A rational number $x$ can be represented as a fraction $p/q$ in many ways. For example, $0.5$ can be written as $1/2$, $2/4$, $3/6$, and so on. We are interested in the set of rational numbers $x$ in the interval $(0,1)$ for which there exists at least one representation $p/q$ satisfying the property that the product of the numerator and the denominator is $13!$. How many such rational numbers are in this set?",792
1991-5::1991_prompt06_s05,"A rational number $x$ can be represented as a fraction $p/q$ in many ways. For example, $0.5$ can be written as $1/2$, $2/4$, $3/6$, and so on. We are interested in the set of rational numbers $x$ in the interval $(0,1)$ for which there exists at least one representation $p/q$ satisfying the property that the product of the numerator and the denominator is $26!$. How many such rational numbers are in this set?",266112
1991-8::1991_prompt03_s01,For how many real numbers $a$ does the quadratic equation $x^2 + 6ax + 15a = 0$ have only integer roots for $x$?,4
1991-8::1991_prompt03_s02,For how many real numbers $a$ does the quadratic equation $x^2 + 4ax + 18a = 0$ have only integer roots for $x$?,6
1991-8::1991_prompt03_s03,For how many real numbers $a$ does the quadratic equation $x^2 + 6ax + 8a = 0$ have only integer roots for $x$?,3
1991-8::1991_prompt03_s04,For how many real numbers $a$ does the quadratic equation $x^2 + 9ax + 12a = 0$ have only integer roots for $x$?,3
1991-8::1991_prompt03_s05,For how many real numbers $a$ does the quadratic equation $x^2 + 6ax + 15a = 0$ have only integer roots for $x$?,4
1991-9::1991_prompt06_s03,"Suppose that $\sec x+\tan x=\frac{5}{3}$ and that $\sec(3x)+\tan(3x)=\frac{m}{n},$ where $\frac{m}{n}$ is in lowest terms. Find $m+n$.",104
1991-9::1991_prompt07_s01,Let $x$ be a real number such that $\sin x \neq 0$ and $4 \sec x + 15 \tan x = 4$. Find the value of $58 \csc x + 2 \cot x$.,-113
1991-9::1991_prompt07_s02,Let $x$ be a real number such that $\sin x \neq 0$ and $4 \sec x + 13 \tan x = 4$. Find the value of $50 \csc x + 2 \cot x$.,-86
1991-9::1991_prompt07_s03,Let $x$ be a real number such that $\sin x \neq 0$ and $7 \sec x + 5 \tan x = 7$. Find the value of $23 \csc x + 2 \cot x$.,-25
1991-9::1991_prompt07_s04,Let $x$ be a real number such that $\sin x \neq 0$ and $4 \sec x + 9 \tan x = 4$. Find the value of $34 \csc x + 2 \cot x$.,-44
1992-10::1992_prompt01_s01,"Let $L=60$, $c=4$, and $d=2$ be positive constants. Consider the region $A$ in the complex plane consisting of all points $z$ such that for the complex numbers $w_1 = z/L$ and $w_2 = L/\overline{{z}}$, the real parts of both $w_1$ and $w_2$ lie in the interval $[0, c]$ and the imaginary parts of both $w_1$ and $w_2$ lie in the interval $[0, d]$. What is the integer nearest to the area of $A$?",28412
1992-10::1992_prompt01_s04,"Let $L=72$, $c=4$, and $d=2$ be positive constants. Consider the region $A$ in the complex plane consisting of all points $z$ such that for the complex numbers $w_1 = z/L$ and $w_2 = L/\overline{{z}}$, the real parts of both $w_1$ and $w_2$ lie in the interval $[0, c]$ and the imaginary parts of both $w_1$ and $w_2$ lie in the interval $[0, d]$. What is the integer nearest to the area of $A$?",40914
1992-10::1992_prompt01_s05,"Let $L=44$, $c=1$, and $d=4$ be positive constants. Consider the region $A$ in the complex plane consisting of all points $z$ such that for the complex numbers $w_1 = z/L$ and $w_2 = L/\overline{{z}}$, the real parts of both $w_1$ and $w_2$ lie in the interval $[0, c]$ and the imaginary parts of both $w_1$ and $w_2$ lie in the interval $[0, d]$. What is the integer nearest to the area of $A$?",6974
1992-10::1992_prompt02_s05,"Consider the region $A$ in the complex plane that consists of all nonzero points $z$ such that both $\frac{z}{41}$ and $\frac{64}{\overline{z}^2}$ have real and imaginary parts between $0$ and $1$, inclusive. What is the integer that is nearest to the area of $A$?",818
1992-10::1992_prompt03_s01,"In the whimsical world of complex numbers, a special region $A$ is defined by a set of magical constraints. For a point $z$ to be in $A$, two conditions must be met simultaneously. Given the positive integers $n=2$, $L=28$, and $M=20$, the conditions are:
1. Both the real and imaginary parts of $\left(\frac{z}{28}\right)^2$ must lie in the interval $[0, 1]$.
2. Both the real and imaginary parts of $\left(\frac{20}{\overline{z}}\right)^2$ must lie in the interval $[0, 1]$.
What is the integer closest to the area of this region $A$?",408
1992-11::1992_prompt03_s01,"Lines $l_1$ and $l_2$ pass through the origin and make first-quadrant angles of $\pi/651$ and $\pi/1302$ radians, respectively, with the positive x-axis. A transformation $R$ on a line $l$ is defined as the composition of a reflection in $l_1$ followed by a reflection in $l_2$. Let $R^{(1)}(l)=R(l)$ and $R^{(n)}(l)=R(R^{(n-1)}(l))$ for $n \ge 2$. Let $l_{start}$ be the line through the origin with a first-quadrant angle of $\pi/93$ radians, and $l_{end}$ be the line through the origin with a first-quadrant angle of $\pi/31$ radians. Find the smallest positive integer $m$ such that $R^{(m)}(l_{start}) = l_{end}$.",637
1992-11::1992_prompt03_s02,"Lines $l_1$ and $l_2$ pass through the origin and make first-quadrant angles of $\pi/363$ and $\pi/33$ radians, respectively, with the positive x-axis. A transformation $R$ on a line $l$ is defined as the composition of a reflection in $l_1$ followed by a reflection in $l_2$. Let $R^{(1)}(l)=R(l)$ and $R^{(n)}(l)=R(R^{(n-1)}(l))$ for $n \ge 2$. Let $l_{start}$ be the line through the origin with a first-quadrant angle of $\pi/121$ radians, and $l_{end}$ be the line through the origin with a first-quadrant angle of $\pi/11$ radians. Find the smallest positive integer $m$ such that $R^{(m)}(l_{start}) = l_{end}$.",183
1992-11::1992_prompt03_s03,"Lines $l_1$ and $l_2$ pass through the origin and make first-quadrant angles of $\pi/64$ and $\pi/608$ radians, respectively, with the positive x-axis. A transformation $R$ on a line $l$ is defined as the composition of a reflection in $l_1$ followed by a reflection in $l_2$. Let $R^{(1)}(l)=R(l)$ and $R^{(n)}(l)=R(R^{(n-1)}(l))$ for $n \ge 2$. Let $l_{start}$ be the line through the origin with a first-quadrant angle of $\pi/76$ radians, and $l_{end}$ be the line through the origin with a first-quadrant angle of $\pi/38$ radians. Find the smallest positive integer $m$ such that $R^{(m)}(l_{start}) = l_{end}$.",536
1992-11::1992_prompt03_s04,"Lines $l_1$ and $l_2$ pass through the origin and make first-quadrant angles of $\pi/8$ and $\pi/668$ radians, respectively, with the positive x-axis. A transformation $R$ on a line $l$ is defined as the composition of a reflection in $l_1$ followed by a reflection in $l_2$. Let $R^{(1)}(l)=R(l)$ and $R^{(n)}(l)=R(R^{(n-1)}(l))$ for $n \ge 2$. Let $l_{start}$ be the line through the origin with a first-quadrant angle of $\pi/167$ radians, and $l_{end}$ be the line through the origin with a first-quadrant angle of $\pi/334$ radians. Find the smallest positive integer $m$ such that $R^{(m)}(l_{start}) = l_{end}$.",166
1992-11::1992_prompt03_s05,"Lines $l_1$ and $l_2$ pass through the origin and make first-quadrant angles of $\pi/378$ and $\pi/252$ radians, respectively, with the positive x-axis. A transformation $R$ on a line $l$ is defined as the composition of a reflection in $l_1$ followed by a reflection in $l_2$. Let $R^{(1)}(l)=R(l)$ and $R^{(n)}(l)=R(R^{(n-1)}(l))$ for $n \ge 2$. Let $l_{start}$ be the line through the origin with a first-quadrant angle of $\pi/42$ radians, and $l_{end}$ be the line through the origin with a first-quadrant angle of $\pi/21$ radians. Find the smallest positive integer $m$ such that $R^{(m)}(l_{start}) = l_{end}$.",9
1992-12::1992_prompt02_s01,"In a game of Chomp, the initial board is an 8-row by 11-column grid of unit squares, from which a 6-row by 7-column block of squares in the top-right corner has been removed. A move consists of choosing one of the remaining squares and removing it along with all squares above it and/or to its right that are still on the board. How many different subsets of the initial squares can occur as a board state during the game? Include the initial (L-shaped) board and the empty board in your count.",8685
1992-12::1992_prompt02_s03,"In a game of Chomp, the initial board is a 6-row by 11-column grid of unit squares, from which a 3-row by 3-column block of squares in the top-right corner has been removed. A move consists of choosing one of the remaining squares and removing it along with all squares above it and/or to its right that are still on the board. How many different subsets of the initial squares can occur as a board state during the game? Include the initial (L-shaped) board and the empty board in your count.",11484
1992-12::1992_prompt03_s02,"The game of Chomp is played on a rectangular grid of chocolate squares. A move consists of picking a square and eating it along with all squares to its right and above. The top-left square is poisoned, and the player who eats it loses.

Consider a variant played on an 18-by-11 grid. Number the rows from bottom to top and the columns from left to right, so the poisoned square is at $(18,1)$. Before the game starts, a block of squares is found to be moldy and is removed. This block consists of all squares $(i,j)$ satisfying $11 \le i \le 18$ and $6 \le j \le 11$; in other words, the top-right $8\times 6$ block is missing.

A ""board state"" is any configuration of squares that can exist during a game. How many distinct board states are possible on this moldy grid? (Include both the initial state and the empty board.)",23167508
1992-12::1992_prompt03_s03,"The game of Chomp is played on a rectangular grid of chocolate squares. A move consists of picking a square and eating it along with all squares to its right and below. The top-left square is poisoned, and the player who eats it loses.
Consider a variant played on a 10-by-13 grid. Before the game starts, a block of squares is found to be moldy and is removed. This block consists of all squares $(i, j)$ (row $i$ counted from the top, column $j$ from the left, with $1 \le i \le 10$ and $1 \le j \le 13$) satisfying $i \ge 3$ and $j \ge 7$.
A ""board state"" is any configuration of squares that can exist during a game. How many distinct board states are possible on this moldy grid? (The initial state of all non-moldy squares and the final state of no squares are included in the count.)",127127
1992-12::1992_prompt03_s04,"The game of Chomp is played on a rectangular grid of chocolate squares. A move consists of picking a square and eating it along with all squares to its right and below. The top-left square is poisoned, and the player who eats it loses.
Consider a variant played on a 12-by-11 grid. Before the game starts, a block of squares is found to be moldy and is removed. This block consists of all squares `(i, j)` (row `i`, column `j`, with `1 <= i <= 12` and `1 <= j <= 11`) satisfying `i >= 6` and `j >= 3`.
A ""board state"" is any configuration of squares that can exist during a game. How many distinct board states are possible on this moldy grid? (The initial state of all non-moldy squares and the final state of no squares are included in the count.)",81445
1992-13::1992_prompt06_s01,Let A and B be two points in a plane with distance AB = 10. Let C be a point in the plane such that the ratio of its distances to A and B is AC/BC = 24/26. Let D be a point in the plane such that its distance to C is CD = 8. What is the largest possible area of the triangle ABD?,352
1992-13::1992_prompt06_s02,Let A and B be two points in a plane with distance AB = 160. Let C be a point in the plane such that the ratio of its distances to A and B is AC/BC = 36/164. Let D be a point in the plane such that its distance to C is CD = 7. What is the largest possible area of the triangle ABD?,3512
1992-13::1992_prompt06_s03,Let A and B be two points in a plane with distance AB = 16. Let C be a point in the plane such that the ratio of its distances to A and B is AC/BC = 12/20. Let D be a point in the plane such that its distance to C is CD = 4. What is the largest possible area of the triangle ABD?,152
1992-13::1992_prompt06_s04,Let A and B be two points in a plane with distance AB = 24. Let C be a point in the plane such that the ratio of its distances to A and B is AC/BC = 18/30. Let D be a point in the plane such that its distance to C is CD = 21. What is the largest possible area of the triangle ABD?,522
1992-13::1992_prompt06_s05,Let A and B be two points in a plane with distance AB = 8. Let C be a point in the plane such that the ratio of its distances to A and B is AC/BC = 6/10. Let D be a point in the plane such that its distance to C is CD = 12. What is the largest possible area of the triangle ABD?,78
1992-14::1992_prompt02_s01,"In triangle $ABC$, cevians $AA'$, $BB'$, and $CC'$ are concurrent at point $O$. Let $r_A = \frac{AO}{OA'}$, $r_B = \frac{BO}{OB'}$, and $r_C = \frac{CO}{OC'}$. Given that the sum of these three ratios is $39$ and the sum of their squares is $857$, find the value of the product of these three ratios, $r_A r_B r_C$.",41
1992-14::1992_prompt02_s02,"In triangle $ABC$, cevians $AA'$, $BB'$, and $CC'$ are concurrent at point $O$. Let $r_A = \frac{AO}{OA'}$, $r_B = \frac{BO}{OB'}$, and $r_C = \frac{CO}{OC'}$. Given that the sum of these three ratios is $8$ and the sum of their squares is $28$, find the value of the product of these three ratios, $r_A r_B r_C$.",10
1992-14::1992_prompt02_s03,"In triangle $ABC$, cevians $AA'$, $BB'$, and $CC'$ are concurrent at point $O$. Let $r_A = \frac{AO}{OA'}$, $r_B = \frac{BO}{OB'}$, and $r_C = \frac{CO}{OC'}$. Given that the sum of these three ratios is $19$ and the sum of their squares is $212$, find the value of the product of these three ratios, $r_A r_B r_C$.",21
1992-14::1992_prompt02_s04,"In triangle $ABC$, cevians $AA'$, $BB'$, and $CC'$ are concurrent at point $O$. Let $r_A = \frac{AO}{OA'}$, $r_B = \frac{BO}{OB'}$, and $r_C = \frac{CO}{OC'}$. Given that the sum of these three ratios is $39$ and the sum of their squares is $757$, find the value of the product $r_A r_B r_C$.",41
1992-14::1992_prompt03_s01,"In a tetrahedron $ABCD$, a point $O$ lies in its interior. The lines $AO, BO, CO, DO$ intersect the opposite faces $BCD, ACD, ABD, ABC$ at points $A', B', C', D'$ respectively. Let the four ratios be $r_A = \frac{AO}{OA'}$, $r_B = \frac{BO}{OB'}$, $r_C = \frac{CO}{OC'}$, and $r_D = \frac{DO}{OD'}$. Given that the sum of these four ratios is $14$ and the sum of their squares is $58$, find the product of the four ratios, $r_A r_B r_C r_D$.",100
1992-15::1992_prompt01_s01,"Let $p$ be a prime number. A positive integer $n$ is defined to be a $p$-factorial tail if there exists a positive integer $m$ such that the exponent of $p$ in the prime factorization of $m!$ (denoted as $v_p(m!)$) is exactly $n$. For $p = 7$, how many positive integers less than 2534 are not $p$-factorial tails?",360
1992-15::1992_prompt01_s03,"Let $p$ be a prime number. A positive integer $n$ is defined to be a $p$-factorial tail if there exists a positive integer $m$ such that the exponent of $p$ in the prime factorization of $m!$ (denoted as $v_p(m!)$) is exactly $n$. For $p = 3$, how many positive integers less than 1590 are not $p$-factorial tails?",528
1992-15::1992_prompt01_s04,"Let $p$ be a prime number. A positive integer $n$ is defined to be a $p$-factorial tail if there exists a positive integer $m$ such that the exponent of $p$ in the prime factorization of $m!$ (denoted as $v_p(m!)$) is exactly $n$. For $p = 7$, how many positive integers less than 5545 are not $p$-factorial tails?",790
1992-15::1992_prompt05_s02,"Let $p=5$ be a prime and $c=4$ be a positive integer. A positive integer $n$ is called a $(p,c)$-power tail if there exists a positive integer $m$ such that the exponent of $p$ in the prime factorization of $m!$ is exactly $n \cdot c$. How many positive integers less than $1051$ are not $(p,c)$-power tails?",200
1992-15::1992_prompt08_s01,"For a prime $p$, a positive integer $n$ is called a $p$-factorial tail if there exists a positive integer $m$ such that the base-$p$ representation of $m!$ ends with exactly $n$ zeros. Let $f(p, L)$ be the number of positive integers less than $L$ that are *not* $p$-factorial tails. Given the primes $p=5$ and $q=13$ (with $p < q$), and an integer $L=4954$, compute $f(p, L) - f(q, L)$.",609
1992-1::1992_prompt01_s01,Let S be the set of all positive rational numbers x that are less than 7 and have a denominator of 10 when written in lowest terms. The sum of the squares of all numbers in S can be expressed as a fraction `m/q` in lowest terms. What is the value of `m+q`?,2294
1992-1::1992_prompt01_s02,Let S be the set of all positive rational numbers x that are less than 9 and have a denominator of 30 when written in lowest terms. The sum of the cubes of all numbers in S can be expressed as a fraction `m/q` in lowest terms. What is the value of `m+q`?,65588
1992-1::1992_prompt01_s03,Let S be the set of all positive rational numbers x that are less than 5 and have a denominator of 15 when written in lowest terms. The sum of the cubes of all numbers in S can be expressed as a fraction `m/q` in lowest terms. What is the value of `m+q`?,3763
1992-1::1992_prompt01_s04,Let S be the set of all positive rational numbers x that are less than 10 and have a denominator of 22 when written in lowest terms. The sum of the squares of all numbers in S can be expressed as a fraction `m/q` in lowest terms. What is the value of `m+q`?,36686
1992-1::1992_prompt01_s05,Let S be the set of all positive rational numbers x that are less than 8 and have a denominator of 14 when written in lowest terms. The sum of the cubes of all numbers in S can be expressed as a fraction `m/q` in lowest terms. What is the value of `m+q`?,43063
1992-2::1992_prompt02_s01,"A sequence of integers $(d_1,d_2,\ldots,d_k)$ is said to be 2-leaping if $d_{i+1}-d_i\ge 2$ for all $1\le i<k$. How many 2-leaping sequences of length at least 2 exist whose elements are all in the set $\{1,2,\ldots,13\}$?",596
1992-2::1992_prompt02_s02,"A sequence of integers $(d_1,d_2,\ldots,d_k)$ is said to be 3-leaping if $d_{i+1}-d_i\ge 3$ for all $1\le i<k$. How many 3-leaping sequences of length at least 3 exist whose elements are all in the set $\{1,2,\ldots,16\}$?",487
1992-2::1992_prompt02_s03,"A sequence of integers \((d_1,d_2,\ldots,d_k)\) is said to be 2-leaping if \(d_{i+1}-d_i\ge 2\) for all \(1\le i<k\). How many 2-leaping sequences of length at least 3 exist whose elements are all in the set \(\{1,2,\ldots,27\}\)?",513876
1992-2::1992_prompt02_s04,"A sequence of integers \((d_1,d_2,\ldots,d_k)\) is said to be 4-leaping if \(d_{i+1}-d_i\ge 4\) for all \(1\le i<k\). How many 4-leaping sequences of length at least 2 exist whose elements are all in the set \(\{1,2,\ldots,23\}\)?",2361
1992-2::1992_prompt02_s05,"A sequence of integers $(d_1,d_2,\ldots,d_k)$ is said to be $3$-leaping if $d_{i+1}-d_i\ge 3$ for all $1\le i<k$. How many $3$-leaping sequences of length at least $4$ exist whose elements are all in the set $\{1,2,\ldots,29\}$?",82945
1992-3::1992_prompt05_s01,"A professional gamer's performance is measured by her win rate: the number of games won divided by the total number of games played. At one point, her win rate was exactly 4/5. She then played another 42 games, winning 36 of them. After these games, her new win rate exceeded her previous win rate by more than 1/93. What is the largest possible number of games she could have won before playing the last 42 games?",144
1992-3::1992_prompt05_s02,"A professional gamer's performance is measured by her win rate: the number of games won divided by the total number of games played. At one point, her win rate was exactly 5/6. She then played another 59 games, winning 55 of them. After these games, her new win rate exceeded her previous win rate by more than 1/72. What is the largest possible number of games she could have won before playing the last 59 games?",300
1992-3::1992_prompt05_s03,"A professional gamer's performance is measured by her win rate: the number of games won divided by the total number of games played. At one point, her win rate was exactly 1/2. She then played another 45 games, winning 43 of them. After these games, her new win rate exceeded her previous win rate by more than 2/41. What is the largest possible number of games she could have won before playing the last 45 games?",187
1992-3::1992_prompt05_s04,"A professional gamer's performance is measured by her win rate: the number of games won divided by the total number of games played. At one point, her win rate was exactly 1/2. She then played another 47 games, winning 39 of them. After these games, her new win rate exceeded her previous win rate by more than 1/21. What is the largest possible number of games she could have won before playing the last 47 games?",139
1992-3::1992_prompt05_s05,"A professional gamer's performance is measured by her win rate: the number of games won divided by the total number of games played. At one point, her win rate was exactly 3/5. She then played another 32 games, winning 24 of them. After these games, her new win rate exceeded her previous win rate by more than 1/62. What is the largest possible number of games she could have won before playing the last 32 games?",159
1992-4::1992_prompt01_s01,"In Pascal's triangle, let $C(n, k)$ denote the entry in row $n$ and position $k$ (with $k$ starting from 0). We are looking for a triple of entries $(x, y, z)$ of the form $x = C(n, k-1)$, $y = C(n, k)$, and $z = C(n+1, k)$ for some integers $n$ and $k$. Find the smallest positive integer $n$ for which there exist such a triple $(x, y, z)$ and an integer $k$ (with $1 \le k \le n$) such that the ratio $x:y:z$ is equal to $30:35:65$.",12
1992-4::1992_prompt01_s02,"In Pascal's triangle, let $C(n, k)$ denote the entry in row $n$ and position $k$ (with $k$ starting from 0). We are looking for a triple of entries $(x, y, z)$ of the form $x = C(n, k-1)$, $y = C(n, k)$, and $z = C(n+1, k)$ for some integers $n$ and $k$. Find the smallest positive integer $n$ for which there exist such a triple $(x, y, z)$ and an integer $k$ (with $1 \le k \le n$) such that the ratio $x:y:z$ is equal to $15:21:36$.",11
1992-4::1992_prompt01_s03,"In Pascal's triangle, let $C(n, k)$ denote the entry in row $n$ and position $k$ (with $k$ starting from 0). We are looking for a triple of entries $(x, y, z)$ of the form $x = C(n, k-1)$, $y = C(n, k)$, and $z = C(n+1, k)$ for some integers $n$ and $k$. Find the smallest positive integer $n$ for which there exist such a triple $(x, y, z)$ and an integer $k$ (with $1 \le k \le n$) such that the ratio $x:y:z$ is equal to $12:16:28$.",6
1992-4::1992_prompt01_s04,"In Pascal's triangle, let $C(n, k)$ denote the entry in row $n$ and position $k$ (with $k$ starting from 0). We are looking for a triple of entries $(x, y, z)$ of the form $x = C(n, k-1)$, $y = C(n, k)$, and $z = C(n+1, k)$ for some integers $n$ and $k$. Find the smallest positive integer $n$ for which there exist such a triple $(x, y, z)$ and an integer $k$ (with $1 \le k \le n$) such that the ratio $x:y:z$ is equal to $40:15:55$.",10
1992-4::1992_prompt01_s05,"In Pascal's triangle, let $C(n, k)$ denote the entry in row $n$ and position $k$ (with $k$ starting from 0). We are looking for a triple of entries $(x, y, z)$ of the form $x = C(n, k-1)$, $y = C(n, k)$, and $z = C(n+1, k)$ for some integers $n$ and $k$. Find the smallest positive integer $n$ for which there exist such a triple $(x, y, z)$ and an integer $k$ (with $1 \le k \le n$) such that the ratio $x:y:z$ is equal to $18:14:32$.",15
1992-5::1992_prompt03_s01,"For integers $B=9$ and $k=3$, let $M=B^k-1=728$. Consider the set of rational numbers
$$\mathcal{R}=\left\{\frac{N}{M}\mid 1\le N\le 727\right\}.$$ 
If each number in $\mathcal{R}$ is written as a fraction in lowest terms, how many distinct numerators appear?",332
1992-5::1992_prompt03_s02,"For integers $B=5$ and $k=4$, consider the set of rational numbers
$$\mathcal{R}=\left\{\frac{N}{B^k-1}\mid N\text{ is an integer and }1\le N\le 623\right\}.$$ 
If each number in $\mathcal{R}$ is written as a fraction in lowest terms, how many distinct numerators appear?",239
1992-5::1992_prompt03_s03,"For integers $B=7$ and $k=4$, consider the set of rational numbers
$$\mathcal{R}=\left\{\frac{N}{B^k-1}\mid 1\le N\le 2399\right\}.$$ 
If each number in $\mathcal{R}$ is written as a fraction in lowest terms, how many distinct numerators appear?",778
1992-5::1992_prompt03_s04,"For integers $B=8$ and $k=5$, consider the set of rational numbers
$$\mathcal{R}=\left\{\frac{N}{B^k-1}\mid 1\le N\le B^k-2\right\}=
\left\{\frac{N}{32767}\mid 1\le N\le 32766\right\}. $$
If each number in $\mathcal{R}$ is written as a fraction in lowest terms, how many distinct numerators appear?",27674
1992-5::1992_prompt03_s05,"For integers $B=6$ and $k=4$, consider the set of rational numbers
$$\mathcal{R}=\left\{\frac{N}{B^k-1}\mid 1\le N\le 1294\right\}.$$ 
If each number in $\mathcal{R}$ is written as a fraction in lowest terms, how many distinct numerators appear?",929
1992-6::1992_prompt01_s02,"Let $b=4$ be an even integer. When computing an expression in base $b$, the number of carries is the total count of carries generated across all digit positions. For example, in base 10, $53+84=137$ has one carry (from the tens place, since $5+8 \ge 10$). How many integers $n$ in the range $[151, 1578]$ (inclusive) have the property that the calculation of $2n+1$ in base $b$ involves exactly one carry?",240
1992-6::1992_prompt03_s02,"In the base-14 numeral system, we define a curious operation on a positive integer $n$. Let the base-14 representation of $n$ be $(d_{m-1}d_{m-2}...d_0)_b$. Its *digital successor*, denoted $f(n)$, is the integer whose base-14 representation is $((d_{m-1}+1) \pmod14 (d_{m-2}+1) \pmod14 ... (d_0+1) \pmod14)_b$. For example, in base 10, if $n=189$, its digits are $1,8,9$. The new digits are $(1+1)\pmod{10}=2, (8+1)\pmod{10}=9, (9+1)\pmod{10}=0$, so $f(189)=(290)_{10}=290$. How many integers $n$ in the range $[168, 83115740]$ (inclusive) satisfy the property $f(n) = n+1$?",59
1992-6::1992_prompt03_s03,"In the base-13 numeral system, we define a curious operation on a positive integer $n$. Let the base-13 representation of $n$ be $(d_{m-1}d_{m-2}...d_0)_b$. Its *digital successor*, denoted $f(n)$, is the integer whose base-13 representation is $((d_{m-1}+1) \pmod13 (d_{m-2}+1) \pmod13 ... (d_0+1) \pmod13)_b$. For example, in base 10, if $n=189$, its digits are $1,8,9$. The new digits are $(1+1)\pmod{10}=2, (8+1)\pmod{10}=9, (9+1)\pmod{10}=0$, so $f(189)=(290)_{10}=290$. How many integers $n$ in the range $[2132, 4253088]$ (inclusive) satisfy the property $f(n) = n+1$?",32
1992-6::1992_prompt03_s04,"In the base-16 numeral system, we define a curious operation on a positive integer $n$. Let the base-16 representation of $n$ be $(d_{m-1}d_{m-2}...d_0)_b$. Its *digital successor*, denoted $f(n)$, is the integer whose base-16 representation is $((d_{m-1}+1) \pmod16 (d_{m-2}+1) \pmod16 ... (d_0+1) \pmod16)_b$. For example, in base 10, if $n=189$, its digits are $1,8,9$. The new digits are $(1+1)\pmod{10}=2, (8+1)\pmod{10}=9, (9+1)\pmod{10}=0$, so $f(189)=(290)_{10}=290$. How many integers $n$ in the range $[244, 8395581]$ (inclusive) satisfy the property $f(n) = n+1$?",49
1992-6::1992_prompt03_s05,"In the base-15 numeral system, we define a curious operation on a positive integer $n$. Let the base-15 representation of $n$ be $(d_{m-1}d_{m-2}...d_0)_b$. Its *digital successor*, denoted $f(n)$, is the integer whose base-15 representation is $((d_{m-1}+1) \pmod15 (d_{m-2}+1) \pmod15 ... (d_0+1) \pmod15)_b$. For example, in base 10, if $n=189$, its digits are $1,8,9$. The new digits are $(1+1)\pmod{10}=2, (8+1)\pmod{10}=9, (9+1)\pmod{10}=0$, so $f(189)=(290)_{10}=290$. How many integers $n$ in the range $[569616, 166575543]$ (inclusive) satisfy the property $f(n) = n+1$?",29
1992-7::1992_prompt02_s01,"In a tetrahedron $ABCD$, the edges connected to vertex $B$ have lengths $BA = 20$, $BC = 20$, and $BD = 6$. The areas of the three faces meeting at vertex $B$ are $\text{Area}(BCD) = 48$, $\text{Area}(ABD) = 60$, and $\text{Area}(ABC) = 160$. All three face angles at vertex $B$ (namely $\angle ABC$, $\angle CBD$, and $\angle ABD$) are no larger than $90^\circ$. The squared volume of the tetrahedron is $V^2$. Find $1V^2$.",44800
1992-7::1992_prompt02_s02,"In a tetrahedron $ABCD$, the edges connected to vertex $B$ have lengths $BA = 10$, $BC = 10$, and $BD = 6$. The areas of the three faces meeting at vertex $B$ are $\text{Area}(BCD) = 24$, $\text{Area}(ABD) = 30$, and $\text{Area}(ABC) = 40$. All three face angles at vertex $B$ (namely $\angle ABC$, $\angle CBD$, and $\angle ABD$) are no larger than $90^\circ$. The squared volume of the tetrahedron is $V^2$. Find $1V^2$.",2800
1992-7::1992_prompt02_s03,"In a tetrahedron $ABCD$, the edges connected to vertex $B$ have lengths $BA = 20$, $BC = 15$, and $BD = 2$. The areas of the three faces meeting at vertex $B$ are $\text{Area}(BCD) = 12$, $\text{Area}(ABD) = 20$, and $\text{Area}(ABC) = 120$. All three face angles at vertex $B$ (namely $\angle ABC$, $\angle CBD$, and $\angle ABD$) are no larger than $90^\circ$. The squared volume of the tetrahedron is $V^2$. Find $1V^2$.",2800
1992-7::1992_prompt02_s04,"In a tetrahedron $ABCD$, the edges connected to vertex $B$ have lengths $BA = 20$, $BC = 15$, and $BD = 4$. The areas of the three faces meeting at vertex $B$ are $\text{Area}(BCD) = 24$, $\text{Area}(ABD) = 40$, and $\text{Area}(ABC) = 120$. All three face angles at vertex $B$ (namely $\angle ABC$, $\angle CBD$, and $\angle ABD$) are no larger than $90^\circ$. The squared volume of the tetrahedron is $V^2$. Find $1V^2$.",11200
1992-7::1992_prompt02_s05,"In a tetrahedron $ABCD$, the edges connected to vertex $B$ have lengths $BA = 5$, $BC = 20$, and $BD = 6$. The areas of the three faces meeting at vertex $B$ are $\text{Area}(BCD) = 48$, $\text{Area}(ABD) = 15$, and $\text{Area}(ABC) = 40$. All three face angles at vertex $B$ (namely $\angle ABC$, $\angle CBD$, and $\angle ABD$) are no larger than $90^\circ$. The squared volume of the tetrahedron is $V^2$. Find $1V^2$.",2800
1992-8::1992_prompt01_s01,"For any sequence of real numbers $A=(a_1,a_2,a_3,\ldots)$, define $\Delta A$ to be the sequence $(a_2-a_1,a_3-a_2,a_4-a_3,\ldots)$, whose $n$-th term is $a_{n+1}-a_n$. Let $\Delta^k A$ denote applying the $\Delta$ operator $k$ times. Suppose that for $k=3$, all terms of the sequence $\Delta^3 A$ are equal to a constant $6$. It is also known that $a_11=0$, $a_21=0$, and the sum of the terms from $a_11$ to $a_21$ (inclusive) is zero, i.e., $\sum_{n=11}^{21} a_n = 0$. Given that $11$ and $21$ are distinct integers with the same parity, find the value of $a_1$.",-3000
1992-8::1992_prompt01_s02,"For any sequence of real numbers $A=(a_1,a_2,a_3,\ldots)$, define $\Delta A$ to be the sequence $(a_2-a_1,a_3-a_2,a_4-a_3,\ldots)$, whose $n$-th term is $a_{n+1}-a_n$. Let $\Delta^k A$ denote applying the $\Delta$ operator $k$ times. Suppose that for $k=3$, all terms of the sequence $\Delta^3 A$ are equal to a constant $-4$. It is also known that $a_12=0$, $a_14=0$, and the sum of the terms from $a_12$ to $a_14$ (inclusive) is zero, i.e., $\sum_{n=12}^{14} a_n = 0$. Given that $12$ and $14$ are distinct integers with the same parity, find the value of $a_1$.",1144
1992-8::1992_prompt01_s03,"For any sequence of real numbers $A=(a_1,a_2,a_3,\ldots)$, define $\Delta A$ to be the sequence $(a_2-a_1,a_3-a_2,a_4-a_3,\ldots)$, whose $n$-th term is $a_{n+1}-a_n$. Let $\Delta^k A$ denote applying the $\Delta$ operator $k$ times. Suppose that for $k=3$, all terms of the sequence $\Delta^3 A$ are equal to a constant $-4$. It is also known that $a_10=0$, $a_20=0$, and the sum of the terms from $a_10$ to $a_20$ (inclusive) is zero, i.e., $\sum_{n=10}^{20} a_n = 0$. Given that $10$ and $20$ are distinct integers with the same parity, find the value of $a_1$.",1596
1992-8::1992_prompt01_s04,"For any sequence of real numbers $A=(a_1,a_2,a_3,\ldots)$, define $\Delta A$ to be the sequence $(a_2-a_1,a_3-a_2,a_4-a_3,\ldots)$, whose $n$-th term is $a_{n+1}-a_n$. Let $\Delta^k A$ denote applying the $\Delta$ operator $k$ times. Suppose that for $k=3$, all terms of the sequence $\Delta^3 A$ are equal to a constant $-2$. It is also known that $a_6=0$, $a_14=0$, and the sum of the terms from $a_6$ to $a_14$ (inclusive) is zero, i.e., $\sum_{n=6}^{14} a_n = 0$. Given that $6$ and $14$ are distinct integers with the same parity, find the value of $a_1$.",195
1992-8::1992_prompt01_s05,"For any sequence of real numbers $A=(a_1,a_2,a_3,\ldots)$, define $\Delta A$ to be the sequence $(a_2-a_1,a_3-a_2,a_4-a_3,\ldots)$, whose $n$-th term is $a_{n+1}-a_n$. Let $\Delta^k A$ denote applying the $\Delta$ operator $k$ times. Suppose that for $k=3$, all terms of the sequence $\Delta^3 A$ are equal to a constant $4$. It is also known that $a_9=0$, $a_19=0$, and the sum of the terms from $a_9$ to $a_19$ (inclusive) is zero, i.e., $\sum_{n=9}^{19} a_n = 0$. Given that $9$ and $19$ are distinct integers with the same parity, find the value of $a_1$.",-1248
1992-9::1992_prompt07_s01,"A trapezoid $ABCD$ has parallel sides $AB$ and $CD$, with side lengths $AB = 102$, $BC = 111$, $CD = 27$, and $DA = 48$. A point $P$ in the interior of the trapezoid has the property that it is equidistant from the lines containing sides $AD$ and $BC$, and also equidistant from the lines containing sides $AB$ and $CD$. Let a circle centered at $P$ tangent to side $AD$ have radius $r_1$, and a circle centered at $P$ tangent to side $AB$ have radius $r_2$. If the ratio $r_1/r_2$ is expressed as a fraction $m/n$ where $m$ and $n$ are relatively prime positive integers, what is the value of $m+n$?",96
1992-9::1992_prompt07_s02,"A trapezoid $ABCD$ has parallel sides $AB$ and $CD$, with side lengths $AB = 209$, $BC = 102$, $CD = 66$, and $DA = 49$. A point $P$ in the interior of the trapezoid has the property that it is equidistant from the lines containing sides $AD$ and $BC$, and also equidistant from the lines containing sides $AB$ and $CD$. Let a circle centered at $P$ tangent to side $AD$ have radius $r_1$, and a circle centered at $P$ tangent to side $AB$ have radius $r_2$. If the ratio $r_1/r_2$ is expressed as a fraction $m/n$ where $m$ and $n$ are relatively prime positive integers, what is the value of $m+n$?",426
1992-9::1992_prompt07_s03,"A trapezoid $ABCD$ has parallel sides $AB$ and $CD$, with side lengths $AB = 163$, $BC = 109$, $CD = 43$, and $DA = 71$. A point $P$ in the interior of the trapezoid has the property that it is equidistant from the lines containing sides $AD$ and $BC$, and also equidistant from the lines containing sides $AB$ and $CD$. Let a circle centered at $P$ tangent to side $AD$ have radius $r_1$, and a circle centered at $P$ tangent to side $AB$ have radius $r_2$. If the ratio $r_1/r_2$ is expressed as a fraction $m/n$ where $m$ and $n$ are relatively prime positive integers, what is the value of $m+n$?",193
1992-9::1992_prompt07_s04,"A trapezoid $ABCD$ has parallel sides $AB$ and $CD$, with side lengths $AB = 106$, $BC = 105$, $CD = 53$, and $DA = 63$. A point $P$ in the interior of the trapezoid has the property that it is equidistant from the lines containing sides $AD$ and $BC$, and also equidistant from the lines containing sides $AB$ and $CD$. Let a circle centered at $P$ tangent to side $AD$ have radius $r_1$, and a circle centered at $P$ tangent to side $AB$ have radius $r_2$. If the ratio $r_1/r_2$ is expressed as a fraction $m/n$ where $m$ and $n$ are relatively prime positive integers, what is the value of $m+n$?",109
1992-9::1992_prompt07_s05,"A trapezoid $ABCD$ has parallel sides $AB$ and $CD$, with side lengths $AB = 71$, $BC = 86$, $CD = 23$, and $DA = 54$. A point $P$ in the interior of the trapezoid has the property that it is equidistant from the lines containing sides $AD$ and $BC$, and also equidistant from the lines containing sides $AB$ and $CD$. Let a circle centered at $P$ tangent to side $AD$ have radius $r_1$, and a circle centered at $P$ tangent to side $AB$ have radius $r_2$. If the ratio $r_1/r_2$ is expressed as a fraction $m/n$ where $m$ and $n$ are relatively prime positive integers, what is the value of $m+n$?",117
1993-10::1993_prompt01_s01,"A convex polyhedron is an isogonal solid, meaning its vertices are all equivalent under the symmetries of the polyhedron. Its faces are all regular polygons of three types: 4-gons, 6-gons, and 10-gons. Let $F_1$, $F_2$, and $F_3$ be the number of faces of each type, respectively. At each of the $V$ vertices, exactly $N_1$ 4-gons, $N_2$ 6-gons, and $N_3$ 10-gons meet. The vertex configuration $(N_1, N_2, N_3)$ is constant for all vertices. It is known that the face counts satisfy the relation $2F_1  - 2F_2  + 2F_3 = 44. Find the value of $1000V + 100N_1 + 10N_2 + N_3$.",120111
1993-10::1993_prompt01_s02,"A convex polyhedron is an isogonal solid, meaning its vertices are all equivalent under the symmetries of the polyhedron. Its faces are all regular polygons of three types: 4-gons, 6-gons, and 8-gons. Let $F_1$, $F_2$, and $F_3$ be the number of faces of each type, respectively. At each of the $V$ vertices, exactly $N_1$ 4-gons, $N_2$ 6-gons, and $N_3$ 8-gons meet. The vertex configuration $(N_1, N_2, N_3)$ is constant for all vertices. It is known that the face counts satisfy the relation $F_1  + 2F_2  + F_3 = 34. Find the value of $1000V + 100N_1 + 10N_2 + N_3$.",48111
1993-10::1993_prompt01_s03,"A convex polyhedron is an isogonal solid, meaning its vertices are all equivalent under the symmetries of the polyhedron. Its faces are all regular polygons of three types: 3-gons, 4-gons, and 5-gons. Let $F_1$, $F_2$, and $F_3$ be the number of faces of each type, respectively. At each of the $V$ vertices, exactly $N_1$ 3-gons, $N_2$ 4-gons, and $N_3$ 5-gons meet. The vertex configuration $(N_1, N_2, N_3)$ is constant for all vertices. It is known that the face counts satisfy the relation $2F_2 + F_3 = 72$. Find the value of $1000V + 100N_1 + 10N_2 + N_3$.",60121
1993-10::1993_prompt01_s04,"A convex polyhedron is an isogonal solid, meaning its vertices are all equivalent under the symmetries of the polyhedron. Its faces are all regular polygons of three types: 3-gons, 4-gons, and 5-gons, and all three types occur. Let $F_1$, $F_2$, and $F_3$ be the numbers of faces of each type, respectively. At each of the $V$ vertices, exactly $N_1$ 3-gons, $N_2$ 4-gons, and $N_3$ 5-gons meet. The vertex configuration $(N_1,N_2,N_3)$ is constant for all vertices. Find the value of $1000V + 100N_1 + 10N_2 + N_3$.",60121
1993-10::1993_prompt02_s01,"A convex polyhedron has 14 faces. Each face is either a quadrilateral or a hexagon. Each vertex is of one of the following two types: at a vertex of the first type, 3 quadrilaterals and 0 hexagons meet; at a vertex of the second type, 1 quadrilateral and 2 hexagons meet. Let $V_1$ be the number of vertices of the first type and $V_2$ be the number of vertices of the second type. What is the value of $V_1+1000V_2$?",24000
1993-11::1993_prompt02_s01,"In a three-player coin-tossing contest, Alfred, Bonnie, and Charlie use biased coins that land heads with probabilities 2/5, 4/6, and 8/10, respectively. In each game, the players take turns in cyclic order, starting with that game's starter, and the first head wins the game. After a game ends, the starter for the next game is the player immediately preceding the winner in that game's cyclic order (that is, the player who would have tossed immediately before the winning toss). Alfred starts the first game. If the probability that Alfred wins the 9th game is m/n in lowest terms, compute the last three digits of m+n.",633
1993-11::1993_prompt02_s02,"In a three-player coin-tossing contest, Alfred, Bonnie, and Charlie use biased coins that land heads with probabilities \(2/6\), \(4/7\), and \(3/12\), respectively. In each game, players take turns in cyclic order starting from that game's starter, and the first head wins the game. After a game ends, the starter for the next game is the player immediately preceding the winner in the cyclic order Alfred \(\to\) Bonnie \(\to\) Charlie \(\to\) Alfred. (Equivalently, it is the player who tossed immediately before the winning head; if the starter wins on the first toss, use the previous player in the cycle.) Alfred starts the first game. Let the probability that Alfred wins the 11th game be \(m/n\) in lowest terms. Compute the last 5 digits of \(m+n\).",44167
1993-11::1993_prompt02_s04,"In a three-player coin-tossing contest, Alfred, Bonnie, and Charlie use biased coins that land heads with probabilities 2/10, 2/6, and 4/11, respectively. In each game, the players take turns in cyclic order around the table (Alfred, then Bonnie, then Charlie, then Alfred, and so on), beginning with that game's starter; the first head wins the game. After a game ends, the starter for the next game is the player who tossed immediately before the winning head in this cyclic order. (So if the starter wins on the first toss, the next starter is the player immediately preceding that starter in the cycle.) Alfred starts the first game. Let the probability that Alfred wins the 26th game be m/n in lowest terms. Compute the last 5 digits of m+n.",14854
1993-11::1993_prompt03_s03,"In a repeated coin-toss tournament with 4 players labeled 1 through 4 sitting in a fixed cyclic order, the games proceed as follows:
- In each game, starting from the current starter, players take turns (wrapping around cyclically) tossing their own independent biased coins. Player i has head probability p_i.
- The game ends immediately when someone tosses a head; that player is the winner.
- The next game's starter is the unique player who would have been next to toss if play had continued—namely, the successor of the winner in that round's turn order.
Initially, player 4 is the starter.
Let m/n (in lowest terms) denote the probability that player 3 wins the 7-th game under these rules. What are the last 3 digits of m+n?
Data: k = 4, and (p_1, p_2, ..., p_k) = 18/19, 6/7, 1/9, 5/9.",493
1993-11::1993_prompt03_s05,"In a repeated coin-toss tournament with 3 players labeled 1 through 3 sitting in a fixed cyclic order, the games proceed as follows:
- In each game, starting from the current starter, players take turns (wrapping around cyclically) tossing their own independent biased coins. Player i has head probability p_i.
- The game ends immediately when someone tosses a head; that player is the winner.
- The next game's starter is the unique player who would have been next to toss if play had continued—namely, the successor of the winner in that round's turn order.
Initially, player 1 is the starter.
Let m/n (in lowest terms) denote the probability that player 1 wins the 9-th game under these rules. What are the last 3 digits of m+n?
Data: k = 3, and (p_1, p_2, ..., p_k) = 3/6, 3/11, 6/9.",227
1993-12::1993_prompt01_s01,"Consider the triangle with vertices A=(0,0), B=(0,361), and C=(328,0). A fair die has 2 faces labeled A, 2 faces labeled B, and 2 faces labeled C. Starting from an unknown interior point P_1=(k,m), we roll the die 9-1 times. If the die shows vertex L in {A,B,C} and the current point is P_n, then the next point is defined by the affine rule P_{n+1}=(P_n+L)/4. After these rolls, the resulting point is P_9=(2687007/32768, 377385/16384). Determine the value of k+m.",261
1993-12::1993_prompt01_s02,"Consider the triangle with vertices A=(0,0), B=(0,584), and C=(411,0). A fair die has 2 faces labeled A, 2 faces labeled B, and 2 faces labeled C. Starting from an unknown interior point P_1=(k,m), we roll the die 9-1 times. If the die shows vertex L in {A,B,C} and the current point is P_n, then the next point is defined by the affine rule P_{n+1}=(P_n+L)/3. After these rolls, the resulting point is P_9=(33443/2187, 1757528/6561). Determine the value of k+m.",317
1993-12::1993_prompt01_s03,"Consider the triangle with vertices A=(0,0), B=(0,490), and C=(377,0). A fair die has 2 faces labeled A, 2 faces labeled B, and 2 faces labeled C. Starting from an unknown interior point P_1=(k,m), we roll the die 10-1 times. If the die shows vertex L in {A,B,C} and the current point is P_n, then the next point is defined by the affine rule P_{n+1}=(P_n+L)/3. After these rolls, the resulting point is P_10=(2605897/19683, 241/19683). Determine the value of k+m.",314
1993-12::1993_prompt01_s04,"Consider the triangle with vertices A=(0,0), B=(0,297), and C=(307,0). A fair die has 2 faces labeled A, 2 faces labeled B, and 2 faces labeled C. Starting from an unknown interior point P_1=(k,m), we roll the die 9-1 times. If the die shows vertex L in {A,B,C} and the current point is P_n, then the next point is defined by the affine rule P_{n+1}=(P_n+L)/3. After these rolls, the resulting point is P_9=(754321/6561, 25495/6561). Determine the value of k+m.",272
1993-12::1993_prompt01_s05,"Consider the triangle with vertices A=(0,0), B=(0,514), and C=(458,0). A fair die has 2 faces labeled A, 2 faces labeled B, and 2 faces labeled C. Starting from an unknown interior point P_1=(k,m), we roll the die 10-1 times. If the die shows vertex L in {A,B,C} and the current point is P_n, then the next point is defined by the affine rule P_{n+1}=(P_n+L)/3. After these rolls, the resulting point is P_10=(17945/19683, 1304591/6561). Determine the value of k+m.",260
1993-13::1993_prompt02_s01,"Two people walk along two infinite parallel sidewalks that are 390 feet apart. A tall circular building of radius 53 feet has its center located 118 feet above the midpoint between the sidewalks. Kenny on the upper sidewalk walks at 7 feet per second and Jenny on the lower sidewalk walks at 6 feet per second, both in the same forward direction. At the instant the building first blocks their line of sight, Kenny is 432 feet ahead of Jenny along the sidewalks. Let t be the number of seconds after that instant until they can see each other again. When t is expressed as a fraction in lowest terms, what is the sum of its numerator and denominator?",1109817
1993-13::1993_prompt02_s02,"Two people walk along two infinite parallel sidewalks that are 112 feet apart. A tall circular building of radius 21 feet has its center 1 foot below the line midway between the sidewalks. Kenny on the upper sidewalk walks at 8 feet per second and Jenny on the lower sidewalk walks at 6 feet per second, both in the same forward direction. At the instant the building first blocks their line of sight, Kenny is 66 feet ahead of Jenny, measured along the sidewalks. Let t be the number of seconds after that instant until they can see each other again. When t is expressed as a fraction in lowest terms, what is the sum of its numerator and denominator?",156122
1993-13::1993_prompt02_s03,"Two people walk along two infinite parallel sidewalks that are 168 feet apart. A tall circular building of radius 20 feet has its center located 5 feet above the midpoint between the sidewalks. Kenny walks on the upper sidewalk at 8 feet per second, and Jenny walks on the lower sidewalk at 1 foot per second; both walk in the same forward direction. At the instant the building first blocks their line of sight, Kenny is 49 feet ahead of Jenny along the sidewalks. Let t be the number of seconds after that instant until they can see each other again. When t is expressed as a fraction in lowest terms, what is the sum of its numerator and denominator?",130969
1993-13::1993_prompt02_s04,"Two people walk along two infinite parallel sidewalks that are 390 feet apart. A tall circular building of radius 38 feet has its center located 52 feet above the midpoint between the sidewalks (positive toward the upper sidewalk, negative toward the lower). Kenny on the upper sidewalk walks at 4 feet per second and Jenny on the lower sidewalk walks at 3 feet per second, both in the same forward direction. At the instant the building first blocks their line of sight, Kenny is 520 feet ahead of Jenny along the sidewalks. Let t be the number of seconds after that instant until they can see each other again. When t is expressed as a fraction in lowest terms, what is the sum of its numerator and denominator?",14701601
1993-13::1993_prompt02_s05,"Two people walk along two infinite parallel sidewalks that are 336 feet apart. A tall circular building of radius 67 feet has its center 77 feet above the line midway between the sidewalks (toward the upper sidewalk). Kenny on the upper sidewalk walks at 3 feet per second and Jenny on the lower sidewalk walks at 2 feet per second, both in the same forward direction. At the instant the building first blocks their line of sight, Kenny is 385 feet ahead of Jenny measured along the sidewalks. Let t be the number of seconds after that instant until they can see each other again. When t is expressed as a fraction in lowest terms, what is the sum of its numerator and denominator?",5590299
1993-14::1993_prompt01_s01,"Consider a 70 by 30 axis-aligned rectangle. A smaller rectangle is inscribed with exactly one vertex on each side of the larger rectangle and is called unstuck if it can be rotated, however slightly, about its center while remaining entirely within the larger rectangle. Among all such unstuck inscribed rectangles, the smallest perimeter has the form sqrt(N) for a positive integer N. Find N.",28000
1993-14::1993_prompt01_s02,"Consider a 37 by 23 axis-aligned rectangle. A smaller rectangle is inscribed with exactly one vertex on each side of the larger rectangle and is called unstuck if it can be rotated, however slightly, about its center while remaining entirely within the larger rectangle. Among all such unstuck inscribed rectangles, the smallest perimeter has the form sqrt(N) for a positive integer N. Find N.",8880
1993-14::1993_prompt01_s03,"Consider a 45 by 6 axis-aligned rectangle. A smaller rectangle is inscribed with exactly one vertex on each side of the larger rectangle and is called unstuck if it can be rotated, however slightly, about its center while remaining entirely within the larger rectangle. Among all such unstuck inscribed rectangles, the smallest perimeter has the form sqrt(N) for a positive integer N. Find N.",9180
1993-14::1993_prompt01_s04,"Consider a 29 by 10 axis-aligned rectangle. A smaller rectangle is inscribed with exactly one vertex on each side of the larger rectangle and is called unstuck if it can be rotated, however slightly, about its center while remaining entirely within the larger rectangle. Among all such unstuck inscribed rectangles, the smallest perimeter has the form sqrt(N) for a positive integer N. Find N.",4524
1993-14::1993_prompt01_s05,"Consider a 67 by 23 axis-aligned rectangle. A smaller rectangle is inscribed with exactly one vertex on each side of the larger rectangle and is called unstuck if it can be rotated, however slightly, about its center while remaining entirely within the larger rectangle. Among all such unstuck inscribed rectangles, the smallest perimeter has the form sqrt(N) for a positive integer N. Find N.",24120
1993-15::1993_prompt01_s01,"In triangle ABC with side lengths AB = 52, AC = 32, and BC = 35, let H be the point where the C-symmedian meets AB, and let CH denote this symmedian. Let R and S be the points where the incircles of triangles ACH and BCH, respectively, are tangent to CH. If the length RS can be expressed in lowest terms as m/n, determine m + n.",631
1993-15::1993_prompt01_s02,"In triangle ABC with side lengths AB = 23, AC = 35, and BC = 27, let H be the point where the C-symmedian meets AB, and let CH denote this symmedian. Let R and S be the points where the incircles of triangles ACH and BCH, respectively, are tangent to CH. If the length RS can be expressed in lowest terms as m/n, determine m + n.",2033
1993-15::1993_prompt01_s03,"In triangle ABC with side lengths AB = 34, AC = 16, and BC = 22, let H be the point where the C-symmedian meets AB, and let CH denote this symmedian. Let R and S be the points where the incircles of triangles ACH and BCH, respectively, are tangent to CH. If the length RS can be expressed in lowest terms as m/n, determine m + n.",599
1993-15::1993_prompt01_s04,"In triangle ABC with side lengths AB = 11, AC = 18, and BC = 22, let H be the point where the C-symmedian meets AB, and let CH denote this symmedian. Let R and S be the points where the incircles of triangles ACH and BCH, respectively, are tangent to CH. If the length RS can be expressed in lowest terms as m/n, determine m + n.",193
1993-15::1993_prompt01_s05,"In triangle ABC with side lengths AB = 49, AC = 34, and BC = 21, let H be the point where the C-symmedian meets AB, and let CH denote this symmedian. Let R and S be the points where the incircles of triangles ACH and BCH, respectively, are tangent to CH. If the length RS can be expressed in lowest terms as m/n, determine m + n.",8734
1993-1::1993_prompt01_s01,"In a math contest, consider all 4-digit integers strictly between 3343 and 8462. How many such integers have all digits distinct, use no digit from the forbidden set [3], have a last digit in the allowed set [0,4,6,8], and have a digit sum congruent to 3 modulo 6?",100
1993-1::1993_prompt01_s02,"In a math contest, consider all 4-digit integers strictly between 5122 and 9607. How many such integers have all digits distinct, use no digit from the forbidden set [5], have a last digit in the allowed set [0,2,4,8], and have a digit sum congruent to 4 modulo 5?",110
1993-1::1993_prompt01_s03,"In a math contest, consider all 4-digit integers strictly between 1719 and 9163. How many such integers have all digits distinct, use no digit from the forbidden set [6], have a last digit in the allowed set [2,4,6,8], and have a digit sum congruent to 2 modulo 6?",140
1993-1::1993_prompt01_s04,"In a math contest, consider all 4-digit integers strictly between 2416 and 8698. How many such integers have all digits distinct, use no digit from the forbidden set [3], have a last digit in the allowed set [0,2,6], and have a digit sum congruent to 1 modulo 5?",121
1993-1::1993_prompt01_s05,"In a math contest, consider all 4-digit integers strictly between 3108 and 8483. How many such integers have all digits distinct, use no digit from the forbidden set [3,9], have a last digit in the allowed set [0,2,6,8], and have a digit sum congruent to 3 modulo 5?",102
1993-2::1993_prompt01_s01,"A candidate begins a campaign tour at the origin in the plane. On day n (1 ≤ n ≤ 198), he travels (1·n^2 + 23·n + 35) miles. His heading on day n is obtained by rotating 60 degrees counterclockwise each day, starting at east on day 1; that is, the heading on day n equals (n−1)·60 degrees counterclockwise from east. Let D be 4 times the squared distance from his starting point after 198 days. Find D.",7728990192
1993-2::1993_prompt01_s02,"A candidate begins a campaign tour at the origin in the plane. On day n (1 ≤ n ≤ 229), he travels (1·n^2 + 24·n + 0) miles. His heading on day n is obtained by rotating 60 degrees counterclockwise each day, starting at east on day 1; that is, the heading on day n equals (n−1)·60 degrees counterclockwise from east. Let D be 4 times the squared distance from his starting point after 229 days. Find D.",13527547108
1993-2::1993_prompt01_s03,"A candidate begins a campaign tour at the origin in the plane. On day n (1 ≤ n ≤ 240), he travels (3·n^2 + 7·n + 39) miles. His heading on day n is obtained by rotating 60 degrees counterclockwise each day, starting at east on day 1; that is, the heading on day n equals (n−1)·60 degrees counterclockwise from east. Let D be 4 times the squared distance from his starting point after 240 days. Find D.",122786380800
1993-2::1993_prompt01_s04,"A candidate begins a campaign tour at the origin in the plane. On day n (1 ≤ n ≤ 219), he travels (1·n^2 + 17·n + 7) miles. His heading on day n is obtained by rotating 60 degrees counterclockwise each day, starting at east on day 1; that is, the heading on day n equals (n−1)·60 degrees counterclockwise from east. Let D be 4 times the squared distance from his starting point after 219 days. Find D.",10787989072
1993-2::1993_prompt01_s05,"A candidate begins a campaign tour at the origin in the plane. On day n (1 ≤ n ≤ 173), he travels (2·n^2 + 9·n + 35) miles. His heading on day n is obtained by rotating 60 degrees counterclockwise each day, starting at east on day 1; that is, the heading on day n equals (n−1)·60 degrees counterclockwise from east. Let D be 4 times the squared distance from his starting point after 173 days. Find D.",15272091388
1993-4::1993_prompt01_s01,"In a math contest, consider ordered integer quadruples (a, b, c, d) with 0 < a < b < c < d < 1177 that satisfy the symmetric sum condition a + d = b + c and the two product-difference constraints bc - ad = 300 and bd - ac = 1500. How many such quadruples exist?",5
1993-4::1993_prompt01_s02,"In a math contest, consider ordered integer quadruples (a, b, c, d) with 0 < a < b < c < d < 1442 that satisfy the symmetric sum condition a + d = b + c and the two product-difference constraints bc - ad = 900 and bd - ac = 6300. How many such quadruples exist?",6
1993-4::1993_prompt01_s03,"In a math contest, consider ordered integer quadruples (a, b, c, d) with 0 < a < b < c < d < 947 that satisfy the symmetric sum condition a + d = b + c and the two product-difference constraints bc - ad = 300 and bd - ac = 900. How many such quadruples exist?",5
1993-4::1993_prompt01_s04,"In a math contest, consider ordered integer quadruples (a, b, c, d) with 0 < a < b < c < d < 1970 that satisfy the symmetric sum condition a + d = b + c and the two product-difference constraints bc - ad = 2156 and bd - ac = 6468. How many such quadruples exist?",5
1993-4::1993_prompt01_s05,"In a math contest, consider ordered integer quadruples (a, b, c, d) with 0 < a < b < c < d < 1952 that satisfy the symmetric sum condition a + d = b + c and the two product-difference constraints bc - ad = 2541 and bd - ac = 5082. How many such quadruples exist?",5
1993-5::1993_prompt01_s01,"In a math contest, consider the polynomial P_0(x) = -1x^4 - 12x^3 - 8x^2 - 15x + 6. For integers n ≥ 1, define the sequence of polynomials by P_n(x) = P_{n-1}(-2x + 4n + -1n^2). Given n_steps = 13 and target_power = 2, determine the exact coefficient of x^2 in P_13(x).",-46329561407270420480
1993-5::1993_prompt01_s02,"In a math contest, consider the polynomial P_0(x) = -1x^5 + 6x^4 + 3x^3 - 18x^2 - 9x - 7. For integers n ≥ 1, define the sequence of polynomials by P_n(x) = P_{n-1}(2x + -1n + 3n^2). Given n_steps = 10 and target_power = 2, determine the exact coefficient of x^2 in P_10(x).",-155623124569988286906368
1993-5::1993_prompt01_s03,"In a math contest, consider the polynomial P_0(x) = 3x^4 + 21x^3 + 13x^2 - 17x - 6. For integers n ≥ 1, define the sequence of polynomials by P_n(x) = P_{n-1}(2x + 6n + -4n^2). Given n_steps = 15 and target_power = 2, determine the exact coefficient of x^2 in P_15(x).",10402507100151234357624832
1993-5::1993_prompt01_s04,"In a math contest, consider the polynomial P_0(x) = -1x^4 - 8x^3 - 23x^2 + 22x - 24. For integers n ≥ 1, define the sequence of polynomials by P_n(x) = P_{n-1}(2x + 4n + -2n^2). Given n_steps = 12 and target_power = 2, determine the exact coefficient of x^2 in P_12(x).",-68909830800549085184
1993-5::1993_prompt01_s05,"In a math contest, consider the polynomial P_0(x) = 3x^4 - 8x^3 + 8x^2 + 9x + 16. For integers n ≥ 1, define the sequence of polynomials by P_n(x) = P_{n-1}(2x + -2n + -4n^2). Given n_steps = 16 and target_power = 2, determine the exact coefficient of x^2 in P_16(x).",292144538958301595741192192
1993-6::1993_prompt01_s01,"Find the least positive integer that can be written, for each odd length in 19, 11, 7, as a sum of that many consecutive integers whose first term is congruent to the corresponding residue in 0, 0, 8 modulo the corresponding modulus in 17, 5, 11 (entries paired in order). Simultaneously, for each even length in 14, 18, 6, it must be writable as a sum of that many consecutive integers whose last term is congruent to the corresponding residue in 16, 3, 12 modulo the corresponding modulus in 19, 11, 19 (paired in order).",2040885
1993-6::1993_prompt01_s02,"Find the least positive integer that can be written, for each odd length in 13, 7, as a sum of that many consecutive integers whose first term is congruent to the corresponding residue in 14, 0 modulo the corresponding modulus in 17, 3 (entries paired in order). Simultaneously, for each even length in 18, 10, it must be writable as a sum of that many consecutive integers whose last term is congruent to the corresponding residue in 1, 1 modulo the corresponding modulus in 5, 7 (paired in order).",94185
1993-6::1993_prompt01_s03,"Find the least positive integer that can be written, for each odd length in 21, 19, as a sum of that many consecutive integers whose first term is congruent to the corresponding residue in 1, 0 modulo the corresponding modulus in 7, 3 (entries paired in order). Simultaneously, for each even length in 22, 18, 10, it must be writable as a sum of that many consecutive integers whose last term is congruent to the corresponding residue in 0, 0, 10 modulo the corresponding modulus in 7, 3, 11 (paired in order).",2040885
1993-6::1993_prompt01_s04,"Find the least positive integer that can be written, for each odd length in 5, 11, 13, as a sum of that many consecutive integers whose first term is congruent to the corresponding residue in 4, 4, 0 modulo the corresponding modulus in 7, 11, 3 (entries paired in order). Simultaneously, for each even length in 12, 20, it must be writable as a sum of that many consecutive integers whose last term is congruent to the corresponding residue in 12, 4 modulo the corresponding modulus in 13, 11 (paired in order).",441870
1993-6::1993_prompt01_s05,"Find the least positive integer that can be written, for each odd length in 23, 11, as a sum of that many consecutive integers whose first term is congruent to the corresponding residue in 0, 8 modulo the corresponding modulus in 11, 17 (entries paired in order). Simultaneously, for each even length in 18, 10, it must be writable as a sum of that many consecutive integers whose last term is congruent to the corresponding residue in 3, 16 modulo the corresponding modulus in 11, 19 (paired in order).",5248485
1993-7::1993_prompt01_s01,"From the set \(\{1,2,\dots,21\}\), we draw 7 numbers for brick 1, then 7 numbers for brick 2 from the remaining numbers, and then the remaining 7 numbers for brick 3, always drawing uniformly at random and without replacement. Regard brick \(i\) as a 7-dimensional rectangular box whose side lengths are the 7 numbers drawn for it. After suitable rotation, brick \(i\) can be placed inside brick \(i+1\) with faces parallel whenever, after independently reordering the 7 side lengths of each brick, each side length of brick \(i\) does not exceed the corresponding side length of brick \(i+1\). Let \(p\) be the probability that brick 1 can be nested inside brick 2 and brick 2 inside brick 3. If \(p\) is written as a fraction in lowest terms, what is the sum of its numerator and denominator?",289
1993-7::1993_prompt01_s02,"From the set {1,2,...,12}, we draw 4 numbers for brick 1, then 4 numbers for brick 2 from the remaining numbers, and the last 4 numbers for brick 3, each choice being uniform and without replacement. Regard each brick as a 4-dimensional rectangular box whose side lengths are the 4 numbers drawn. After independently reordering the side lengths, brick i can be placed inside brick i+1 whenever each side length of brick i does not exceed the corresponding side length of brick i+1. Let p be the probability that brick 1 can be nested inside brick 2 and brick 2 inside brick 3. If p is written as a fraction in lowest terms, what is the sum of its numerator and denominator?",76
1993-7::1993_prompt01_s03,"From the set \(\{1,2,\ldots,32\}\), we draw 8 numbers for brick 1, then 8 numbers for brick 2 from the remaining numbers, and continue this process through brick 4, always drawing uniformly at random and without replacement. Regard the 8 numbers drawn for brick \(i\) as the side lengths of an 8-dimensional rectangular brick. After suitable rotation, brick \(i\) can be placed inside brick \(i+1\) with corresponding faces parallel exactly when, after independently reordering the side lengths of each brick, each side length of brick \(i\) does not exceed the corresponding side length of brick \(i+1\). Let \(p\) be the probability that the bricks can be nested in order \(1\) inside \(2\) inside \(3\) inside \(4\). If \(p=\frac{m}{n}\) in lowest terms, find \(m+n\).",66826
1993-7::1993_prompt01_s04,"From the set {1, 2, ..., 30}, we draw 10 numbers for brick 1, then 10 numbers for brick 2 from the remaining numbers, and the last 10 numbers form brick 3, always drawing uniformly at random and without replacement. Think of brick i as a 10-dimensional rectangular box whose side lengths are the 10 numbers drawn for it. After suitable rotation (that is, after independently reordering the 10 side lengths), brick i can be placed inside brick i+1 with faces parallel whenever each side length of brick i does not exceed the corresponding side length of brick i+1. Let p be the probability that brick 1 can be nested inside brick 2 and brick 2 inside brick 3. If p is written as a fraction in lowest terms, what is the sum of its numerator and denominator?",727
1993-7::1993_prompt01_s05,"From the set {1,2,...,12}, we draw 4 numbers for brick 1, then 4 numbers for brick 2 from the remaining numbers, and finally 4 numbers for brick 3, always uniformly at random and without replacement. Regard each brick as a 4-dimensional rectangular box whose 4 side lengths are the numbers drawn for it. After suitable rotation, brick i can be placed inside brick i+1 with corresponding faces parallel if, after independently reordering the 4 side lengths of each, every side length of brick i is at most the corresponding side length of brick i+1. Let p be the probability that the bricks can be nested in order, brick 1 inside brick 2 inside brick 3. If p is written as a fraction in lowest terms, what is the sum of its numerator and denominator?",76
1993-8::1993_prompt01_s01,Let S be a set with 8 elements. You select an unordered multiset of 3 not necessarily distinct subsets of S so that the union of all 3 subsets is S. In how many different selections is this possible? The order of the 3 chosen subsets does not matter; subsets may repeat.,964081
1993-8::1993_prompt01_s02,Let S be a set with 9 elements. You select an unordered multiset of 3 not necessarily distinct subsets of S so that the union of all 3 subsets is S. In how many different selections is this possible? The order of the 3 chosen subsets does not matter; subsets may repeat.,6735443
1993-8::1993_prompt01_s03,Let S be a set with 5 elements. You select an unordered multiset of 7 not necessarily distinct subsets of S so that the union of all 7 subsets is S. In how many different selections is this possible? The order of the 7 chosen subsets does not matter; subsets may repeat.,11800695
1993-8::1993_prompt01_s04,Let S be a set with 8 elements. You select an unordered multiset of 6 not necessarily distinct subsets of S so that the union of all 6 subsets is S. In how many different selections is this possible? The order of the 6 chosen subsets does not matter; subsets may repeat.,362733736681
1993-8::1993_prompt01_s05,Let S be a set with 10 elements. You select an unordered multiset of 3 not necessarily distinct subsets of S so that the union of all 3 subsets is S. In how many different selections is this possible? The order of the 3 chosen subsets does not matter; subsets may repeat.,47108733
1993-9::1993_prompt01_s01,"On a circle with 23288 marked points, you label points with the integers 1 through 24898 by the following rule: place the label 1 on an arbitrary point, and for each k from 1 to 24898-1, move clockwise by exactly 10*k + 19442 points (wrapping around the circle as needed) to place the label k+1. Some points may receive multiple labels while others may receive none. Determine the smallest integer j with 1 ≤ j < 24898 that labels the same point as the label 24898.",1610
1993-9::1993_prompt01_s02,"On a circle with 49288 marked points, you label points with the integers 1 through 49111 by the following rule: place the label 1 on an arbitrary point, and for each k from 1 to 49111-1, move clockwise by exactly 22*k + 46974 points (wrapping around the circle as needed) to place the label k+1. Some points may receive multiple labels while others may receive none. Determine the smallest integer j with 1 ≤ j < 49111 that labels the same point as the label 49111.",5984
1993-9::1993_prompt01_s03,"On a circle with 44084 marked points, you label points with the integers 1 through 45451 by the following rule: place the label 1 on an arbitrary point, and for each k from 1 to 45451-1, move clockwise by exactly 2*k + 20940 points (wrapping around the circle as needed) to place the label k+1. Some points may receive multiple labels while others may receive none. Determine the smallest integer j with 1 ≤ j < 45451 that labels the same point as the label 45451.",1367
1993-9::1993_prompt01_s04,"On a circle with 73352 marked points, you label points with the integers 1 through 73663 by the following rule: place the label 1 on an arbitrary point, and for each k from 1 to 73663-1, move clockwise by exactly 6*k + 1270 points (wrapping around the circle as needed) to place the label k+1. Some points may receive multiple labels while others may receive none. Determine the smallest integer j with 1 ≤ j < 73663 that labels the same point as the label 73663.",311
1993-9::1993_prompt01_s05,"On a circle with 7844 marked points, you label points with the integers 1 through 8361 by the following rule: place the label 1 on an arbitrary point, and for each k from 1 to 8361-1, move clockwise by exactly 24*k + 6584 points (wrapping around the circle as needed) to place the label k+1. Some points may receive multiple labels while others may receive none. Determine the smallest integer j with 1 ≤ j < 8361 that labels the same point as the label 8361.",517
1994-10::1994_prompt01_s01,"In triangle ABC, angle C is a right angle and the altitude from C meets the hypotenuse AB at D. The triangle has integer side lengths and the altitude CD is also an integer. You are given that AD = 2049264700 and BD = 1219680000. If cos B = m/n in lowest terms, find m + n.",3481
1994-10::1994_prompt01_s02,"In triangle ABC, angle C is a right angle and the altitude from C meets the hypotenuse AB at D. The triangle has integer side lengths and the altitude CD is also an integer. You are given that AD = 112911876 and BD = 73410624. If cos B = m/n in lowest terms, find m + n.",529
1994-10::1994_prompt01_s03,"In triangle ABC, angle C is a right angle and the altitude from C meets the hypotenuse AB at D. The triangle has integer side lengths and the altitude CD is also an integer. You are given that AD = 4892454 and BD = 2973696. If cos B = m/n in lowest terms, find m + n.",1849
1994-10::1994_prompt01_s04,"In triangle ABC, angle C is a right angle and the altitude from C meets the hypotenuse AB at D. The triangle has integer side lengths and the altitude CD is also an integer. You are given that AD = 29821500 and BD = 59043840. If cos B = m/n in lowest terms, find m + n.",2209
1994-10::1994_prompt01_s05,"In triangle ABC, angle C is a right angle and the altitude from C meets the hypotenuse AB at D. The triangle has integer side lengths and the altitude CD is also an integer. You are given that AD = 391822365 and BD = 646866000. If cos B = m/n in lowest terms, find m + n.",4489
1994-11::1994_prompt01_s01,"A contractor stacks 71 identical bricks of dimensions 17×20×23 inches to form a single tower using every brick. Each brick may be oriented to contribute 17, 20, or 23 inches to the tower height. Let x_small and x_mid denote the numbers of bricks oriented to 17 and 20, respectively (the remaining bricks are oriented to 23). The tower must satisfy x_small ≤ 49 and x_mid ≥ 14. Among all valid configurations, how many distinct total heights can be achieved that lie between 1437 and 1591 inches, inclusive?",52
1994-11::1994_prompt01_s02,"A contractor stacks 91 identical bricks of dimensions 4×6×16 inches to form a single tower using every brick. Each brick may be oriented to contribute 4, 6, or 16 inches to the tower height. Let x_small and x_mid denote the numbers of bricks oriented to 4 and 6, respectively (the remaining bricks are oriented to 16). The tower must satisfy x_small ≤ 30 and x_mid ≥ 17. Among all valid configurations, how many distinct total heights can be achieved that lie between 907 and 1286 inches, inclusive?",180
1994-11::1994_prompt01_s03,"A contractor stacks 108 identical bricks of dimensions 8×30×32 inches to form a single tower using every brick. Each brick may be oriented to contribute 8, 30, or 32 inches to the tower height. Let x_small and x_mid denote the numbers of bricks oriented to 8 and 30, respectively (the remaining bricks are oriented to 32). The tower must satisfy x_small ≤ 71 and x_mid ≥ 25. Among all valid configurations, how many distinct total heights can be achieved that lie between 2713 and 3406 inches, inclusive?",347
1994-11::1994_prompt01_s04,"A contractor stacks 102 identical bricks of dimensions 8×18×32 inches to form a single tower using every brick. Each brick may be oriented to contribute 8, 18, or 32 inches to the tower height. Let x_small and x_mid denote the numbers of bricks oriented to 8 and 18, respectively (the remaining bricks are oriented to 32). The tower must satisfy x_small ≤ 25 and x_mid ≥ 42. Among all valid configurations, how many distinct total heights can be achieved that lie between 2332 and 2676 inches, inclusive?",140
1994-11::1994_prompt01_s05,"A contractor stacks 111 identical bricks of dimensions 19×21×29 inches to form a single tower using every brick. Each brick may be oriented to contribute 19, 21, or 29 inches to the tower height. Let x_small and x_mid denote the numbers of bricks oriented to 19 and 21, respectively (the remaining bricks are oriented to 29). The tower must satisfy x_small ≤ 44 and x_mid ≥ 44. Among all valid configurations, how many distinct total heights can be achieved that lie between 2712 and 2867 inches, inclusive?",72
1994-12::1994_prompt01_s01,"A rectangular field measures 116 by 319 meters and is already fenced along its outer boundary. Internal fences may be built only parallel to the field's sides. The field must be completely partitioned into congruent rectangular test plots whose side lengths are in the fixed ratio 1:5, with the side corresponding to 1 aligned along the 116-meter direction and the side corresponding to 5 aligned along the 319-meter direction. Each meter of vertical internal fence (running the full 319 meters) consumes 3 units of material, and each meter of horizontal internal fence (running the full 116 meters) consumes 4 units of material. Up to 111979 units of material are available for internal fencing, and any amount up to this total may be used. What is the largest number of test plots that can be formed under these constraints? Provide your answer as an integer.",3520
1994-12::1994_prompt01_s02,"A rectangular field measures 299 by 184 meters and is already fenced along its outer boundary. Internal fences may be built only parallel to the field's sides. The field must be completely partitioned into congruent rectangular test plots whose side lengths are in the fixed ratio 3:1, with the side corresponding to 3 aligned along the 299-meter direction and the side corresponding to 1 aligned along the 184-meter direction. Each meter of vertical internal fence (running the full 184 meters) consumes 4 units of material, and each meter of horizontal internal fence (running the full 299 meters) consumes 4 units of material. Up to 103121 units of material are available for internal fencing, and any amount up to this total may be used. What is the largest number of test plots that can be formed under these constraints? Provide your answer as an integer.",1248
1994-12::1994_prompt02_s01,"A rectangular field measures 84 meters by 36 meters, and its perimeter fence is already in place. The field is marked by grid lines 1 meter apart, and any additional interior fences must lie along grid lines parallel to the sides of the rectangle. Each horizontal meter of interior fence costs 2 units, each vertical meter costs 4 units, each interior intersection of two interior fences requires a post costing 4 units, and each square plot needs a tag costing 2 units. The entire field must be partitioned into congruent axis-parallel squares whose sides lie on the grid lines. You may spend at most 5863 units. What is the maximum number of square plots that can be created?",189
1994-12::1994_prompt02_s02,"A rectangular field measures 840 meters by 360 meters and is marked with a 1-meter square grid. Any internal fence must lie along a grid line parallel to a side of the rectangle. The entire field must be partitioned into congruent axis-parallel square plots whose sides lie on the grid. Each horizontal meter of internal fence costs 2 units, each vertical meter costs 4 units, every interior intersection of internal fences requires a post costing 1 unit, and each square plot needs a tag costing 1 unit. You have a total budget of 139071 units, and you may use some or all of it but not exceed it. What is the maximum number of square plots that can be created?",1344
1994-12::1994_prompt02_s03,"A rectangular field measures 72 by 120 units and is marked with a unit-spaced grid. Any internal fence must lie along one of these grid lines, parallel to a side of the rectangle. Each horizontal unit of fence costs 3 units, each vertical unit of fence costs 4 units, every interior intersection of two internal fences requires a post costing 1 unit, and each square plot needs a tag costing 1 unit. The entire field must be partitioned into congruent axis-parallel squares whose sides lie on the grid, and the total cost may not exceed 26207 units. What is the maximum number of square plots that can be created?",960
1994-14::1994_prompt02_s01,"A narrow corridor is formed by two parallel, perfectly reflective horizontal line segments: the lower segment BC has length 326, and the upper segment AD has length 316. The upper segment is positioned 36 units above the lower one, and its left endpoint A is 5 units to the right of the left endpoint C of BC. A beam of light arrives from below and strikes the lower segment at C, making an angle of 74.47588900324574 degrees with the segment; after reflecting at C, it travels upward to the right. Thereafter it reflects between the two segments with angle of incidence equal to angle of reflection. The motion ends when the beam first leaves the corridor through one of the open ends (equivalently, when its next intersection with one of the horizontal lines lies outside the corresponding segment). How many reflections off the segments occur before the beam leaves the corridor, including the initial reflection at C?",33
1994-14::1994_prompt02_s02,"A narrow corridor is formed by two parallel, perfectly reflective horizontal line segments. Let the lower segment be BC from C=(0,0) to B=(253,0), and let the upper segment be AD from A=(5,58) to D=(186,58). A beam of light arrives from below and reflects first at C, then travels upward and to the right making an angle of 83.91387087951914 degrees with the horizontal. It continues reflecting between the two segments, with angle of incidence equal to angle of reflection. The motion stops when the beam leaves the corridor through an open end (equivalently, when its next intersection with y=0 or y=58 lies outside the corresponding segment). How many reflections occur before it exits, counting the initial reflection at C?",31
1994-14::1994_prompt02_s03,"A narrow corridor is formed by two parallel, perfectly reflective horizontal line segments. Let C=(0,0) and B=(198,0), so the lower segment is CB, and let A=(1,29) and D=(176,29), so the upper segment is AD. A beam of light comes from below and first strikes the lower segment at C. After this reflection, the beam travels upward to the right, making an angle of 82.323018265468 degrees with the horizontal segments; at each later hit it reflects so that angle of incidence equals angle of reflection. The beam continues until it leaves the corridor through an open end; that is, the next time it reaches y=0 or y=29, the point is not on the corresponding segment. How many reflections off the segments occur before the beam leaves, counting the initial reflection at C?",47
1994-14::1994_prompt02_s04,"Let the lower reflective segment be BC from C=(0,0) to B=(178,0), and let the upper reflective segment be AD from A=(3,34) to D=(410,34). A beam of light comes from below and reflects first at C. After that reflection, it travels upward to the right, making an angle \(\theta\) with the horizontal such that \(\tan\theta=\frac{255}{47}\) (equivalently, \(\theta\approx79.5568^\circ\)). The beam then continues reflecting between the two segments, with angle of incidence equal to angle of reflection, until it next fails to hit one of the finite segments and thus leaves the corridor. How many reflections occur in total, including the initial reflection at C?",30
1994-14::1994_prompt02_s05,"A narrow corridor is formed by two parallel, perfectly reflective horizontal line segments. Let the lower segment be BC from C=(0,0) to B=(308,0), and let the upper segment be AD from A=(1,33) to D=(111,33). A beam of light arrives from below and strikes the lower segment at C. After reflecting at C, it travels upward to the right, making an angle \(\theta\) with the horizontal such that \(\tan\theta=\frac{396}{25}\). The beam then continues reflecting between the two segments according to the law of reflection. If at some stage the beam would miss one of the segments, it exits the corridor through the open side and the process stops. How many reflections occur before the beam exits, counting the initial reflection at \(C\)?",55
1994-15::1994_prompt01_s01,"Consider the right triangle with vertices at (0, 0), (36, 0), and (0, 36). For an interior integer lattice point P = (x, y), define the crease from a vertex V to be the segment of the perpendicular bisector of VP restricted to the interior of the triangle. Call P a fold point if the three creases from the vertices do not intersect anywhere in the interior of the triangle. Let F be the number of interior integer lattice points P that are fold points. Determine F.",179
1994-15::1994_prompt01_s02,"Consider the right triangle with vertices at (0, 0), (25, 0), and (0, 31). For an interior integer lattice point P = (x, y), define the crease from a vertex V to be the segment of the perpendicular bisector of VP restricted to the interior of the triangle. Call P a fold point if the three creases from the vertices do not intersect anywhere in the interior of the triangle. Let F be the number of interior integer lattice points P that are fold points. Determine F.",109
1994-15::1994_prompt01_s03,"Consider the right triangle with vertices at (0, 0), (22, 0), and (0, 66). For an interior integer lattice point P = (x, y), define the crease from a vertex V to be the segment of the perpendicular bisector of VP restricted to the interior of the triangle. Call P a fold point if the three creases from the vertices do not intersect anywhere in the interior of the triangle. Let F be the number of interior integer lattice points P that are fold points. Determine F.",135
1994-15::1994_prompt01_s04,"Consider the right triangle with vertices at (0, 0), (21, 0), and (0, 28). For an interior integer lattice point P = (x, y), define the crease from a vertex V to be the segment of the perpendicular bisector of VP restricted to the interior of the triangle. Call P a fold point if the three creases from the vertices do not intersect anywhere in the interior of the triangle. Let F be the number of interior integer lattice points P that are fold points. Determine F.",81
1994-15::1994_prompt01_s05,"Consider the right triangle with vertices at (0, 0), (30, 0), and (0, 54). For an interior integer lattice point P = (x, y), define the crease from a vertex V to be the segment of the perpendicular bisector of VP restricted to the interior of the triangle. Call P a fold point if the three creases from the vertices do not intersect anywhere in the interior of the triangle. Let F be the number of interior integer lattice points P that are fold points. Determine F.",203
1994-1::1994_prompt01_s01,"Consider the increasing sequence of positive integers consisting of those multiples of 460 that are exactly 4 less than a perfect square. Additionally, the square root of that perfect square is not divisible by 11. Let a_n denote the nth term of this sequence. Compute the remainder when a_2739 is divided by 125000, where n = 2739.",29640
1994-1::1994_prompt01_s02,"Consider the increasing sequence of positive integers consisting of those multiples of 2668 that are exactly 4 less than a perfect square. Additionally, the square root of that perfect square is not divisible by 11. Let a_n denote the nth term of this sequence. Compute the remainder when a_2562 is divided by 125000, where n = 2562.",59020
1994-1::1994_prompt01_s04,"Consider the increasing sequence of positive integers consisting of those multiples of 696 that are exactly 1 less than a perfect square. Additionally, the square root of that perfect square is not divisible by 13. Let a_n denote the nth term of this sequence. Compute the remainder when a_8005 is divided by 4000, where n = 8005.",2680
1994-1::1994_prompt01_s05,"Consider the increasing sequence of positive integers consisting of those multiples of 1736 that are exactly 4 less than a perfect square. Additionally, the square root of that perfect square is not divisible by 19. Let a_n denote the nth term of this sequence. Compute the remainder when a_1722 is divided by 25000, where n = 1722.",21096
1994-1::1994_prompt02_s02,Consider the increasing sequence consisting of all positive integers that are multiples of 6889 and exactly 4595 less than a perfect square. Let a_n denote the nth term of this sequence. What is the remainder when a_185031 is divided by 631439?,261558
1994-2::1994_prompt04_s01,"Two circles with collinear centers are internally tangent at a point P. The larger circle has radius 25, and the smaller circle has radius 4. Let Q be the point on the smaller circle diametrically opposite P. Construct a rectangle such that: (i) its two sides parallel to the tangent line to the smaller circle at Q are the rectangle’s vertical sides; (ii) the vertical side nearer Q is tangent at Q to the smaller circle; (iii) the opposite vertical side has both endpoints on the larger circle; (iv) the rectangle’s width-to-height ratio equals 1:1; and the smaller circle lies outside the rectangle. Let L denote the length of the vertical side whose endpoints lie on the larger circle. The quantity S = ((1 + 4 1^2) * L) / 2 can be written uniquely as a + sqrt(b), where a and b are integers. Find a + b.",2870
1994-2::1994_prompt04_s02,"Two circles with collinear centers are internally tangent at a point P. The larger circle has radius 41, and the smaller circle has radius 17. Let Q be the point on the smaller circle diametrically opposite P. Construct a rectangle such that: (i) its two sides parallel to the tangent line to the smaller circle at Q are the rectangle’s vertical sides; (ii) the vertical side nearer Q is tangent at Q to the smaller circle; (iii) the opposite vertical side has both endpoints on the larger circle; (iv) the rectangle’s width-to-height ratio equals 4:1; and the smaller circle lies outside the rectangle. Let L denote the length of the vertical side whose endpoints lie on the larger circle. The quantity S = ((1 + 4 4^2) * L) / 2 can be written uniquely as a + sqrt(b), where a and b are integers. Find a + b.",109272
1994-2::1994_prompt04_s03,"Two circles with collinear centers are internally tangent at a point P. The larger circle has radius 33, and the smaller circle has radius 12. Let Q be the point on the smaller circle diametrically opposite P. Construct a rectangle such that: (i) its two sides parallel to the tangent line to the smaller circle at Q are the rectangle’s vertical sides; (ii) the vertical side nearer Q is tangent at Q to the smaller circle; (iii) the opposite vertical side has both endpoints on the larger circle; (iv) the rectangle’s width-to-height ratio equals 1:1; and the smaller circle lies outside the rectangle. Let L denote the length of the vertical side whose endpoints lie on the larger circle. The quantity S = ((1 + 4 1^2) * L) / 2 can be written uniquely as a + sqrt(b), where a and b are integers. Find a + b.",5382
1994-2::1994_prompt04_s04,"Two circles with collinear centers are internally tangent at a point P. The larger circle has radius 54, and the smaller circle has radius 6. Let Q be the point on the smaller circle diametrically opposite P. Construct a rectangle such that: (i) its two sides parallel to the tangent line to the smaller circle at Q are the rectangle's vertical sides; (ii) the vertical side nearer Q is tangent to the smaller circle at Q; (iii) the opposite vertical side has both endpoints on the larger circle; (iv) the rectangle's width-to-height ratio is 4:1; and the smaller circle lies outside the rectangle. Let L denote the length of the vertical side whose endpoints lie on the larger circle. The quantity S = ((1 + 4*4^2) * L) / 2 can be written uniquely as a + sqrt(b), where a and b are integers. Find a + b.",188112
1994-2::1994_prompt04_s05,"Two circles with collinear centers are internally tangent at a point P. The larger circle has radius 66, and the smaller circle has radius 11. Let Q be the point on the smaller circle diametrically opposite P. Construct a rectangle such that: (i) its two sides parallel to the tangent line to the smaller circle at Q are the rectangle’s vertical sides; (ii) the vertical side nearer Q is tangent at Q to the smaller circle; (iii) the opposite vertical side has both endpoints on the larger circle; (iv) the rectangle’s width-to-height ratio equals 5:1; and the smaller circle lies outside the rectangle. Let L denote the length of the vertical side whose endpoints lie on the larger circle. The quantity S = ((1 + 4*5^2) * L) / 2 can be written uniquely as a + sqrt(b), where a and b are integers. Find a + b.",438460
1994-8::1994_prompt01_s01,"In the coordinate plane, let A=(-8,-4). Points B=(a,-10) and C=(b,-34) are such that triangle ABC is isosceles with AB=AC and the angle ∠BAC equals 60 degrees. Determine the value of (a - -8)(b - -8).",324
1994-8::1994_prompt01_s02,"In the coordinate plane, let A=(10,10). Points B=(a,34) and C=(b,-26) are such that triangle ABC is isosceles with AB=AC and the angle ∠BAC equals 60 degrees. Determine the value of (a - 10)(b - 10).",2688
1994-8::1994_prompt01_s03,"In the coordinate plane, let A=(5,0). Points B=(a,9) and C=(b,-9) are such that triangle ABC is isosceles with AB=AC and the angle ∠BAC equals 90 degrees. Determine the value of (a - 5)(b - 5).",81
1994-8::1994_prompt01_s04,"In the coordinate plane, let A=(-15,-4). Points B=(a,-28) and C=(b,-40) are such that triangle ABC is isosceles with AB=AC and the angle ∠BAC equals 120 degrees. Determine the value of (a - -15)(b - -15).",-2688
1994-8::1994_prompt01_s05,"In the coordinate plane, let A=(-1,-13). Points B=(a,-23) and C=(b,-25) are such that triangle ABC is isosceles with AB=AC and the angle ∠BAC equals 90 degrees. Determine the value of (a - -1)(b - -1).",-120
1994-9::1994_prompt02_s01,"A generalized solitaire is played with 8 distinct tile types, with 3 identical tiles of each type in a bag. Tiles are drawn uniformly at random, one at a time. The player keeps every drawn tile in hand, except that whenever all 3 copies of some type have been drawn, those 3 tiles are immediately removed from the hand and set aside. The game ends prematurely the first moment the hand contains three distinct tile types that each occur exactly once in the hand (that is, three singletons). Otherwise, drawing continues until the bag is empty. If the probability that the bag is emptied is p/q in lowest terms, find p+q.",85381
1994-9::1994_prompt02_s02,"A generalized solitaire is played with 6 distinct tile types, each type having 4 identical copies. Tiles are drawn uniformly at random one by one from the bag. The player retains drawn tiles, except that whenever the player has collected 4 copies of any one type, those 4 tiles of that type are immediately put aside (they leave the hand permanently). The game ends prematurely the first moment the hand contains three singletons; that is, there are three distinct tile types that each appear exactly once in the hand (other tiles may also be present). Otherwise, drawing continues until the bag is exhausted. If the probability that the bag is exhausted is p/q in lowest terms, compute p+q.",20690
1994-9::1994_prompt02_s03,"A generalized solitaire is played with 5 distinct tile types, each type having 4 identical copies. Tiles are drawn uniformly at random one by one from the bag. The player retains drawn tiles, except that whenever the player has collected 4 copies of any one type, those 4 tiles of that type are immediately put aside (they leave the hand permanently). The game ends prematurely the first moment the hand contains 4 tiles that are pairwise distinct (i.e., 4 singletons). Otherwise, drawing continues until the bag is exhausted. If the probability that the bag is exhausted is p/q in lowest terms, compute p+q.",143014
1994-9::1994_prompt02_s05,"A generalized solitaire is played with 8 distinct tile types, each type having 3 identical copies. Tiles are drawn uniformly at random one by one from the bag. The player retains drawn tiles, except that whenever the player has collected 3 copies of any one type, those 3 tiles of that type are immediately put aside (they leave the hand permanently). The game ends prematurely the first moment the hand contains 3 tiles that are pairwise distinct (i.e., 3 singletons). Otherwise, drawing continues until the bag is exhausted. If the probability that the bag is exhausted is p/q in lowest terms, compute p+q.",85381
1994-9::1994_prompt03_s01,"A solitaire is played with 6 distinct colors of tiles, two identical tiles per color. The bag is uniformly randomly permuted, and tiles are revealed one by one. Whenever the second copy of a color is revealed, that matching pair is immediately discarded from the player's hand. The game terminates the first time the player would simultaneously hold 4 tiles whose colors are all distinct; otherwise, the revealing continues until the bag is empty. Let the probability that the bag is emptied be p/q in lowest terms. Compute p+q.",474
1995-10::1995_prompt01_s01,"Let 50 and 3 be fixed positive integers with 3 \ge 2. Define S to be the set of positive integers whose prime factorizations contain at least 3 prime factors, counted with multiplicity (for example, 12 = 2^2\cdot 3 lies in S when 3 \le 3). What is the largest positive integer that is not the sum of a positive integral multiple of 50 and an element of S?",459
1995-10::1995_prompt01_s02,"Let 70 and 2 be fixed positive integers with 2 \ge 2. Define S to be the set of positive integers whose prime factorizations contain at least 2 prime factors, counted with multiplicity (for example, 12 = 2^2\cdot 3 lies in S when 2 \le 3). What is the largest positive integer that is not the sum of a positive integral multiple of 70 and an element of S?",207
1995-10::1995_prompt01_s03,"Let 78 and 2 be fixed positive integers with 2 \ge 2. Define S to be the set of positive integers whose prime factorizations contain at least 2 prime factors, counted with multiplicity (for example, 12 = 2^2\cdot 3 lies in S when 2 \le 3). What is the largest positive integer that is not the sum of a positive integral multiple of 78 and an element of S?",385
1995-10::1995_prompt01_s04,"Let 58 and 2 be fixed positive integers with 2 \ge 2. Define S to be the set of positive integers whose prime factorizations contain at least 2 prime factors, counted with multiplicity (for example, 12 = 2^2\cdot 3 lies in S when 2 \le 3). What is the largest positive integer that is not the sum of a positive integral multiple of 58 and an element of S?",159
1995-10::1995_prompt01_s05,"Let 65 and 2 be fixed positive integers with 2 \ge 2. Define S to be the set of positive integers whose prime factorizations contain at least 2 prime factors, counted with multiplicity (for example, 12 = 2^2\cdot 3 lies in S when 2 \le 3). What is the largest positive integer that is not the sum of a positive integral multiple of 65 and an element of S?",132
1995-11::1995_prompt01_s01,"A right 4-dimensional rectangular orthotope (a hyper-rectangular prism) has integer side lengths a, b, c, d with a < b < c < d. A hyperplane parallel to the 3-dimensional facet spanned by the edges of lengths a, b, and c (so it is perpendicular to the d-direction) cuts the orthotope into two smaller orthotopes, both with nonzero 4-volume. Suppose that one of the resulting orthotopes is similar (in the geometric sense) to the original orthotope. Given b = 164775, determine the number of ordered quadruples (a, b, c, d) of positive integers for which such a hyperplane exists.",32
1995-11::1995_prompt01_s02,"A right 4-dimensional rectangular orthotope (a hyper-rectangular prism) has integer side lengths a, b, c, d with a < b < c < d. A hyperplane parallel to the 3-dimensional facet spanned by the edges of lengths a, b, and c (so it is perpendicular to the d-direction) cuts the orthotope into two smaller orthotopes, both with nonzero 4-volume. Suppose that one of the resulting orthotopes is similar (in the geometric sense) to the original orthotope. Given b = 11413325, determine the number of ordered quadruples (a, b, c, d) of positive integers for which such a hyperplane exists.",84
1995-11::1995_prompt01_s03,"A right 4-dimensional rectangular orthotope (a hyper-rectangular prism) has integer side lengths a, b, c, d with a < b < c < d. A hyperplane parallel to the 3-dimensional facet spanned by the edges of lengths a, b, and c (so it is perpendicular to the d-direction) cuts the orthotope into two smaller orthotopes, both with nonzero 4-volume. Suppose that one of the resulting orthotopes is similar (in the geometric sense) to the original orthotope. Given b = 756, determine the number of ordered quadruples (a, b, c, d) of positive integers for which such a hyperplane exists.",35
1995-11::1995_prompt01_s04,"A right 4-dimensional rectangular orthotope (a hyper-rectangular prism) has integer side lengths a, b, c, d with a < b < c < d. A hyperplane parallel to the 3-dimensional facet spanned by the edges of lengths a, b, and c (so it is perpendicular to the d-direction) cuts the orthotope into two smaller orthotopes, both with nonzero 4-volume. Suppose that one of the resulting orthotopes is similar (in the geometric sense) to the original orthotope. Given b = 14872, determine the number of ordered quadruples (a, b, c, d) of positive integers for which such a hyperplane exists.",31
1995-11::1995_prompt01_s05,"A right 4-dimensional rectangular orthotope (a hyper-rectangular prism) has integer side lengths a, b, c, d with a < b < c < d. A hyperplane parallel to the 3-dimensional facet spanned by the edges of lengths a, b, and c (so it is perpendicular to the d-direction) cuts the orthotope into two smaller orthotopes, both with nonzero 4-volume. Suppose that one of the resulting orthotopes is similar (in the geometric sense) to the original orthotope. Given b = 120, determine the number of ordered quadruples (a, b, c, d) of positive integers for which such a hyperplane exists.",18
1995-12::1995_prompt01_s02,"Consider a pyramid OABCD whose base ABCD is a rectangle. The apex O lies on the line perpendicular to the base through the rectangle's center, and OA, OB, OC, and OD are pairwise congruent. Suppose the angles satisfy cos(∠AOB) = 3/4 and cos(∠BOC) = 3/7. Let θ be the dihedral angle formed by faces OAB and OBC. When cos^2 θ is expressed as a reduced fraction X/Y, determine X + Y.",37
1995-12::1995_prompt01_s03,"Consider a pyramid OABCD whose base ABCD is a rectangle. The apex O lies on the line perpendicular to the base through the rectangle's center, and OA, OB, OC, and OD are congruent. Suppose the angles satisfy cos(∠AOB) = 19/50 and cos(∠BOC) = 1/2. Let θ be the dihedral angle formed by faces OAB and OBC. When cos^2 θ is expressed as a reduced fraction X/Y, determine X + Y.",238
1995-12::1995_prompt01_s04,"Consider a pyramid OABCD whose base ABCD is a rectangle. The apex O lies on the line perpendicular to the base through the rectangle's center, and OA, OB, OC, and OD are pairwise congruent. Suppose the angles satisfy cos(∠AOB) = 1/3 and cos(∠BOC) = 19/30. Let θ be the dihedral angle formed by faces OAB and OBC. When cos^2 θ is expressed as a reduced fraction X/Y, determine X + Y.",109
1995-12::1995_prompt01_s05,"Consider a pyramid OABCD whose base ABCD is a rectangle. The apex O lies on the line perpendicular to the base through the rectangle's center, and OA, OB, OC, and OD are pairwise congruent. Suppose the angles satisfy cos(∠AOB) = 3/7 and cos(∠BOC) = 2/9. Let θ be the dihedral angle formed by faces OAB and OBC. When cos^2 θ is expressed as a reduced fraction X/Y, determine X + Y.",69
1995-12::1995_prompt02_s01,"Consider a pyramid with regular 6-gon base whose consecutive vertices are labeled A, B, C, ... around the base. The apex is O, and all slant edges OA, OB, OC, ... from O to the base vertices are congruent. The angle at O between edges OA and OB is 36 degrees. Let theta be the dihedral angle formed by the faces OAB and OBC along the common edge OB. When written in lowest terms as cos(theta) = (p + q sqrt(r))/s, where r is a positive squarefree integer, s > 0, and gcd(p, q, s) = 1, determine the value of p + q + r + s.",17
1995-13::1995_prompt02_s02,"Let \(f_8(n)=\left\lfloor n^{1/8}+\tfrac12\right\rfloor\), the nearest integer to the eighth root of \(n\), with halves rounded up. Set \(n_{\max}=\left\lceil\left(9+\tfrac12\right)^8\right\rceil-1=66342043\). Compute the exact value of \[S=\sum_{k=1}^{n_{\max}} \frac{1}{f_8(k)}.\] Give your answer in simplest form.",2252012013/280
1995-13::1995_prompt07_s04,"Let r = 4 be an integer at least 3. Define f(n) to be the integer closest to the r-th root of n, with ties rounded up; equivalently, f(n) = floor(n^{1/r} + 1/2). For the given positive integer N = 114752285 and exponent q = 1, consider the sum S = sum_{n=1}^{N} 1 / (f(n))^q. Write S as a reduced fraction P/Q with gcd(P, Q) = 1. Find P + Q.",152271065
1995-13::1995_prompt10_s05,"Let p=5 be a fixed integer with p>=3. For each positive integer n, define f(n) to be the nearest integer to n^(1/p), with ties rounded up. For the integers 4594016 <= n <= 241806518 and a fixed positive integer t=1, evaluate the sum S = sum_{n=4594016}^241806518 1/(f(n) * (f(n) + 1)). Give your answer as an integer if it is whole, or as a reduced fraction a/b otherwise.",2182463734841439016698982/13835020108241056725
1995-13::1995_prompt11_s04,"Define f_d(n) as the nearest integer to (p/q) * n^{1/d}, with ties rounded upward. For given integers n=4854993, d=7, p=8, q=3, and s=2, compute the exact value of S = sum_{k=1}^4854993 1 / (f_d(k))^2.",6737008511905775815079/573355337988521088
1995-13::1995_prompt12_s01,"In a math contest, define f(n) = floor(n^(1/7) + (1 - 0.7777777777777778)). Consider the sum S = sum over k = 1 to 220841 of 1 / (1 * f(k) + 5). Find the integer floor of S.",22838
1995-14::1995_prompt04_s01,"In a circle of radius 54, two congruent chords of length 50 intersect at a point inside the circle whose distance from the center is 53. The chords partition the disk into four regions. Consider any region whose two straight edges are segments from different chords and have unequal lengths; denote those two segment lengths by x and y. Compute the value S = x^2 + y^2 + 4xy.",2714
1995-14::1995_prompt04_s02,"In a circle of radius 46, two congruent chords of length 66 intersect at a point inside the circle whose distance from the center is 42. The chords partition the disk into four regions. Consider any region whose two straight edges are segments from different chords and have unequal lengths; denote those two segment lengths by x and y. Compute the value S = x^2 + y^2 + 4xy.",5060
1995-14::1995_prompt04_s03,"In a circle of radius 75, two congruent chords of length 70 intersect at a point inside the circle whose distance from the center is 69. The chords partition the disk into four regions. Consider any region whose two straight edges are segments from different chords and have unequal lengths; denote those two segment lengths by x and y. Compute the value S = x^2 + y^2 + 4xy.",6628
1995-14::1995_prompt04_s04,"In a circle of radius 70, two congruent chords of length 50 intersect at a point inside the circle whose distance from the center is 69. The chords partition the disk into four regions. Consider any region whose two straight edges are segments from different chords and have unequal lengths; denote those two segment lengths by x and y. Compute the value S = x^2 + y^2 + 4xy.",2778
1995-14::1995_prompt04_s05,"In a circle of radius 37, two congruent chords of length 44 intersect at a point inside the circle whose distance from the center is 36. The chords partition the disk into four regions. Consider any region whose two straight edges are segments from different chords and have unequal lengths; denote those two segment lengths by x and y. Compute the value S = x^2 + y^2 + 4xy.",2082
1995-15::1995_prompt02_s01,"A biased coin shows heads with probability 4/9. The coin is flipped repeatedly until either a run of 8 consecutive heads or a run of 7 consecutive tails occurs, whichever happens first. Let the probability that the run of 8 heads occurs before the run of 7 tails be p, and write p = m/n in lowest terms. Find m + n.",825749343817
1995-15::1995_prompt02_s02,"A biased coin shows heads with probability 5/8. The coin is flipped repeatedly until either a run of 5 consecutive heads or a run of 6 consecutive tails occurs, whichever happens first. Let the probability that the run of 5 heads occurs before the run of 6 tails be p, and write p = m/n in lowest terms. Find m + n.",333971999
1995-15::1995_prompt02_s03,"A biased coin shows heads with probability 7/12. The coin is flipped repeatedly until either a run of 8 consecutive heads or a run of 4 consecutive tails occurs, whichever happens first. Let the probability that the run of 8 heads occurs before the run of 4 tails be p, and write p = m/n in lowest terms. Find m + n.",5067744613
1995-15::1995_prompt02_s04,"A biased coin shows heads with probability 2/5. The coin is flipped repeatedly until either a run of 5 consecutive heads or a run of 5 consecutive tails occurs, whichever happens first. Let the probability that the run of 5 heads occurs before the run of 5 tails be p, and write p = m/n in lowest terms. Find m + n.",342757
1995-15::1995_prompt02_s05,"A biased coin shows heads with probability 5/11. The coin is flipped repeatedly until either a run of 6 consecutive heads or a run of 4 consecutive tails occurs, whichever happens first. Let the probability that the run of 6 heads occurs before the run of 4 tails be p, and write p = m/n in lowest terms. Find m + n.",462688426
1995-1::1995_prompt01_s01,"In the plane, square S1 is axis-aligned and centered at the origin with side length 2/1. For i ≥ 1, the side length of Si+1 equals (5/7) times the side length of Si. Moreover, for each i, two adjacent sides of Si are perpendicular bisectors of two adjacent sides of Si+1, and the remaining two sides of Si+1 are perpendicular bisectors of two adjacent sides of Si+2; this forces the centers to alternate between diagonally opposite corners at each step. Let U be the total area enclosed by at least one of S1, S2, ..., S7. Express U in lowest terms as m/n with m and n relatively prime positive integers, and compute m−n.",222
1995-1::1995_prompt01_s02,"In the plane, square S1 is axis-aligned and centered at the origin with side length 1/1. For i ≥ 1, the side length of Si+1 equals (7/11) times the side length of Si. Moreover, for each i, two adjacent sides of Si are perpendicular bisectors of two adjacent sides of Si+1, and the remaining two sides of Si+1 are perpendicular bisectors of two adjacent sides of Si+2; this forces the centers to alternate between diagonally opposite corners at each step. Let U be the total area enclosed by at least one of S1, S2, ..., S9. Express U in lowest terms as m/n with m and n relatively prime positive integers, and compute m−n.",147
1995-1::1995_prompt01_s03,"In the plane, square S1 is axis-aligned and centered at the origin with side length 1/2. For i ≥ 1, the side length of Si+1 equals (7/11) times the side length of Si. Moreover, for each i, two adjacent sides of Si are perpendicular bisectors of two adjacent sides of Si+1, and the remaining two sides of Si+1 are perpendicular bisectors of two adjacent sides of Si+2; this forces the centers to alternate between diagonally opposite corners at each step. Let U be the total area enclosed by at least one of S1, S2, ..., S7. Express U in lowest terms as m/n with m and n relatively prime positive integers, and compute m−n.",-1305
1995-1::1995_prompt01_s04,"In the plane, square S1 is axis-aligned and centered at the origin with side length 1/1. For i ≥ 1, the side length of Si+1 equals (2/3) times the side length of Si. Moreover, for each i, two adjacent sides of Si are perpendicular bisectors of two adjacent sides of Si+1, and the remaining two sides of Si+1 are perpendicular bisectors of two adjacent sides of Si+2; this forces the centers to alternate between diagonally opposite corners at each step. Let U be the total area enclosed by at least one of S1, S2, ..., S7. Express U in lowest terms as m/n with m and n relatively prime positive integers, and compute m−n.",1
1995-1::1995_prompt01_s05,"In the plane, square S1 is axis-aligned and centered at the origin with side length 2/1. For i ≥ 1, the side length of Si+1 equals (8/9) times the side length of Si. Moreover, for each i, two adjacent sides of Si are perpendicular bisectors of two adjacent sides of Si+1, and the remaining two sides of Si+1 are perpendicular bisectors of two adjacent sides of Si+2; this forces the centers to alternate between diagonally opposite corners at each step. Let U be the total area enclosed by at least one of S1, S2, ..., S6. Express U in lowest terms as m/n with m and n relatively prime positive integers, and compute m−n.",145
1995-2::1995_prompt01_s01,"Given integers a=12920, p=124, q=535, r=5 with a>1, consider the real equation a^p * x^{r * log_a(x)} = x^q, where log_a(x) denotes the logarithm of x in base a. Find the last 3 nonzero digits of the product of the positive real solutions.",248
1995-2::1995_prompt01_s03,"Given integers a=146000, p=334, q=118, r=2 with a>1, consider the real equation a^p * x^{r * log_a(x)} = x^q, where log_a(x) denotes the logarithm of x in base a. Find the last 5 nonzero digits of the product of the positive real solutions.",67456
1995-2::1995_prompt01_s04,"Given integers a=209000, p=97, q=768, r=6 with a>1, consider the real equation a^p * x^{r * log_a(x)} = x^q, where log_a(x) denotes the logarithm of x in base a. Find the last 5 nonzero digits of the product of the positive real solutions.",81921
1995-2::1995_prompt01_s05,"Given integers a=8170, p=150, q=245, r=5 with a>1, consider the real equation a^p * x^{r * log_a(x)} = x^q, where log_a(x) denotes the logarithm of x in base a. Find the last 6 nonzero digits of the product of the positive real solutions.",34097
1995-2::1995_prompt02_s02,Find the last three digits of the product of the positive real solutions x > 0 to the equation 147^6650 · x^{9·log_{147} x + 4} = x^{5·(log_{147} x)^2 - 171·log_{147} x + 1969}.,321
1995-3::1995_prompt01_s02,"Starting at (0,0), a lattice walker takes unit steps. Each step is right with probability 5/12, left with probability 2/12, up with probability 2/12, and down with probability 3/12. The walker must never leave the rectangle 0 ≤ x ≤ 4, 0 ≤ y ≤ 4, and must avoid the forbidden lattice points (3,2). Let p be the probability that the walker reaches (3,3) in at most 8 steps while always remaining in the allowed region. If p = m/n in lowest terms, report m + n.",27050981
1995-3::1995_prompt01_s04,"Starting at (0,0), a lattice walker takes unit steps. Each step is right with probability 6/16, left with probability 3/16, up with probability 4/16, and down with probability 3/16. The walker must never leave the rectangle 0 ≤ x ≤ 5, 0 ≤ y ≤ 3, and must avoid the forbidden lattice points (4,0). Let p be the probability that the walker reaches (4,1) in at most 8 steps while always remaining in the allowed region. If p = m/n in lowest terms, report m + n.",1088023
1995-3::1995_prompt01_s05,"Starting at (0,0), a lattice walker takes unit steps. Each step is right with probability 7/18, left with probability 2/18, up with probability 7/18, and down with probability 2/18. The walker must never leave the rectangle 0 ≤ x ≤ 4, 0 ≤ y ≤ 3, and must avoid the forbidden lattice points (1,3), (2,2). Let p be the probability that the walker reaches (1,2) in at most 6 steps while always remaining in the allowed region. If p = m/n in lowest terms, report m + n.",1157101
1995-3::1995_prompt02_s01,"On the integer lattice, an object starts at (0,0) and may take up to 10 unit steps. At each step it moves right, left, up, or down with probabilities proportional to 2, 1, 3, and 2, respectively (that is, the probabilities are 2/W, 1/W, 3/W, and 2/W where W=2+1+3+2). The object is forbidden from visiting any point with y < -3. Let p be the probability that the object first reaches either of the two target points (6, 5) or (3, 5) within at most 10 steps without ever entering the forbidden half-plane y < -3. Write p as m/n in lowest terms and find m + n.",17088499
1995-3::1995_prompt02_s05,"On the integer lattice, an object starts at (0,0) and may take up to 10 unit steps. At each step it moves right, left, up, or down with probabilities proportional to 1, 1, 3, and 2, respectively (that is, the probabilities are 1/W, 1/W, 3/W, and 2/W where W=1+1+3+2). The object is forbidden from visiting any point with y < -2. Let p be the probability that the object first reaches either of the two target points (6, 0) or (5, 2) within at most 10 steps without ever entering the forbidden half-plane y < -2. Write p as m/n in lowest terms and find m + n.",282788795
1995-4::1995_prompt02_s01,"Two circles with radii 8 and 39 lie inside a larger circle of radius 52. The two smaller circles are externally tangent to each other and each is internally tangent to the larger circle. A common external tangent line to the two smaller circles intersects the larger circle in a chord. There are two such chords; determine the square of the length of the shorter one, rounded to 8 decimal places.",2713.00184017
1995-4::1995_prompt02_s02,"Two circles with radii 13 and 40 lie inside a larger circle of radius 57. The two smaller circles are externally tangent to each other, and each is internally tangent to the larger circle. A chord of the larger circle can serve as a common external tangent to both smaller circles; in fact, there are two such chords. Determine the square of the length of the shorter such chord, rounded to 8 decimal places.",4679.87015692
1995-4::1995_prompt02_s03,"Two circles with radii 6 and 9 lie inside a larger circle of radius 34. The two smaller circles are externally tangent to each other, and each is internally tangent to the larger circle. A chord of the larger circle lies on a common external tangent line to both smaller circles. There are two such chords; find the square of the length of the shorter one, rounded to the nearest 10^{-9}.",278.588181008
1995-4::1995_prompt02_s04,"Two circles with radii 5 and 22 lie inside a larger circle of radius 54. The two smaller circles are externally tangent to each other, and each is internally tangent to the larger circle. Each common external tangent to the two smaller circles intersects the larger circle in a chord. Determine the square of the length of the shorter of these two chords, rounded to 9 decimal places.",596.118891408
1995-4::1995_prompt02_s05,"Two circles with radii 13 and 29 lie inside a larger circle of radius 54. The two smaller circles are externally tangent to each other and each is internally tangent to the larger circle. Each common external tangent to the two smaller circles cuts the larger circle in a chord. Find the square of the length of the shorter of these two chords, rounded to 8 decimal places.",2619.72843277
1995-5::1995_prompt01_s01,"Consider the monic polynomial x^6 + a x^5 + b x^4 + c x^3 + d x^2 + e x + f with real coefficients. All six roots are non-real and occur as three conjugate pairs. Choose one representative r1, r2, r3 from the three different conjugate pairs. It is known that r1*r2 = -8, r2*r3 = -8+6i, r3*r1 = -16+12i, and r1 + conjugate(r2) = 2i, r2 + conjugate(r3) = 3-2i, r3 + conjugate(r1) = 3. Here i denotes the imaginary unit. Determine b, the coefficient of x^4.",45
1995-5::1995_prompt01_s02,"Consider the monic polynomial x^6 + a x^5 + b x^4 + c x^3 + d x^2 + e x + f with real coefficients. All six roots are non-real and occur as three conjugate pairs. Choose one representative r1, r2, r3 from the three different conjugate pairs. It is known that r1*r2 = -8-6i, r2*r3 = -26-7i, r3*r1 = -10+4i, and r1 + conjugate(r2) = -3-2i, r2 + conjugate(r3) = -1-1i, r3 + conjugate(r1) = 2+3i. Here i denotes the imaginary unit. Determine b, the coefficient of x^4.",34
1995-5::1995_prompt01_s03,"Consider the monic polynomial x^6 + a x^5 + b x^4 + c x^3 + d x^2 + e x + f with real coefficients. All six roots are non-real and occur as three conjugate pairs. Choose one representative r1, r2, r3 from the three different conjugate pairs. It is known that r1*r2 = 12+20i, r2*r3 = -8+16i, r3*r1 = 1+13i, and r1 + conjugate(r2) = 8-3i, r2 + conjugate(r3) = 5+1i, r3 + conjugate(r1) = 5+2i. Here i denotes the imaginary unit. Determine b, the coefficient of x^4.",155
1995-5::1995_prompt01_s04,"Consider the monic polynomial x^6 + a x^5 + b x^4 + c x^3 + d x^2 + e x + f with real coefficients. All six roots are non-real and occur as three conjugate pairs. Choose one representative r1, r2, r3 from the three different conjugate pairs. It is known that r1*r2 = -13-18i, r2*r3 = 11-24i, r3*r1 = -33-10i, and r1 + conjugate(r2) = -2+4i, r2 + conjugate(r3) = -8-4i, r3 + conjugate(r1) = -2. Here i denotes the imaginary unit. Determine b, the coefficient of x^4.",87
1995-5::1995_prompt01_s05,"Consider the monic polynomial x^6 + a x^5 + b x^4 + c x^3 + d x^2 + e x + f with real coefficients. All six roots are non-real and occur as three conjugate pairs. Choose one representative r1, r2, r3 from the three different conjugate pairs. It is known that r1*r2 = -15+9i, r2*r3 = -15+6i, r3*r1 = -19+25i, and r1 + conjugate(r2) = 3+2i, r2 + conjugate(r3) = 2-2i, r3 + conjugate(r1) = 5. Here i denotes the imaginary unit. Determine b, the coefficient of x^4.",96
1995-6::1995_prompt01_s01,"Let n be a positive integer whose prime factorization uses distinct primes with exponent vector [8, 3, 4]. For an even integer r=6 and an integer s=2 satisfying 1 ≤ s ≤ r/2, determine how many positive integers d satisfy d | n^6, d < n^{r/2}, and d does not divide n^2.",10566
1995-6::1995_prompt01_s02,"Let n be a positive integer whose prime factorization uses distinct primes with exponent vector [2, 10, 6]. For an even integer r=8 and an integer s=2 satisfying 1 ≤ s ≤ r/2, determine how many positive integers d satisfy d | n^8, d < n^{r/2}, and d does not divide n^2.",32371
1995-6::1995_prompt01_s03,"Let n be a positive integer whose prime factorization uses distinct primes with exponent vector [11, 10, 9, 12]. For an even integer r=12 and an integer s=6 satisfying 1 ≤ s ≤ r/2, determine how many positive integers d satisfy d | n^12, d < n^{r/2}, and d does not divide n^6.",110765628
1995-6::1995_prompt01_s04,"Let n be a positive integer whose prime factorization uses distinct primes with exponent vector [12, 14, 7]. For an even integer r=12 and an integer s=2 satisfying 1 ≤ s ≤ r/2, determine how many positive integers d satisfy d | n^12, d < n^{r/2}, and d does not divide n^2.",1030587
1995-6::1995_prompt01_s05,"Let n be a positive integer whose prime factorization uses distinct primes with exponent vector [11, 4, 13]. For an even integer r=10 and an integer s=1 satisfying 1 ≤ s ≤ r/2, determine how many positive integers d satisfy d | n^10, d < n^{r/2}, and d does not divide n^1.",297250
1995-8::1995_prompt03_s01,"Let a = 4120 and b = 6. Determine the number of ordered pairs of positive integers (x, y) with y < x <= a such that each of x/y, (x+1)/(y+1), and (x+b)/(y+b) is an integer, and the three integer values are pairwise distinct.",938
1995-8::1995_prompt03_s02,"Determine the number of ordered pairs of positive integers (x, y) with y < x ≤ 1153 such that each of x/y, (x+1)/(y+1), and (x+6)/(y+6) is an integer, and the three integer values are pairwise distinct.",254
1995-8::1995_prompt03_s03,"Determine the number of ordered pairs of positive integers (x, y) with y < x <= 4830 such that each of x/y, (x+1)/(y+1), and (x+4)/(y+4) is an integer, and the three integer values are pairwise distinct.",1658
1995-8::1995_prompt03_s04,"Determine the number of ordered pairs of positive integers (x, y) with y < x ≤ 773 such that each of x/y, (x+1)/(y+1), and (x+8)/(y+8) is an integer, and these three integers are pairwise distinct.",110
1995-8::1995_prompt03_s05,"Determine the number of ordered pairs of positive integers \((x,y)\) with \(y<x\le 3463\) such that each of \(\frac{x}{y},\ \frac{x+1}{y+1},\) and \(\frac{x+10}{y+10}\) is an integer, and the three integer values are pairwise distinct.",709
1995-9::1995_prompt01_s01,"Triangle ABC is isosceles with AB = AC and altitude AM = 370. There is a point D on segment AM such that AD = 260. Suppose angle BDC equals 3 times angle BAC. The perimeter of triangle ABC can be written in the form u + v sqrt(w), where u, v, and w are positive integers. Find u + v + w.",322
1995-9::1995_prompt01_s02,"Triangle \(ABC\) is isosceles with \(AB=AC\). The altitude from \(A\) to \(BC\) meets \(BC\) at \(M\), and \(AM=44\). There is a point \(D\) on segment \(AM\) such that \(AD=40\). Suppose \(\angle BDC = 3\angle BAC\). The perimeter of triangle \(ABC\) can be written in the form \(u+v\sqrt{w}\), where \(u,v,w\) are positive integers and \(w\) is squarefree. Find \(u+v+w\).",93
1995-9::1995_prompt01_s03,"Triangle ABC is isosceles with AB = AC, and M is the foot of the altitude from A to BC, with AM = 44. There is a point D on segment AM such that AD = 40. Suppose \(\angle BDC = 3\angle BAC\). The perimeter of triangle ABC can be written uniquely in the form \(u + v\sqrt{w}\), where \(u,v,w\) are positive integers and \(w\) is squarefree. Find \(u+v+w\).",93
1995-9::1995_prompt01_s04,"Triangle ABC is isosceles with AB = AC. Let M be the foot of the altitude from A to BC, and suppose AM = 22. There is a point D on segment AM such that AD = 20. Suppose \(\angle BDC = 3\angle BAC\). The perimeter of triangle ABC can be written in the form \(u + v\sqrt{w}\), where \(u,v,w\) are positive integers and \(w\) is squarefree. Find \(u+v+w\).",49
1995-9::1995_prompt01_s05,"Triangle ABC is isosceles with AB = AC and altitude AM = 22. There is a point D on segment AM such that AD = 20. Suppose angle BDC equals 3 times angle BAC. The perimeter of triangle ABC can be written in the form u + v sqrt(w), where u, v, and w are positive integers. Find u + v + w.",49
1996-10::1996_prompt01_s01,"Let all angles be measured in degrees. Find the least positive integer x satisfying simultaneously the three equations: tan(49x° + 169°) = (cos(138°) + sin(138°) ) / (cos(138°) - sin(138°) ), tan(2x° + 70°) = (cos(77°) + sin(77°) ) / (cos(77°) - sin(77°) ), and tan(165x° + 8°) = (cos(113°) + sin(113°) ) / (cos(113°) - sin(113°) ).",26
1996-10::1996_prompt01_s02,"Let all angles be measured in degrees. Find the least positive integer x satisfying simultaneously the three equations: tan(83x° + 121°) = (cos(99°) + sin(99°) ) / (cos(99°) - sin(99°) ), tan(62x° + 127°) = (cos(84°) + sin(84°) ) / (cos(84°) - sin(84°) ), and tan(84x° + 22°) = (cos(61°) + sin(61°) ) / (cos(61°) - sin(61°) ).",61
1996-10::1996_prompt01_s03,"Let all angles be measured in degrees. Find the least positive integer x satisfying simultaneously the three equations: tan(133x° + 85°) = (cos(83°) + sin(83°) ) / (cos(83°) - sin(83°) ), tan(69x° + 20°) = (cos(134°) + sin(134°) ) / (cos(134°) - sin(134°) ), and tan(55x° + 71°) = (cos(171°) + sin(171°) ) / (cos(171°) - sin(171°) ).",91
1996-10::1996_prompt01_s04,"Let all angles be measured in degrees. Find the least positive integer x satisfying simultaneously the three equations: tan(61x° + 2°) = (cos(73°) + sin(73°) ) / (cos(73°) - sin(73°) ), tan(2x° + 46°) = (cos(173°) + sin(173°) ) / (cos(173°) - sin(173°) ), and tan(124x° + 156°) = (cos(155°) + sin(155°) ) / (cos(155°) - sin(155°) ).",176
1996-10::1996_prompt01_s05,"Let all angles be measured in degrees. Find the least positive integer x satisfying simultaneously the three equations: tan(131x° + 61°) = (cos(92°) + sin(92°) ) / (cos(92°) - sin(92°) ), tan(66x° + 151°) = (cos(22°) + sin(22°) ) / (cos(22°) - sin(22°) ), and tan(153x° + 49°) = (cos(112°) + sin(112°) ) / (cos(112°) - sin(112°) ).",116
1996-11::1996_prompt02_s05,"Let \(G(z)=1+z^n+z^{2n}+\cdots+z^{(m-1)n}\), where \(m=6\) and \(n=15\). Let \(P\) be the product of the roots of \(G(z)=0\) whose imaginary part is positive. Suppose \(P=r(\cos(\theta^\circ)+i\sin(\theta^\circ))\) with \(r>0\) and \(0\le \theta<360\). Find \(\theta\).",48
1996-11::1996_prompt04_s01,"Let n and m be distinct positive integers with gcd(n, m) > 1. Consider the cyclotomic polynomials Φ_n(z) and Φ_m(z), and define Q(z) = Φ_n(z)^a · Φ_m(z)^b. Let P be the product of all roots of Q(z) whose arguments (in degrees, measured from the positive real axis) lie strictly in the sector (alpha_deg°, beta_deg°]. Suppose P = r (cos θ° + i sin θ°) with r > 0 and 0 ≤ θ < 360. Find θ for the given parameters n = 24, m = 30, a = 3, b = 2, alpha_deg = 0, and beta_deg = 180.",48
1996-11::1996_prompt04_s02,"Let n and m be distinct positive integers with gcd(n, m) > 1. Consider the cyclotomic polynomials Φ_n(z) and Φ_m(z), and define Q(z) = Φ_n(z)^a · Φ_m(z)^b. Let P be the product of all roots of Q(z) whose arguments (in degrees, measured from the positive real axis) lie strictly in the sector (alpha_deg°, beta_deg°]. Suppose P = r (cos θ° + i sin θ°) with r > 0 and 0 ≤ θ < 360. Find θ for the given parameters n = 30, m = 9, a = 3, b = 2, alpha_deg = 0, and beta_deg = 240.",168
1996-11::1996_prompt04_s03,"Let n and m be distinct positive integers with gcd(n, m) > 1. Consider the cyclotomic polynomials Φ_n(z) and Φ_m(z), and define Q(z) = Φ_n(z)^a · Φ_m(z)^b. Let P be the product of all roots of Q(z) whose arguments (in degrees, measured from the positive real axis) lie strictly in the sector (alpha_deg°, beta_deg°]. Suppose P = r (cos θ° + i sin θ°) with r > 0 and 0 ≤ θ < 360. Find θ for the given parameters n = 6, m = 30, a = 1, b = 3, alpha_deg = 60, and beta_deg = 300.",300
1996-11::1996_prompt04_s04,"Let n and m be distinct positive integers with gcd(n, m) > 1. Consider the cyclotomic polynomials Φ_n(z) and Φ_m(z), and define Q(z) = Φ_n(z)^a · Φ_m(z)^b. Let P be the product of all roots of Q(z) whose arguments (in degrees, measured from the positive real axis) lie strictly in the sector (alpha_deg°, beta_deg°]. Suppose P = r (cos θ° + i sin θ°) with r > 0 and 0 ≤ θ < 360. Find θ for the given parameters n = 15, m = 10, a = 2, b = 2, alpha_deg = 0, and beta_deg = 144.",264
1996-12::1996_prompt01_s01,"In a math contest, 22 cards are labeled in some order to form a permutation. The card values come from an arithmetic progression v_j = 9 + j*2 for j = 0, 1, ..., 2, but with repetitions: the multiplicity vector is counts = [10, 4, 8], so the value v_j appears counts[j] times and the total number of cards is 22. For every permutation, pair consecutive cards (1 with 2, 3 with 4, ...) and form the sum S = sum over all pairs of |difference|^3. Over all permutations of these 22 cards, the average of S equals p/q in lowest terms. Compute p+q.",5717
1996-12::1996_prompt01_s02,"In a math contest, 18 cards are labeled in some order to form a permutation. The card values come from an arithmetic progression v_j = 0 + j*3 for j = 0, 1, ..., 7, but with repetitions: the multiplicity vector is counts = [4, 2, 1, 2, 2, 4, 2, 1], so the value v_j appears counts[j] times and the total number of cards is 18. For every permutation, pair consecutive cards (1 with 2, 3 with 4, ...) and form the sum S = sum over all pairs of |difference|^2. Over all permutations of these 18 cards, the average of S equals p/q in lowest terms. Compute p+q.",15650
1996-12::1996_prompt01_s03,"In a math contest, 12 cards are labeled in some order to form a permutation. The card values come from an arithmetic progression v_j = 4 + j*4 for j = 0, 1, ..., 2, but with repetitions: the multiplicity vector is counts = [4, 3, 5], so the value v_j appears counts[j] times and the total number of cards is 12. For every permutation, pair consecutive cards (1 with 2, 3 with 4, ...) and form the sum S = sum over all pairs of |difference|^2. Over all permutations of these 12 cards, the average of S equals p/q in lowest terms. Compute p+q.",1723
1996-12::1996_prompt01_s04,"In a math contest, 16 cards are labeled in some order to form a permutation. The card values come from an arithmetic progression v_j = 6 + j*8 for j = 0, 1, ..., 6, but with repetitions: the multiplicity vector is counts = [3, 2, 2, 2, 3, 1, 3], so the value v_j appears counts[j] times and the total number of cards is 16. For every permutation, pair consecutive cards (1 with 2, 3 with 4, ...) and form the sum S = sum over all pairs of |difference|^2. Over all permutations of these 16 cards, the average of S equals p/q in lowest terms. Compute p+q.",14531
1996-12::1996_prompt01_s05,"In a math contest, 24 cards are labeled in some order to form a permutation. The card values come from an arithmetic progression v_j = 6 + j*5 for j = 0, 1, ..., 3, but with repetitions: the multiplicity vector is counts = [9, 4, 6, 5], so the value v_j appears counts[j] times and the total number of cards is 24. For every permutation, pair consecutive cards (1 with 2, 3 with 4, ...) and form the sum S = sum over all pairs of |difference|^3. Over all permutations of these 24 cards, the average of S equals p/q in lowest terms. Compute p+q.",237148
1996-13::1996_prompt01_s01,"In triangle ABC, AB = sqrt(274), AC = sqrt(173), and BC = sqrt(297). Let D be the unique point on the line BC (possibly outside segment BC) for which angle ADB is a right angle. Express the ratio of the areas of triangles ADB and ADC as a reduced fraction m/n, and report m + n.",297
1996-13::1996_prompt01_s02,"In triangle ABC, AB = sqrt(84), AC = sqrt(151), and BC = sqrt(105). Let D be the unique point on the line BC (possibly outside segment BC) for which angle ADB is a right angle. Express the ratio of the areas of triangles ADB and ADC as a reduced fraction m/n, and report m + n.",105
1996-13::1996_prompt01_s03,"In triangle ABC, AB = sqrt(205), AC = sqrt(158), and BC = sqrt(87). Let D be the unique point on the line BC (possibly outside segment BC) for which angle ADB is a right angle. Express the ratio of the areas of triangles ADB and ADC as a reduced fraction m/n, and report m + n.",87
1996-13::1996_prompt01_s04,"In triangle ABC, AB = sqrt(151), AC = sqrt(94), and BC = sqrt(122). Let D be the unique point on the line BC (possibly outside segment BC) for which angle ADB is a right angle. Express the ratio of the areas of triangles ADB and ADC as a reduced fraction m/n, and report m + n.",244
1996-13::1996_prompt01_s05,"In triangle ABC, AB = sqrt(110), AC = sqrt(93), and BC = sqrt(118). Let D be the unique point on the line BC (possibly outside segment BC) for which angle ADB is a right angle. Express the ratio of the areas of triangles ADB and ADC as a reduced fraction m/n, and report m + n.",236
1996-14::1996_prompt01_s01,"A 6-dimensional axis-aligned rectangular box is assembled from 1-by-...-1 unit hypercubes, with integer side lengths 10797, 1463, 5115, 957, 1771, 318. Consider the straight space-diagonal segment from one corner to the opposite corner. Through the interiors of how many unit hypercubes does this segment pass?",20294
1996-14::1996_prompt01_s02,"A 4-dimensional axis-aligned rectangular box is assembled from 1-by-...-1 unit hypercubes, with integer side lengths 124285, 2030, 238, 155. Consider the straight space-diagonal segment from one corner to the opposite corner. Through the interiors of how many unit hypercubes does this segment pass?",126654
1996-14::1996_prompt01_s03,"A 6-dimensional axis-aligned rectangular box is assembled from 1-by-...-1 unit hypercubes, with integer side lengths 2870, 1295, 1855, 38, 595, 470. Consider the straight space-diagonal segment from one corner to the opposite corner. Through the interiors of how many unit hypercubes does this segment pass?",7006
1996-14::1996_prompt01_s04,"A 6-dimensional axis-aligned rectangular box is assembled from 1-by-...-1 unit hypercubes, with integer side lengths 530, 43554, 2870, 6622, 658, 1239. Consider the straight space-diagonal segment from one corner to the opposite corner. Through the interiors of how many unit hypercubes does this segment pass?",55400
1996-14::1996_prompt01_s05,"A 4-dimensional axis-aligned rectangular box is assembled from 1-by-...-1 unit hypercubes, with integer side lengths 1045, 406, 46299, 28490. Consider the straight space-diagonal segment from one corner to the opposite corner. Through the interiors of how many unit hypercubes does this segment pass?",76160
1996-15::1996_prompt01_s01,"In a parallelogram ABCD, let O be the intersection point of the diagonals AC and BD. The angles CAB and DBC are each 2 times the angle DBA. Let r be the ratio of angle ACB to angle AOB. Find the greatest integer that does not exceed 1000 · r.",777
1996-15::1996_prompt01_s02,"In a parallelogram ABCD, let O be the intersection point of the diagonals AC and BD. The angles CAB and DBC are each 2 times the angle DBA. Let r be the ratio of angle ACB to angle AOB. Find the greatest integer that does not exceed 1000 · r.",777
1996-15::1996_prompt01_s03,"In a parallelogram ABCD, let O be the intersection point of the diagonals AC and BD. The angles CAB and DBC are each 2 times the angle DBA. Let r be the ratio of angle ACB to angle AOB. Find the greatest integer that does not exceed 1000 · r.",777
1996-15::1996_prompt01_s04,"In a parallelogram ABCD, let O be the intersection point of the diagonals AC and BD. The angles CAB and DBC are each 2 times the angle DBA. Let r be the ratio of angle ACB to angle AOB. Find the greatest integer that does not exceed 1000 · r.",777
1996-15::1996_prompt01_s05,"In a parallelogram ABCD, let O be the intersection point of the diagonals AC and BD. The angles CAB and DBC are each 2 times the angle DBA. Let r be the ratio of angle ACB to angle AOB. Find the greatest integer that does not exceed 1000 · r.",777
1996-2::1996_prompt01_s01,Let n range over the integers 1 <= n < 207419. Count how many n satisfy both conditions: (i) floor of the logarithm base 3 of n is a positive integer congruent to 1 modulo 3; and (ii) floor of the logarithm base 11 of (n + 15110) is a nonnegative integer congruent to 0 modulo 2.,91434
1996-2::1996_prompt01_s02,Let n range over the integers 1 <= n < 187659. Count how many n satisfy both conditions: (i) floor of the logarithm base 8 of n is a positive integer congruent to 0 modulo 3; and (ii) floor of the logarithm base 6 of (n + 2099) is a nonnegative integer congruent to 0 modulo 2.,3584
1996-2::1996_prompt01_s03,Let n range over the integers 1 <= n < 140301. Count how many n satisfy both conditions: (i) floor of the logarithm base 5 of n is a positive integer congruent to 2 modulo 3; and (ii) floor of the logarithm base 7 of (n + 2847) is a nonnegative integer congruent to 0 modulo 2.,10935
1996-2::1996_prompt01_s04,Let n range over the integers 1 <= n < 85272. Count how many n satisfy both conditions: (i) floor of the logarithm base 10 of n is a positive integer congruent to 1 modulo 3; and (ii) floor of the logarithm base 3 of (n + 17738) is a nonnegative integer congruent to 1 modulo 2.,31311
1996-2::1996_prompt01_s05,Let n range over the integers 1 <= n < 117085. Count how many n satisfy both conditions: (i) floor of the logarithm base 8 of n is a positive integer congruent to 1 modulo 2; and (ii) floor of the logarithm base 10 of (n + 2640) is a nonnegative integer congruent to 1 modulo 2.,23365
1996-3::1996_prompt01_s01,"In a math contest, consider the polynomial in 3 variables defined by P(x, y, z) = 1 + 3*x^3 + 4*y^5 + 9*x^3*y^5 + 8*z^7 + 8*x^3*z^7 + 5*y^5*z^7 + 4*x^3*y^5*z^7. All coefficients are positive integers. Determine the smallest positive integer n such that, after like terms are collected, the expansion of [P(x_1, ..., x_3)]^n has at least 1093044 distinct monomials.",103
1996-3::1996_prompt01_s02,"In a math contest, consider the polynomial in 3 variables defined by P(x, y, z) = 6 + 5*x^2 + 9*y^3 + 4*x^2*y^3 + 7*z^7 + 2*x^2*z^7 + 4*y^3*z^7 + 6*x^2*y^3*z^7. All coefficients are positive integers. Determine the smallest positive integer n such that, after like terms are collected, the expansion of [P(x_1, ..., x_3)]^n has at least 848666 distinct monomials.",94
1996-3::1996_prompt01_s03,"In a math contest, consider the polynomial in 3 variables defined by P(x, y, z) = 3 + x^3 + 4*y^6 + x^3*y^6 + 2*z^5 + 7*x^3*z^5 + 9*y^6*z^5 + 8*x^3*y^6*z^5. All coefficients are positive integers. Determine the smallest positive integer n such that, after like terms are collected, the expansion of [P(x_1, ..., x_3)]^n has at least 1314294 distinct monomials.",109
1996-3::1996_prompt01_s04,"In a math contest, consider the polynomial in 3 variables defined by P(x, y, z) = 7 + x^4 + 6*y^4 + 9*x^4*y^4 + 6*z^6 + 4*x^4*z^6 + 8*y^4*z^6 + 3*x^4*y^4*z^6. All coefficients are positive integers. Determine the smallest positive integer n such that, after like terms are collected, the expansion of [P(x_1, ..., x_3)]^n has at least 1734922 distinct monomials.",120
1996-3::1996_prompt01_s05,"In a math contest, consider the polynomial in 4 variables defined by P(x, y, z, w) = 5 + 8*x^3 + 6*y^5 + 2*x^3*y^5 + 6*z^6 + 7*x^3*z^6 + 3*y^5*z^6 + 9*x^3*y^5*z^6 + 2*w^2 + 5*x^3*w^2 + 7*y^5*w^2 + 8*x^3*y^5*w^2 + 9*z^6*w^2 + 5*x^3*z^6*w^2 + 3*y^5*z^6*w^2 + 7*x^3*y^5*z^6*w^2. All coefficients are positive integers. Determine the smallest positive integer n such that, after like terms are collected, the expansion of [P(x_1, ..., x_4)]^n has at least 112383642 distinct monomials.",102
1996-4::1996_prompt01_s01,"A right rectangular solid with base 6 by 24 centimeters and height 5 centimeters rests on a horizontal surface. A point source of light is located x centimeters directly above a point of the top face that is 2 centimeters from one side and 19 centimeters from an adjacent side. The shadow on the horizontal surface, excluding the area directly beneath the solid, has area 147312 square centimeters. Find the greatest integer that does not exceed 4584x.",739
1996-4::1996_prompt01_s02,"A right rectangular solid with base 11 by 17 centimeters and height 22 centimeters rests on a horizontal surface. A point source of light is located x centimeters directly above a point of the top face that is 1 centimeters from one side and 6 centimeters from an adjacent side. The shadow on the horizontal surface, excluding the area directly beneath the solid, has area 47685 square centimeters. Find the greatest integer that does not exceed 739x.",1083
1996-4::1996_prompt01_s03,"A right rectangular solid with base 23 by 15 centimeters and height 25 centimeters rests on a horizontal surface. A point source of light is located x centimeters directly above a point of the top face that is 3 centimeters from one side and 1 centimeters from an adjacent side. The shadow on the horizontal surface, excluding the area directly beneath the solid, has area 251160 square centimeters. Find the greatest integer that does not exceed 4351x.",4183
1996-4::1996_prompt01_s04,"A right rectangular solid with base 9 by 21 centimeters and height 3 centimeters rests on a horizontal surface. A point source of light is located x centimeters directly above a point of the top face that is 2 centimeters from one side and 15 centimeters from an adjacent side. The shadow on the horizontal surface, excluding the area directly beneath the solid, has area 231336 square centimeters. Find the greatest integer that does not exceed 1969x.",173
1996-4::1996_prompt01_s05,"A right rectangular solid with base 16 by 10 centimeters and height 14 centimeters rests on a horizontal surface. A point source of light is located x centimeters directly above a point of the top face that is 9 centimeters from one side and 6 centimeters from an adjacent side. The shadow on the horizontal surface, excluding the area directly beneath the solid, has area 31200 square centimeters. Find the greatest integer that does not exceed 862x.",928
1996-5::1996_prompt01_s01,"Consider the monic cubic P(x) = x^3 + -10 x^2 + 10 x + 8 with (possibly complex) roots a, b, c. Let Q(x) be the monic cubic whose roots are 5(a-b)^2, 7(b-c)^2, and 1(c-a)^2. Determine the constant term t of Q(x).",-765520
1996-5::1996_prompt01_s02,"Consider the monic cubic P(x) = x^3 + -12 x^2 + -7 x + -4 with (possibly complex) roots a, b, c. Let Q(x) be the monic cubic whose roots are 5(a-b)^2, 3(b-c)^2, and 2(c-a)^2. Determine the constant term t of Q(x).",771000
1996-5::1996_prompt01_s03,"Consider the monic cubic P(x) = x^3 + -3 x^2 + -3 x + 8 with (possibly complex) roots a, b, c. Let Q(x) be the monic cubic whose roots are 7(a-b)^2, 4(b-c)^2, and 3(c-a)^2. Determine the constant term t of Q(x).",-52164
1996-5::1996_prompt01_s04,"Consider the monic cubic P(x) = x^3 + -10 x^2 + 8 x + -8 with (possibly complex) roots a, b, c. Let Q(x) be the monic cubic whose roots are 2(a-b)^2, 2(b-c)^2, and 4(c-a)^2. Determine the constant term t of Q(x).",285696
1996-5::1996_prompt01_s05,"Consider the monic cubic P(x) = x^3 + 8 x^2 + 6 x + 6 with (possibly complex) roots a, b, c. Let Q(x) be the monic cubic whose roots are 6(a-b)^2, 1(b-c)^2, and 2(c-a)^2. Determine the constant term t of Q(x).",79632
1996-6::1996_prompt03_s03,"In a round-robin tournament with 7 teams, each pair of teams plays exactly one game. Games are independent and fair (each team has a 50% chance to win any given game; no ties). Let r = 2. Let m/n be the probability, expressed in lowest terms, that the tournament produces neither a team with at most r losses nor a team with at most r wins. Compute m + n.",131237
1996-6::1996_prompt03_s05,"In a round-robin tournament with 7 teams, each pair of teams plays exactly one game. Games are independent and fair (each team has a 50% chance to win any given game; no ties). Let r = 2. Let m/n be the probability, expressed in lowest terms, that the tournament produces neither a team with at most r losses nor a team with at most r wins. Compute m + n.",131237
1996-6::1996_prompt04_s01,"In a round-robin tournament with two conferences, Conference A has 3 teams and Conference B has 5 teams. Every pair of teams plays exactly one game; games between teams from the same conference are fair (each team wins with probability 1/2, independently, and there are no ties). For inter-conference games, any team from A defeats any team from B with probability 7/11, independently of all other games. Let m/n be the probability that the tournament produces neither an undefeated team nor a winless team, where m and n are relatively prime positive integers. Find m + n.",3044332391239
1996-6::1996_prompt04_s02,"In a round-robin tournament with two conferences, Conference A has 6 teams and Conference B has 5 teams. Every pair of teams plays exactly one game; games between teams from the same conference are fair (each team wins with probability 1/2, independently, and there are no ties). For inter-conference games, any team from A defeats any team from B with probability 1/3, independently of all other games. Let m/n be the probability that the tournament produces neither an undefeated team nor a winless team, where m and n are relatively prime positive integers. Find m + n.",264988039
1996-6::1996_prompt04_s03,"In a round-robin tournament with two conferences, Conference A has 3 teams and Conference B has 6 teams. Every pair of teams plays exactly one game; games between teams from the same conference are fair (each team wins with probability 1/2, independently, and there are no ties). For inter-conference games, any team from A defeats any team from B with probability 3/10, independently of all other games. Let m/n be the probability that the tournament produces neither an undefeated team nor a winless team, where m and n are relatively prime positive integers. Find m + n.",925282219561
1996-7::1996_prompt02_s01,"On a 7x7 checkerboard, exactly 33 squares are painted yellow and the rest are painted green. Two colorings are considered equivalent if one can be obtained from another by any rotation or reflection of the board (i.e., by any symmetry of the square). How many inequivalent colorings are possible?",418516059708
1996-7::1996_prompt02_s04,"On a 25x25 checkerboard, exactly 620 squares are painted yellow and the rest are painted green. Two colorings are considered equivalent if one can be obtained from another by any rotation or reflection of the board (i.e., by any symmetry of the square). How many inequivalent colorings are possible?",97761436356
1996-7::1996_prompt03_s01,"On an 9x9 checkerboard, exactly 20 squares are painted red, 56 squares are painted blue, and the remaining squares are painted green. Two colorings are considered equivalent if one can be obtained from another by a rotation of the board by 0°, 90°, 180°, or 270°. How many inequivalent colorings are possible?",6981972742381008362558160
1996-7::1996_prompt03_s02,"On an 7x7 checkerboard, exactly 44 squares are painted red, 4 squares are painted blue, and the remaining squares are painted green. Two colorings are considered equivalent if one can be obtained from another by a rotation of the board by 0°, 90°, 180°, or 270°. How many inequivalent colorings are possible?",2383680
1996-7::1996_prompt03_s03,"On an 7x7 checkerboard, exactly 8 squares are painted red, 32 squares are painted blue, and the remaining squares are painted green. Two colorings are considered equivalent if one can be obtained from another by a rotation of the board by 0°, 90°, 180°, or 270°. How many inequivalent colorings are possible?",39499315857683550
1996-8::1996_prompt02_s02,"Consider the positive integers 4 and 6, with 4 < 6. Define the weighted harmonic mean of x and y with weights 4 and 6 by H(x,y) = (4+6) / (4/x + 6/y). Given that 9000 is a multiple of 4+6, determine the number of ordered pairs of positive integers (x, y) with x > y such that H(x,y) = 9000.",114
1996-8::1996_prompt02_s03,"Consider positive integers 13 and 22 with 13 < 22. Define the weighted harmonic mean of x and y with weights 13 and 22 by H(x,y) = (13+22) / (13/x + 22/y). Given that 3780 is a multiple of 13+22, determine the number of ordered pairs of positive integers (x, y) with x < y such that H(x,y) = 3780.",88
1996-8::1996_prompt02_s04,"Define the weighted harmonic mean of positive integers x and y with weights 2 and 3 by
\[
H(x,y)=\frac{2+3}{\frac{2}{x}+\frac{3}{y}}.
\]
Given that 270 is a multiple of 2+3, determine the number of ordered pairs of positive integers \((x,y)\) with \(x<y\) such that \(H(x,y)=270\).",16
1996-8::1996_prompt02_s05,"Consider positive integers 18 and 25 with 18 < 25. Define the weighted harmonic mean of x and y with weights 18 and 25 by H(x,y) = (18+25) / (18/x + 25/y). Given that 1290 is a multiple of 18+25, determine the number of ordered pairs of positive integers (x, y) with x < y such that H(x,y) = 1290.",52
1996-8::1996_prompt07_s01,"In a math contest, you are asked the following generalization of a classic harmonic-mean problem: For how many ordered pairs of positive integers (x, y) with x < y does the harmonic mean of x and y equal 35321, subject to the additional congruence conditions x ≡ 1 (mod 4) and y ≡ 1 (mod 4)? Provide the exact count.",7
1996-9::1996_prompt02_s01,"A long hallway contains 1019 closed lockers labeled 1 through 1019. A student begins at locker 1, facing right. He repeatedly walks back and forth between the ends of the hallway. On each pass, starting from the end he currently occupies, he counts only the lockers that are still closed, in the order he encounters them. He opens the 1st, 2nd, and 3rd closed lockers, skips the 4th, 5th, 6th, and 7th closed lockers, then opens the next 3 closed lockers, skips the next 4 closed lockers, and so on until he reaches the other end. He then immediately turns around and follows the same rule on the next pass. He continues until every locker is open. What is the number of the last locker he opens?",376
1996-9::1996_prompt02_s02,"A long hallway contains 1397 closed lockers labeled 1 through 1397. A student begins at locker 1, facing right, and repeatedly walks back and forth between the ends of the hallway. On each pass, look only at the lockers that are still closed, in the order he encounters them from the end where he starts that pass. He then follows the repeating pattern: open the 1st, 2nd, and 3rd closed lockers; skip the 4th and 5th closed lockers; then repeat this 5-locker pattern. (So the very first closed locker he encounters on a pass counts as the first of the 3 consecutive closed lockers to be opened.) When he reaches an end, he immediately turns around and begins the next pass in the same way. He continues until every locker is open. What is the number of the last locker he opens?",1000
1996-9::1996_prompt02_s03,"A long hallway contains 713 closed lockers labeled 1 through 713. A student begins at locker 1, facing right. He repeatedly walks back and forth between the ends of the hallway. On each pass, looking only at the closed lockers in the order he encounters them from his current end, he opens the 1st and 2nd closed lockers, skips the next 4 closed lockers, then opens the next 2 closed lockers, skips the next 4, and so on until he reaches the other end. (Already-open lockers are ignored in this count.) At an end, he immediately turns around and makes the next pass by applying the same rule from that end. He continues until every locker is open. What is the number of the last locker he opens?",318
1996-9::1996_prompt02_s04,"A long hallway contains 563 closed lockers labeled 1 through 563. A student begins at locker 1, facing right. He repeatedly walks back and forth between the ends of the hallway. On each pass, starting from the end he currently occupies, he opens the first closed locker he encounters and then continues using the fixed pattern: opens 1 consecutive closed lockers, then skips 2 consecutive closed lockers, counting only closed lockers and ignoring already-open ones. When he reaches an end, he immediately turns around and begins the next pass, again starting by opening the first closed locker he encounters and then repeating the same pattern. He continues until every locker is open. What is the number of the last locker he opens?",161
1996-9::1996_prompt02_s05,"A long hallway contains 651 closed lockers labeled 1 through 651. A student begins at locker 1, facing right. He repeatedly walks back and forth between the ends of the hallway. On each pass, starting from the end he currently occupies, he opens the first closed locker he encounters and then continues using the fixed pattern: opens 4 consecutive closed lockers, then skips 2 consecutive closed lockers, counting only closed lockers and ignoring already-open ones. When he reaches an end, he immediately turns around and begins the next pass, again starting by opening the first closed locker he encounters and then repeating the same pattern. He continues until every locker is open. What is the number of the last locker he opens?",365
1997-10::1997_prompt01_s02,"A deck consists of cards described by 5 independent attributes. Each attribute can take one of 7 values, and every possible 5-tuple of attribute values appears exactly once, so the deck has 7^5 cards. A selection of 7 distinct cards is called complementary if, for every attribute, the values across the selected cards are either all identical or all pairwise distinct. Among all complementary selections of 7 cards, how many have exactly 2 attributes that are identical across the selection?",12446784000
1997-10::1997_prompt01_s03,"A deck consists of cards described by 4 independent attributes. Each attribute can take one of 3 values, and every attribute-value combination appears exactly once, so the deck has 3^4 cards. A selection of 3 distinct cards is called complementary if, for every attribute, the values across the selected cards are either all identical or all pairwise distinct. Among all complementary selections of 3 cards, how many have exactly 1 attributes that are identical across the selection?",432
1997-10::1997_prompt01_s05,"A deck consists of cards described by 6 independent attributes. Each attribute can take one of 5 values, and every possible combination of attribute values appears exactly once, so the deck has 5^6 cards. A selection of 5 distinct cards is called complementary if, for every attribute, the values across the selected cards are either all identical or all pairwise distinct. Among all complementary selections of 5 cards, how many have exactly 1 attribute whose values are identical across the selection?",6220800000
1997-10::1997_prompt02_s02,"A generalized SET deck is built as follows: there are 3 independent attributes, and each attribute can take one of 5 distinct values. Every possible attribute-value profile appears exactly once, so the deck has 5^3 cards. A q-card selection is called complementary if, for each attribute, across the chosen q cards either all values are identical or all 5 values appear exactly once. How many complementary q-card sets are there that have exactly 2 attributes varying (i.e., using all 5 values) and the remaining 1 attribute constant across the set?",1800
1997-10::1997_prompt02_s05,"A generalized SET deck is built as follows: there are 3 independent attributes, and each attribute can take one of 13 distinct values, identified with the elements of \(\mathbb F_{13}\). Every possible attribute-value profile appears exactly once, so the deck has \(13^3\) cards. A 13-card selection is called complementary if its cards are of the form \(\{x+td:t\in\mathbb F_{13}\}\) for some fixed vectors \(x,d\in\mathbb F_{13}^3\) with \(d\neq 0\); that is, the cards form an affine line. In such a set, for each attribute, the values are either all identical or all 13 values appear exactly once. How many complementary 13-card sets are there that have exactly 2 attributes varying and the remaining 1 attribute constant across the set?",6084
1997-11::1997_prompt04_s01,"All angles are in degrees. Let r = 1/4. Consider two arithmetic progressions of angles, both of length 10 and with common difference 143: the first starts at 41, and the second starts at 231. Define
x = \frac{\sum_{j=0}^{9} r^j\big(\cos(41 + 143j) + \cos(231 + 143j)\big)}{\sum_{j=0}^{9} r^j\big(\sin(41 + 143j) + \sin(231 + 143j)\big)}.
Find the greatest integer that does not exceed 400x.",-534
1997-11::1997_prompt04_s02,"All angles are in degrees. Let r = 1/7. Consider two arithmetic progressions of angles, each of length 11 and with common difference 109: the first starts at 251, and the second starts at 230. Define x = (sum_{j=0}^{10} r^j [cos(251 + 109j) + cos(230 + 109j)]) / (sum_{j=0}^{10} r^j [sin(251 + 109j) + sin(230 + 109j)]). Find the greatest integer that does not exceed 350x.",142
1997-11::1997_prompt04_s03,"All angles are in degrees. Let r = 1/6. Consider two arithmetic progressions of angles, both of length 8 and with common difference 52: the first starts at 151, and the second starts at 294. Define
x = (sum_{j=0}^{7} r^j [cos(151 + 52j) + cos(294 + 52j)]) / (sum_{j=0}^{7} r^j [sin(151 + 52j) + sin(294 + 52j)]).
Find the greatest integer that does not exceed 125x.",101
1997-11::1997_prompt04_s04,"All angles are in degrees. Let r = 1/6. Consider two arithmetic progressions of angles, both of length 5 and with common difference 48: the first starts at 84, and the second starts at 124. Define
x = (sum_{j=0}^{4} r^j [cos(84 + j·48) + cos(124 + j·48)]) / (sum_{j=0}^{4} r^j [sin(84 + j·48) + sin(124 + j·48)]).
Find the greatest integer that does not exceed 150·x.",-61
1997-11::1997_prompt04_s05,"All angles are in degrees. Let r = 1/2. Consider two arithmetic progressions of angles, both of length 10 and with common difference 47: the first starts at 196, the second starts at 5. Define x = (sum_{j=0}^{9} r^j [cos(196 + 47j) + cos(5 + 47j)]) / (sum_{j=0}^{9} r^j [sin(196 + 47j) + sin(5 + 47j)]). Find the greatest integer that does not exceed 1000x.",-824
1997-12::1997_prompt01_s01,"Let f(x) = (a x + b)/(c x + d) with nonzero real coefficients a, b, c, d, such that f(f(x)) = x for all real x except x = -d/c. It is known that f(283) = 210 and f(247) = 247. Determine the unique real number that is not in the range of f.",1579
1997-12::1997_prompt01_s02,"Let f(x) = (a x + b)/(c x + d) with nonzero real coefficients a, b, c, d, such that f(f(x)) = x for all real x except x = -d/c. It is known that f(125) = 100 and f(113) = 113. Determine the unique real number that is not in the range of f.",269
1997-12::1997_prompt01_s03,"Let f(x) = (a x + b)/(c x + d) with nonzero real coefficients a, b, c, d, such that f(f(x)) = x for all real x except x = -d/c. It is known that f(94) = 9 and f(52) = 52. Determine the unique real number that is not in the range of f.",1858
1997-12::1997_prompt01_s04,"Let f(x) = (a x + b)/(c x + d) with nonzero real coefficients a, b, c, d, such that f(f(x)) = x for all real x except x = -d/c. It is known that f(82) = 53 and f(68) = 68. Determine the unique real number that is not in the range of f.",278
1997-12::1997_prompt01_s05,"Let f(x) = (a x + b)/(c x + d) with nonzero real coefficients a, b, c, d, such that f(f(x)) = x for all real x except x = -d/c. It is known that f(232) = 175 and f(204) = 204. Determine the unique real number that is not in the range of f.",1016
1997-14::1997_prompt01_s01,"Let the 214 complex numbers satisfying z^214 = 1 be written as e^{2\pi i j/214} for j = 0,1,\dots,213. An ordered pair (v,w) of distinct roots is chosen uniformly at random. Suppose v = e^{2\pi i j/214} and w = e^{2\pi i k/214}. Let E be the event that |v+w| \ge \sqrt{2+2\cos(8\pi/107)}, and let F be the event that j+k \equiv 79 \pmod{214}. If the probability that both E and F occur is m/q in lowest terms, find m+q.",22799
1997-14::1997_prompt01_s02,"Let the 124 complex numbers z satisfying z^124 = 1 be placed on the unit circle as the standard 124th roots of unity e^{2π i j/124} for j = 0, 1, ..., 123. An ordered pair (v, w) of distinct roots is selected uniformly at random. Define the event E by |v + w| ≥ √(2 + 2 cos(2π·12/124)). Define the event F by writing v = e^{2π i j/124}, w = e^{2π i k/124} with j ≠ k and requiring j + k ≡ 32 (mod 62). Let the reduced fraction p = m/q denote the probability that both E and F occur. Find m + q.",1275
1997-14::1997_prompt01_s03,"Let the 166 complex numbers z satisfying z^166 = 1 be placed on the unit circle as the standard n-th roots of unity e^{2π i j / n_roots} for j = 0, 1, ..., n_roots−1. An ordered pair (v, w) of distinct roots is selected uniformly at random. Fix integers 29, 2, and 0 with 1 ≤ cutoff_t < n_roots/2, modulus_d ≥ 2, residue_s ∈ {0, 1, ..., modulus_d−1}, and modulus_d | n_roots. Define the event E by |v + w| ≥ √(2 + 2 cos(2π·cutoff_t / n_roots)). Define the event F by writing v = e^{2π i j / n_roots}, w = e^{2π i k / n_roots} with j ≠ k and requiring j + k ≡ residue_s (mod modulus_d). Let the reduced fraction p = m/q denote the probability that both E and F occur. Find m + q.",193
1997-14::1997_prompt01_s04,"Let the 104 complex numbers z satisfying z^104 = 1 be placed on the unit circle as the standard n-th roots of unity e^{2π i j / n_roots} for j = 0, 1, ..., n_roots−1. An ordered pair (v, w) of distinct roots is selected uniformly at random. Fix integers 10, 4, and 1 with 1 ≤ cutoff_t < n_roots/2, modulus_d ≥ 2, residue_s ∈ {0, 1, ..., modulus_d−1}, and modulus_d | n_roots. Define the event E by |v + w| ≥ √(2 + 2 cos(2π·cutoff_t / n_roots)). Define the event F by writing v = e^{2π i j / n_roots}, w = e^{2π i k / n_roots} with j ≠ k and requiring j + k ≡ residue_s (mod modulus_d). Let the reduced fraction p = m/q denote the probability that both E and F occur. Find m + q.",108
1997-14::1997_prompt01_s05,"Let the 94 complex numbers z satisfying z^94 = 1 be placed on the unit circle as the standard n-th roots of unity e^{2π i j / n_roots} for j = 0, 1, ..., n_roots−1. An ordered pair (v, w) of distinct roots is selected uniformly at random. Fix integers 2, 94, and 88 with 1 ≤ cutoff_t < n_roots/2, modulus_d ≥ 2, residue_s ∈ {0, 1, ..., modulus_d−1}, and modulus_d | n_roots. Define the event E by |v + w| ≥ √(2 + 2 cos(2π·cutoff_t / n_roots)). Define the event F by writing v = e^{2π i j / n_roots}, w = e^{2π i k / n_roots} with j ≠ k and requiring j + k ≡ residue_s (mod modulus_d). Let the reduced fraction p = m/q denote the probability that both E and F occur. Find m + q.",4373
1997-15::1997_prompt02_s01,"In a geometry contest, a rectangle has side lengths 31 and 33 with 31 < 33. An equilateral triangle may be scaled and rotated arbitrarily but must lie entirely within the rectangle. Let M be the maximum possible area of such a triangle. When M is written in the form p√q − r with q squarefree and p, q, r positive integers, determine the value of p + q + r.",5122
1997-15::1997_prompt02_s02,"In a geometry contest, a rectangle has side lengths 43 and 44 with 43 < 44. An equilateral triangle may be scaled and rotated arbitrarily but must lie entirely within the rectangle. Let M be the maximum possible area of such a triangle. When M is written in the form p√q − r with q squarefree and p, q, r positive integers, determine the value of p + q + r.",9464
1997-15::1997_prompt02_s03,"In a geometry contest, a rectangle has side lengths 55 and 62 with 55 < 62. An equilateral triangle may be scaled and rotated arbitrarily but must lie entirely within the rectangle. Let M be the maximum possible area of such a triangle. When M is written in the form p√q − r with q squarefree and p, q, r positive integers, determine the value of p + q + r.",17102
1997-15::1997_prompt02_s04,"In a geometry contest, a rectangle has side lengths 40 and 45 with 40 < 45. An equilateral triangle may be scaled and rotated arbitrarily but must lie entirely within the rectangle. Let M be the maximum possible area of such a triangle. When M is written in the form p√q − r with q squarefree and p, q, r positive integers, determine the value of p + q + r.",9028
1997-15::1997_prompt02_s05,"In a geometry contest, a rectangle has side lengths 31 and 32 with 31 < 32. An equilateral triangle may be scaled and rotated arbitrarily but must lie entirely within the rectangle. Let M be the maximum possible area of such a triangle. When M is written in the form p√q − r with q squarefree and p, q, r positive integers, determine the value of p + q + r.",4964
1997-1::1997_prompt03_s01,"Consider positive integers x in the range 1 to 5528, inclusive. We say that x admits a valid representation if there exist nonnegative integers m > n such that x = m^2 - n^2, gcd(m, n) = 1, and m ≡ n (mod 2). How many integers x in this range admit at least 3 distinct valid representations?",362
1997-1::1997_prompt03_s02,"Consider positive integers x in the range 1 to 5012, inclusive. We say that x admits a valid representation if there exist nonnegative integers m > n such that x = m^2 - n^2, gcd(m, n) = 1, and m ≡ n (mod 2). How many integers x in this range admit at least 4 distinct valid representations?",322
1997-1::1997_prompt03_s03,"Consider positive integers x in the range 1 to 3814, inclusive. We say that x admits a valid representation if there exist nonnegative integers m > n such that x = m^2 - n^2, gcd(m, n) = 1, and m ≡ n (mod 2). How many integers x in this range admit at least 4 distinct valid representations?",231
1997-1::1997_prompt06_s02,"In a math contest, consider the set S of integers from 1 to 1627, inclusive. For each d in S, let R(d) denote the number of distinct ordered pairs of nonnegative integers (x, y) with x > y such that x^2 - y^2 = d. How many elements of S have R(d) at least 5?",115
1997-1::1997_prompt06_s03,"In a math contest, consider the set S of integers from 1 to 878, inclusive. For each d in S, let R(d) denote the number of distinct ordered pairs of nonnegative integers (x, y) with x > y such that x^2 - y^2 = d. How many elements of S have R(d) at least 2?",459
1997-2::1997_prompt01_s01,"On a coordinate plane, draw 7 vertical lines at x-coordinates [0, 4, 7, 12, 16, 20, 24] and 8 horizontal lines at y-coordinates [0, 4, 8, 12, 16, 17, 24, 28], where all coordinates are distinct integers and not necessarily evenly spaced. Let r be the number of axis-aligned rectangles determined by these lines, and let s be the number of such rectangles that are squares. Express s/r in lowest terms as m/n and find m + n.",649
1997-2::1997_prompt01_s02,"On a coordinate plane, draw 9 vertical lines at x-coordinates [0, 2, 4, 6, 8, 10, 14, 15, 16] and 9 horizontal lines at y-coordinates [0, 5, 10, 15, 20, 30, 34, 35, 40], where all coordinates are distinct integers and not necessarily evenly spaced. Let r be the number of axis-aligned rectangles determined by these lines, and let s be the number of such rectangles that are squares. Express s/r in lowest terms as m/n and find m + n.",445
1997-2::1997_prompt01_s03,"On a coordinate plane, draw 7 vertical lines at x-coordinates [0, 1, 3, 6, 9, 12, 18] and 10 horizontal lines at y-coordinates [0, 6, 12, 18, 19, 24, 30, 36, 42, 54], where all coordinates are distinct integers and not necessarily evenly spaced. Let r be the number of axis-aligned rectangles determined by these lines, and let s be the number of such rectangles that are squares. Express s/r in lowest terms as m/n and find m + n.",997
1997-2::1997_prompt01_s04,"On a coordinate plane, draw 10 vertical lines at x-coordinates [0, 5, 15, 20, 25, 30, 31, 35, 40, 45] and 9 horizontal lines at y-coordinates [0, 3, 6, 12, 15, 18, 21, 23, 24], where all coordinates are distinct integers and not necessarily evenly spaced. Let r be the number of axis-aligned rectangles determined by these lines, and let s be the number of such rectangles that are squares. Express s/r in lowest terms as m/n and find m + n.",1661
1997-2::1997_prompt01_s05,"On a coordinate plane, draw 7 vertical lines at x-coordinates [0, 3, 5, 9, 12, 15, 18] and 8 horizontal lines at y-coordinates [0, 5, 10, 20, 25, 30, 33, 35], where all coordinates are distinct integers and not necessarily evenly spaced. Let r be the number of axis-aligned rectangles determined by these lines, and let s be the number of such rectangles that are squares. Express s/r in lowest terms as m/n and find m + n.",29
1997-3::1997_prompt01_s01,"In base 13, let X be a 2-digit positive integer and Y be a 3-digit positive integer (both written without leading zeros in that base). Sarah accidentally wrote the concatenation of X followed by Y (that is, the base-13 number obtained by appending the digits of Y to those of X) instead of multiplying X and Y. It turns out that this concatenated number equals 11 times the product X·Y plus 277 times X. Determine the value of X + Y (expressed in base 10).",210
1997-3::1997_prompt01_s02,"In base 15, let X be a 2-digit positive integer and Y be a 4-digit positive integer (both written without leading zeros in that base). Sarah accidentally wrote the concatenation of X followed by Y (that is, the base-15 number obtained by appending the digits of Y to those of X) instead of multiplying X and Y. It turns out that this concatenated number equals 13 times the product X·Y plus 5349 times X. Determine the value of X + Y (expressed in base 10).",3569
1997-3::1997_prompt01_s03,"In base 10, let X be a 2-digit positive integer and Y be a 3-digit positive integer (both written without leading zeros in that base). Sarah accidentally wrote the concatenation of X followed by Y (that is, the base-10 number obtained by appending the digits of Y to those of X) instead of multiplying X and Y. It turns out that this concatenated number equals 7 times the product X·Y plus 232 times X. Determine the value of X + Y (expressed in base 10).",165
1997-3::1997_prompt01_s04,"In base 11, let X be a 3-digit positive integer and Y be a 4-digit positive integer (both written without leading zeros in that base). Sarah accidentally wrote the concatenation of X followed by Y (that is, the base-11 number obtained by appending the digits of Y to those of X) instead of multiplying X and Y. It turns out that this concatenated number equals 7 times the product X·Y plus 13 times X. Determine the value of X + Y (expressed in base 10).",3135
1997-3::1997_prompt01_s05,"In base 15, let X be a 4-digit positive integer and Y be a 5-digit positive integer (both written without leading zeros in that base). Sarah accidentally wrote the concatenation of X followed by Y (that is, the base-15 number obtained by appending the digits of Y to those of X) instead of multiplying X and Y. It turns out that this concatenated number equals 11 times the product X·Y plus 29715 times X. Determine the value of X + Y (expressed in base 10).",88444
1997-4::1997_prompt01_s01,"In the plane, three circles with radii 1260, 1260, and 3 are mutually externally tangent. There are exactly two circles tangent to all three: one with the smaller radius and one with the larger radius (these are the two Soddy circles arising from the Descartes configuration for the given triple). Write the smaller and larger radii in lowest terms as m1/n1 and m2/n2, respectively. Compute m1 + n1 + m2 + n2.",87
1997-4::1997_prompt01_s02,"In the plane, three circles with radii 756, 756, and 9 are mutually externally tangent. There are exactly two circles tangent to all three: one with the smaller radius and one with the larger radius (these are the two Soddy circles arising from the Descartes configuration for the given triple). Write the smaller and larger radii in lowest terms as m1/n1 and m2/n2, respectively. Compute m1 + n1 + m2 + n2.",99
1997-4::1997_prompt01_s03,"In the plane, three circles with radii 1568, 1568, and 14 are mutually externally tangent. There are exactly two circles tangent to all three: one with the smaller radius and one with the larger radius (these are the two Soddy circles arising from the Descartes configuration for the given triple). Write the smaller and larger radii in lowest terms as m1/n1 and m2/n2, respectively. Compute m1 + n1 + m2 + n2.",166
1997-4::1997_prompt01_s04,"In the plane, three circles with radii 3432, 3432, and 13 are mutually externally tangent. There are exactly two circles tangent to all three: one with the smaller radius and one with the larger radius (these are the two Soddy circles arising from the Descartes configuration for the given triple). Write the smaller and larger radii in lowest terms as m1/n1 and m2/n2, respectively. Compute m1 + n1 + m2 + n2.",95
1997-4::1997_prompt01_s05,"In the plane, three circles with radii 1568, 1568, and 14 are mutually externally tangent. There are exactly two circles tangent to all three: one with the smaller radius and one with the larger radius (these are the two Soddy circles arising from the Descartes configuration for the given triple). Write the smaller and larger radii in lowest terms as m1/n1 and m2/n2, respectively. Compute m1 + n1 + m2 + n2.",166
1997-5::1997_prompt01_s01,"Let r be a 5-place decimal of the form 0.x₁x₂…x_5, where each x_i is a digit 0–9. Consider the set F of rational numbers in (0,1) of the form u/n, where u is in the set [1, 2, 8, 11] and n is any integer with 7 ≤ n ≤ 40, subject to the condition that u and n are coprime (i.e., each fraction is in lowest terms). Among all fractions in F, suppose the unique closest fraction to r (in absolute difference) is 1/26; ties at exact midpoints between two fractions are not counted. How many possible values of r are there?",149
1997-5::1997_prompt01_s02,"Let r be a 5-place decimal of the form 0.x₁x₂…x_5, where each x_i is a digit 0–9. Consider the set F of rational numbers in (0,1) of the form u/n, where u is in the set [2, 4, 5, 7, 10, 12] and n is any integer with 5 ≤ n ≤ 26, subject to the condition that u and n are coprime (i.e., each fraction is in lowest terms). Among all fractions in F, suppose the unique closest fraction to r (in absolute difference) is 5/23; ties at exact midpoints between two fractions are not counted. How many possible values of r are there?",585
1997-5::1997_prompt01_s03,"Let r be a 3-place decimal of the form 0.x₁x₂…x_3, where each x_i is a digit 0–9. Consider the set F of rational numbers in (0,1) of the form u/n, where u is in the set [2, 5, 7, 8, 12] and n is any integer with 3 ≤ n ≤ 15, subject to the condition that u and n are coprime (i.e., each fraction is in lowest terms). Among all fractions in F, suppose the unique closest fraction to r (in absolute difference) is 5/11; ties at exact midpoints between two fractions are not counted. How many possible values of r are there?",25
1997-5::1997_prompt01_s04,"Let r be a 6-place decimal of the form 0.x₁x₂…x_6, where each x_i is a digit 0–9. Consider the set F of rational numbers in (0,1) of the form u/n, where u is in the set [2, 3, 4, 7] and n is any integer with 5 ≤ n ≤ 18, subject to the condition that u and n are coprime (i.e., each fraction is in lowest terms). Among all fractions in F, suppose the unique closest fraction to r (in absolute difference) is 2/5; ties at exact midpoints between two fractions are not counted. How many possible values of r are there?",11438
1997-5::1997_prompt01_s05,"Let r be a 6-place decimal of the form 0.x₁x₂…x_6, where each x_i is a digit 0–9. Consider the set F of rational numbers in (0,1) of the form u/n, where u is in the set [2, 5, 6, 7, 10, 12] and n is any integer with 7 ≤ n ≤ 30, subject to the condition that u and n are coprime (i.e., each fraction is in lowest terms). Among all fractions in F, suppose the unique closest fraction to r (in absolute difference) is 5/22; ties at exact midpoints between two fractions are not counted. How many possible values of r are there?",5556
1997-6::1997_prompt01_s01,"Let A1A2...A_n be a regular n-gon. On the side A1A2, construct externally a regular 9-gon that shares A1A2 as one of its sides; let B be the vertex of this 9-gon adjacent to A1 (so triangle A1A2B lies outside the original n-gon). Determine the largest integer n for which A1, A_n, and B are consecutive vertices of some regular polygon.",18
1997-6::1997_prompt01_s02,"Let A_1A_2\dots A_n be a regular n-gon. On the side A_1A_2, construct externally a regular 4-gon that shares A_1A_2 as one of its sides; let B be the vertex of this 4-gon adjacent to A_1 (so triangle A_1A_2B lies outside the original n-gon). Determine the largest integer n for which A_n, A_1, and B are consecutive vertices, in that order, of some regular polygon.",20
1997-6::1997_prompt01_s03,"Let A_1A_2\dots A_n be a regular n-gon. On the side A_1A_2, construct externally a regular pentagon that shares A_1A_2 as one of its sides; let B be the other vertex of this pentagon adjacent to A_1 (so triangle A_1A_2B lies outside the original n-gon). Determine the largest integer n for which A_n, A_1, and B, in that order, are consecutive vertices of some regular polygon.",20
1997-6::1997_prompt01_s05,"Let A_1A_2\ldots A_n be a regular n-gon. On the side A_1A_2, construct externally a regular pentagon that shares A_1A_2 as one of its sides; let B be the pentagon vertex adjacent to A_1 other than A_2, so triangle A_1A_2B lies outside the original n-gon. Determine the largest integer n for which A_n, A_1, and B, in that order, are consecutive vertices of some regular polygon.",20
1997-6::1997_prompt02_s01,"Consider a regular n-gon A_1A_2...A_n in the plane with side length 1. On side A_1A_2, construct externally an equilateral triangle A_1A_2B, so that B lies outside the n-gon. We say that three points X, Y, Z are consecutive vertices of a regular 264-gon in that circular order if |XY| = |YZ| and the directed segment from X to Y is carried to the directed segment from Y to Z by a rotation through 2πk/264 for some integer k relatively prime to 264. What is the largest integer n ≤ 704 for which B, A_1, A_n are consecutive vertices of a regular 264-gon in that circular order?",264
1997-7::1997_prompt01_s01,"In a plane, a car starts at the origin and moves with constant velocity vector (4.0, -3.0) miles per minute. A circular storm has center initially at (343.634764, -826.047855) miles and initial radius 67 miles. The storm's center moves with constant velocity (1.0, -1.0) miles per minute, and its radius evolves as R(t) = 67 + 2 t for t ≥ 0. Let t1 be the first time the car meets the storm boundary and t2 > t1 the second time (assume two distinct crossings occur). Compute 0.5·(t1 + t2).",313.000000222
1997-7::1997_prompt01_s02,"In a plane, a car starts at the origin and moves with constant velocity vector (2.0, -2.0) miles per minute. A circular storm has center initially at (711.239058, -620.521884) miles and initial radius 113 miles. The storm's center moves with constant velocity (-2.0, 0.0) miles per minute, and its radius evolves as R(t) = 113 + 1 t for t ≥ 0. Let t1 be the first time the car meets the storm boundary and t2 > t1 the second time (assume two distinct crossings occur). Compute 0.5·(t1 + t2).",221
1997-7::1997_prompt01_s03,"In a plane, a car starts at the origin and moves with constant velocity vector (1.0, -3.5) miles per minute. A circular storm has center initially at (-414.005424, -791.751356) miles and initial radius 101 miles. The storm's center moves with constant velocity (0.0, 0.5) miles per minute, and its radius evolves as R(t) = 101 + 3 t for t ≥ 0. Let t1 be the first time the car meets the storm boundary and t2 > t1 the second time (assume two distinct crossings occur). Compute 0.5·(t1 + t2).",382
1997-7::1997_prompt01_s04,"In a plane, a car starts at the origin and moves with constant velocity vector (-0.5, 2.5) miles per minute. A circular storm has center initially at (18.977746, 295.659249) miles and initial radius 32 miles. The storm's center moves with constant velocity (0.5, -0.5) miles per minute, and its radius evolves as R(t) = 32 + 1 t for t ≥ 0. Let t1 be the first time the car meets the storm boundary and t2 > t1 the second time (assume two distinct crossings occur). Compute 0.5·(t1 + t2).",100.000000111
1997-7::1997_prompt01_s05,"In a plane, a car starts at the origin and moves with constant velocity vector (-4.0, -1.5) miles per minute. A circular storm has center initially at (-284.216434, -58.189044) miles and initial radius 181 miles. The storm's center moves with constant velocity (-2.0, 1.5) miles per minute, and its radius evolves as R(t) = 181 + 1 t for t ≥ 0. Let t1 be the first time the car meets the storm boundary and t2 > t1 the second time (assume two distinct crossings occur). Compute 0.5·(t1 + t2).",77
1997-8::1997_prompt01_s01,"Consider all 6 by 6 arrays with entries equal to +1 or -1. An array is called balanced if every row and every column sums to 0. Among all balanced arrays, how many have the additional property that the sum of the entries in the top-left 3 by 3 subarray is exactly -3? Return the exact count of such arrays with all rows and columns labeled.",32850
1997-8::1997_prompt01_s02,"Consider all 8 by 4 arrays with entries equal to +1 or -1. An array is called balanced if every row and every column sums to 0. Among all balanced arrays, how many have the additional property that the sum of the entries in the top-left 2 by 2 subarray is exactly -2? Return the exact count of such arrays with all rows and columns labeled.",9600
1997-8::1997_prompt01_s03,"Consider all 6 by 6 arrays with entries equal to +1 or -1. An array is called balanced if every row and every column sums to 0. Among all balanced arrays, how many have the additional property that the sum of the entries in the top-left 3 by 3 subarray is exactly -1? Return the exact count of such arrays with all rows and columns labeled.",112914
1997-8::1997_prompt01_s04,"Consider all 6 by 4 arrays with entries equal to +1 or -1. An array is called balanced if every row and every column sums to 0. Among all balanced arrays, how many have the additional property that the sum of the entries in the top-left 2 by 2 subarray is exactly -2? Return the exact count of such arrays with all rows and columns labeled.",384
1997-8::1997_prompt02_s01,"Consider all 6×6 arrays with entries in {−1,1}. Let r = [2, 0, 0, 0, -2, -2] and s = [0, 2, 2, 0, -4, -2]. How many such arrays are there in which the i-th row sum equals r_i for each i and the j-th column sum equals s_j for each j?",24224
1997-9::1997_prompt01_s01,"Let <x> denote the fractional part of x; that is, <x> = x - floor(x). In a math contest, a positive real number a satisfies the conditions 4 < a^2 < 4+1 and <a^{-1}> = <a^2>. Given integers 87280 and 29953, determine the exact value of a^17 - 87280*a - 29953*a^{-1}.",140056
1997-9::1997_prompt01_s02,"Let <x> denote the fractional part of x; that is, <x> = x - floor(x). In a math contest, a positive real number a satisfies the conditions 3 < a^2 < 3+1 and <a^{-1}> = <a^2>. Given integers 1000 and 417, determine the exact value of a^13 - 1000*a - 417*a^{-1}.",1548
1997-9::1997_prompt01_s03,"Let <x> denote the fractional part of x; that is, <x> = x - floor(x). In a math contest, a positive real number a satisfies the conditions 5 < a^2 < 5+1 and <a^{-1}> = <a^2>. Given integers 456625 and 111876, determine the exact value of a^17 - 456625*a - 111876*a^{-1}.",646905
1997-9::1997_prompt01_s05,"Let <x> denote the fractional part of x; that is, <x> = x - floor(x). In a math contest, a positive real number a satisfies the conditions 4 < a^2 < 4+1 and <a^{-1}> = <a^2>. Given integers 29953 and 20244, determine the exact value of a^16 - 29953*a - 20244*a^{-1}.",87280
1997-9::1997_prompt02_s01,"Let n=4, u=4, and m=5, with n>=2, u>=2, m>=3. For a positive real number a, let ⟨x⟩ denote the fractional part of x. Suppose a satisfies ⟨a^{-1}⟩ = ⟨a^4⟩ and u < a^4 < u+1. Define P_m(a) = (u a + 1)^m. By repeatedly replacing any occurrence of a^{n+1} by u a + 1 and simplifying, one obtains a unique reduced polynomial of degree at most n; call this Red(P_m). Let R be the constant term (the coefficient of a^0) of Red(P_m). Find the value of R.",1025
1998-10::1998_prompt01_s01,"On a horizontal plane, two concentric regular rings of tangent spheres are arranged as follows: the inner ring has 10 congruent spheres of radius 162, each tangent to the plane and to its two neighbors, and their centers are the vertices of a regular 10-gon. The outer ring has 5 congruent spheres arranged similarly, with some (unspecified) radius chosen so that there exists a single cap sphere that is tangent to the plane and tangent to every sphere in both rings. The radius of this cap sphere can be written in the form a + b√c with c square-free. Compute a + b + c.",329
1998-10::1998_prompt01_s02,"On a horizontal plane, two concentric regular rings of tangent spheres are arranged as follows: the outer ring has 10 congruent spheres of radius 324, each tangent to the plane and to its two neighbors, and their centers are the vertices of a regular 10-gon. The inner ring has 17 congruent spheres arranged similarly, with radius chosen so that there exists a single cap sphere tangent to the plane and tangent to every sphere in both rings. The radius of this cap sphere can be written in the form a + b√c, with c square-free. Compute a + b + c.",653
1998-10::1998_prompt01_s03,"On a horizontal plane, two concentric regular rings of spheres with disjoint interiors are arranged as follows: the inner ring has 10 congruent spheres of radius 86, each tangent to the plane and to its two neighbors, and their centers are the vertices of a regular 10-gon. The outer ring has 3 congruent spheres arranged similarly, with a radius chosen so that there exists a single cap sphere tangent to the plane and tangent to every sphere in both rings. The radius of this cap sphere can be written in the form a + b√c, where c is square-free. Compute a + b + c.",177
1998-10::1998_prompt01_s04,"On a horizontal plane, 10 congruent spheres of radius 280 are arranged so that each sphere is tangent to the plane and to its two neighbors, and their centers are the vertices of a regular 10-gon. A sphere is tangent to the plane and tangent to all 10 spheres. Its radius can be written in the form a + b\sqrt{c}, where c is square-free. Compute a + b + c.",565
1998-10::1998_prompt01_s05,"On a horizontal plane, two concentric regular rings of tangent spheres are arranged as follows: the outer ring has 5 congruent spheres of radius 270, each tangent to the plane and to its two neighbors, and their centers are the vertices of a regular pentagon. The inner ring has 12 congruent spheres arranged similarly, with radius chosen so that there exists a single sphere tangent to the plane and tangent to every sphere in both rings. The radius of this sphere can be written in the form a + b√c, where c is square-free. Compute a + b + c.",167
1998-11::1998_prompt01_s01,"Consider a rectangular box with side lengths 45, 75, and 45. Label the vertices so that A = (0, 0, 0), B = (45, 0, 0), C = (45, 75, 0), and H = (45, 75, 45). Points P, Q, and R lie on edges AB, BC, and CH, respectively, with AP = 40, BQ = 10, and CR = 20. The plane through P, Q, and R intersects the box in a convex polygon. Find the area of this polygon.",4043.08264535
1998-11::1998_prompt01_s02,"Consider a rectangular box with side lengths 35, 55, and 25. Label the vertices so that A = (0, 0, 0), B = (35, 0, 0), C = (35, 55, 0), and H = (35, 55, 25). Points P, Q, and R lie on edges AB, BC, and CH, respectively, with AP = 30, BQ = 5, and CR = 20. The plane through P, Q, and R intersects the box in a convex polygon. Find the area of this polygon.",1906.47672832
1998-11::1998_prompt01_s03,"Consider a rectangular box with side lengths 60, 20, and 65. Label the vertices so that A = (0, 0, 0), B = (60, 0, 0), C = (60, 20, 0), and H = (60, 20, 65). Points P, Q, and R lie on edges AB, BC, and CH, respectively, with AP = 10, BQ = 15, and CR = 15. The plane through P, Q, and R intersects the box in a convex polygon. Find the area of this polygon.",2702.73976988
1998-11::1998_prompt01_s04,"Consider a rectangular box with side lengths 25, 70, and 45. Label the vertices so that A = (0, 0, 0), B = (25, 0, 0), C = (25, 70, 0), and H = (25, 70, 45). Points P, Q, and R lie on edges AB, BC, and CH, respectively, with AP = 20, BQ = 10, and CR = 40. The plane through P, Q, and R intersects the box in a convex polygon. Find the area of this polygon.",2285.8902697
1998-11::1998_prompt01_s05,"Consider a rectangular box with side lengths 55, 40, and 75. Label the vertices so that A = (0, 0, 0), B = (55, 0, 0), C = (55, 40, 0), and H = (55, 40, 75). Points P, Q, and R lie on edges AB, BC, and CH, respectively, with AP = 10, BQ = 20, and CR = 70. The plane through P, Q, and R intersects the box in a convex polygon. Find the area of this polygon.",4568.32443547
1998-12::1998_prompt05_s01,"Let triangle ABC be arbitrary (nondegenerate). Points D, E, and F lie on segments BC, CA, and AB respectively so that BD:DC = 5:5, AE:EC = 5:5, and AF:FB = 5:5. Points P, Q, and R lie on segments DE, EF, and FD respectively, with P on line CQ, Q on line AR, and R on line BP. The ratio of areas [ABC]/[PQR] simplifies to a + b√c in lowest radical form, where a and b are integers and c is a squarefree positive integer. Compute a^2 + b^2 + c^2.",83
1998-12::1998_prompt05_s02,"Let triangle ABC be arbitrary (nondegenerate). Points D, E, and F lie on segments BC, CA, and AB respectively so that BD:DC = 4:4, AE:EC = 4:4, and AF:FB = 4:4. Points P, Q, and R lie on segments DE, EF, and FD respectively, with P on line CQ, Q on line AR, and R on line BP. The ratio of areas [ABC]/[PQR] simplifies to a + b√c in lowest radical form, where a and b are integers and c is a squarefree positive integer. Compute a^2 + b^2 + c^2.",83
1998-12::1998_prompt05_s03,"Let triangle ABC be arbitrary (nondegenerate). Points D, E, and F lie on segments BC, CA, and AB respectively so that BD:DC = 3:3, AE:EC = 3:3, and AF:FB = 3:3. Points P, Q, and R lie on segments DE, EF, and FD respectively, with P on line CQ, Q on line AR, and R on line BP. The ratio of areas [ABC]/[PQR] simplifies to a + b√c in lowest radical form, where a and b are integers and c is a squarefree positive integer. Compute a^2 + b^2 + c^2.",83
1998-12::1998_prompt05_s04,"Let triangle ABC be arbitrary (nondegenerate). Points D, E, and F lie on segments BC, CA, and AB respectively so that BD:DC = 3:3, AE:EC = 3:3, and AF:FB = 3:3. Points P, Q, and R lie on segments DE, EF, and FD respectively, with P on line CQ, Q on line AR, and R on line BP. The ratio of areas [ABC]/[PQR] simplifies to a + b√c in lowest radical form, where a and b are integers and c is a squarefree positive integer. Compute a^2 + b^2 + c^2.",83
1998-12::1998_prompt05_s05,"Let triangle ABC be arbitrary (nondegenerate). Points D, E, and F lie on segments BC, CA, and AB respectively so that BD:DC = 3:3, AE:EC = 3:3, and AF:FB = 3:3. Points P, Q, and R lie on segments DE, EF, and FD respectively, with P on line CQ, Q on line AR, and R on line BP. The ratio of areas [ABC]/[PQR] simplifies to a + b√c in lowest radical form, where a and b are integers and c is a squarefree positive integer. Compute a^2 + b^2 + c^2.",83
1998-13::1998_prompt01_s01,"In this problem let n = 8, m = 3, r = 1, and z = -1 - 2i, where i^2 = -1. For each positive integer N, define S_N^{(m,r)}(z) as follows: for each nonempty subset B of {1,2,...,N}, with elements b_1 < b_2 < ... < b_k, let W(B) = sum_{j=1}^{k} b_j z^j; then S_N^{(m,r)}(z) is the sum of W(B) over all such subsets B for which k is congruent to r modulo m. You are given that S_n^{(m,r)}(z) = 2340 - 24840i. If S_{n+1}^{(m,r)}(z) = p + qi for integers p and q, compute |p| + |q|.",104769
1998-13::1998_prompt01_s02,"Let m=4, r=0, and z=1-2i, where i^2=-1. For each positive integer N, and for each nonempty subset B of {1,2,\dots,N} with elements b_1<b_2<\cdots<b_k, define its z-weighted complex power sum by
W(B)=\sum_{j=1}^{k} b_j z^j.
Let S_N^{(m,r)}(z) be the sum of W(B) over all such subsets B whose size k is congruent to r modulo m. You are given that
S_{10}^{(4,0)}(1-2i)=-204952-211376i.
If S_{11}^{(4,0)}(1-2i)=p+qi for integers p and q, compute |p|+|q|.",1692768
1998-13::1998_prompt01_s03,"Fix integers n=9, m=3, and r=2 with 0 <= r < m, and let z=-1-2i, where i^2=-1. For each positive integer N and each nonempty subset B of {1,2,...,N}, with elements b_1 < b_2 < ... < b_k, define W(B)=sum_{j=1}^k b_j z^j. Let S_N^{(m,r)}(z) be the sum of W(B) over all such subsets B whose size k is congruent to r modulo m. You are given that S_n^{(m,r)}(z)=-83550+34100i. If S_{n+1}^{(m,r)}(z)=p+qi for integers p and q, compute |p|+|q|.",423731
1998-13::1998_prompt01_s04,"Fix m=5 and r=2 with 0\le r<m, and let z=1+i, where i^2=-1. For each positive integer n and each nonempty subset B of \{1,2,\dots,n\}, with elements b_1<b_2<\cdots<b_k, define
W(B)=\sum_{j=1}^{k} b_j z^j.
Let S_n^{(m,r)}(z) be the sum of W(B) over all such subsets B whose size k is congruent to r modulo m. You are given that S_8^{(5,2)}(1+i)=219-597i. If S_9^{(5,2)}(1+i)=p+qi for integers p and q, compute |p|+|q|.",5280
1998-13::1998_prompt01_s05,"For each positive integer N, let z=-1+i, where i^2=-1. For any nonempty subset B of {1,2,...,N}, with elements b_1<b_2<...<b_k, define
W(B)=sum_{j=1}^k b_j z^j.
Let S_N^{(3,2)}(z) be the sum of W(B) over all such subsets B whose size k is congruent to 2 modulo 3. You are given that S_9^{(3,2)}(-1+i)=2580-4180i. If S_{10}^{(3,2)}(-1+i)=p+qi for integers p and q, compute |p|+|q|.",18172
1998-14::1998_prompt01_s01,"Consider a 4-dimensional rectangular box with strictly increasing positive integer side lengths x_1 < x_2 < ... < x_4. Its volume is exactly half the volume of the box obtained by adding the fixed integer offset 4 to each side length. Additionally, the smallest 2 side lengths are pairwise coprime. Determine the largest possible value of x_4.",2185956
1998-14::1998_prompt01_s02,"Consider a 4-dimensional rectangular box with strictly increasing positive integer side lengths x_1 < x_2 < ... < x_4. Its volume is exactly half the volume of the box obtained by adding the fixed integer offset 4 to each side length. Additionally, the smallest 2 side lengths are pairwise coprime. Determine the largest possible value of x_4.",2185956
1998-14::1998_prompt01_s03,"Consider a 4-dimensional rectangular box with strictly increasing positive integer side lengths x_1 < x_2 < ... < x_4. Its volume is exactly half the volume of the box obtained by adding the fixed integer offset 2 to each side length. Additionally, the smallest 2 side lengths are pairwise coprime. Determine the largest possible value of x_4.",17290
1998-14::1998_prompt01_s04,"Consider a 4-dimensional rectangular box with strictly increasing positive integer side lengths x_1 < x_2 < ... < x_4. Its volume is exactly half the volume of the box obtained by adding the fixed integer offset 4 to each side length. Additionally, the smallest 2 side lengths are pairwise coprime. Determine the largest possible value of x_4.",2185956
1998-14::1998_prompt01_s05,"Consider a 4-dimensional rectangular box with strictly increasing positive integer side lengths x_1 < x_2 < ... < x_4. Its volume is exactly half the volume of the box obtained by adding the fixed integer offset 4 to each side length. Additionally, the smallest 2 side lengths are pairwise coprime. Determine the largest possible value of x_4.",2185956
1998-15::1998_prompt01_s01,"Define a domino to be an ordered pair of distinct positive integers. A proper sequence of dominos is a list of distinct dominos in which the first coordinate of each pair after the first equals the second coordinate of the immediately preceding pair, and in which (i,j) and (j,i) do not both appear for any i and j. Let D_{alpha,beta} be the set of all dominos (i,j) with 1 ≤ i ≠ j ≤ 124, subject to the restriction that i + j is not divisible by 9. Using only dominos from D_{alpha,beta}, determine the maximum possible length of a proper sequence.",6724
1998-15::1998_prompt01_s02,"Define a domino to be an ordered pair of distinct positive integers. A proper sequence of dominos is a list of distinct dominos in which the first coordinate of each pair after the first equals the second coordinate of the immediately preceding pair, and in which (i,j) and (j,i) do not both appear for any i and j. Let D_{alpha,beta} be the set of all dominos (i,j) with 1 ≤ i ≠ j ≤ 189, subject to the restriction that i + j is not divisible by 9. Using only dominos from D_{alpha,beta}, determine the maximum possible length of a proper sequence.",15709
1998-15::1998_prompt01_s03,"Define a domino to be an ordered pair of distinct positive integers. A proper sequence of dominos is a list of distinct dominos in which the first coordinate of each pair after the first equals the second coordinate of the immediately preceding pair, and in which (i,j) and (j,i) do not both appear for any i and j. Let D_{alpha,beta} be the set of all dominos (i,j) with 1 ≤ i ≠ j ≤ 91, subject to the restriction that i + j is not divisible by 5. Using only dominos from D_{alpha,beta}, determine the maximum possible length of a proper sequence.",3259
1998-15::1998_prompt01_s04,"Define a domino to be an ordered pair of distinct positive integers. A proper sequence of dominos is a list of distinct dominos in which the first coordinate of each pair after the first equals the second coordinate of the immediately preceding pair, and in which (i,j) and (j,i) do not both appear for any i and j. Let D_{alpha,beta} be the set of all dominos (i,j) with 1 ≤ i ≠ j ≤ 158, subject to the restriction that i + j is not divisible by 5. Using only dominos from D_{alpha,beta}, determine the maximum possible length of a proper sequence.",9860
1998-15::1998_prompt01_s05,"Define a domino to be an ordered pair of distinct positive integers. A proper sequence of dominos is a list of distinct dominos in which the first coordinate of each pair after the first equals the second coordinate of the immediately preceding pair, and in which (i,j) and (j,i) do not both appear for any i and j. Let D_{alpha,beta} be the set of all dominos (i,j) with 1 ≤ i ≠ j ≤ 173, subject to the restriction that i + j is not divisible by 7. Using only dominos from D_{alpha,beta}, determine the maximum possible length of a proper sequence.",12679
1998-1::1998_prompt01_s01,"In a math contest, consider the positive integers 8 and 537824. Determine the number of positive integers k that are perfect 4-th powers such that lcm(8, 537824, k) equals 2202927104, and simultaneously gcd(k, 8192) equals 8192. Give your answer as an integer count.",0
1998-1::1998_prompt01_s02,"In a math contest, consider the positive integers 455625 and 18225. Determine the number of positive integers k that are perfect 3-th powers such that lcm(455625, 18225, k) equals 889892578125, and simultaneously gcd(k, 1953125) equals 1953125. Give your answer as an integer count.",0
1998-1::1998_prompt01_s03,"In a math contest, consider the positive integers 3125 and 12500. Determine the number of positive integers k that are perfect 2-th powers such that lcm(3125, 12500, k) equals 7812500, and simultaneously gcd(k, 3125) equals 3125. Give your answer as an integer count.",0
1998-1::1998_prompt01_s04,"In a math contest, consider the positive integers 1458 and 144. Determine the number of positive integers k that are perfect 3-th powers such that lcm(1458, 144, k) equals 746496, and simultaneously gcd(k, 4) equals 4. Give your answer as an integer count.",0
1998-1::1998_prompt01_s05,"In a math contest, consider the positive integers 6075 and 25. Determine the number of positive integers k that are perfect 2-th powers such that lcm(6075, 25, k) equals 3796875, and simultaneously gcd(k, 375) equals 375. Give your answer as an integer count.",2
1998-2::1998_prompt01_s05,"Count the number of ordered pairs (x, y) of positive integers satisfying x ≤ 5 y ≤ 2981 and y ≤ 3 x ≤ 2099, with gcd(x, y) = 2. Give your answer as an integer.",46998
1998-2::1998_prompt04_s01,"In a number theory contest, determine the number of ordered pairs (x, y) of positive integers satisfying x ≤ 5y ≤ 1171 and y ≤ 5x ≤ 1171, and gcd(x, y) = 3. Report the exact count of such pairs.",2971
1998-2::1998_prompt04_s02,"In a number theory contest, determine the number of ordered pairs (x, y) of positive integers satisfying x ≤ 3y ≤ 1520 and y ≤ 3x ≤ 1520, and gcd(x, y) = 4. Report the exact count of such pairs.",6445
1998-2::1998_prompt04_s03,"In a number theory contest, determine the number of ordered pairs (x, y) of positive integers satisfying x ≤ 5y ≤ 1113 and y ≤ 5x ≤ 1113, and gcd(x, y) = 5. Report the exact count of such pairs.",969
1998-2::1998_prompt04_s04,"In a number theory contest, determine the number of ordered pairs (x, y) of positive integers satisfying x ≤ 2y ≤ 1072 and y ≤ 2x ≤ 1072, and gcd(x, y) = 8. Report the exact count of such pairs.",1395
1998-3::1998_prompt03_s03,"In the plane, consider the curve defined by y^2 + 2 4 x y + (4^2 + 13) x^2 + 43 |x| = 357. This graph partitions the plane into regions. Determine the area of the bounded region enclosed by this curve.",212.979224023
1998-3::1998_prompt03_s04,"In the plane, consider the curve defined by y^2 + 2 3 x y + (3^2 + 7) x^2 + 52 |x| = 440. This graph partitions the plane into regions. Determine the area of the bounded region enclosed by this curve.",303.60114247
1998-3::1998_prompt03_s05,"In the plane, consider the curve defined by y^2 + 2 5 x y + (5^2 + 13) x^2 + 40 |x| = 418. This graph partitions the plane into regions. Determine the area of the bounded region enclosed by this curve.",262.16333546
1998-3::1998_prompt05_s01,Consider the plane curve defined by y^2 + 2xy + -24x^2 + 250|x| = 625. Its graph partitions the plane into several regions. Determine the exact area of the unique bounded region enclosed by this curve.,250
1998-3::1998_prompt05_s02,Consider the plane curve defined by y^2 + 2xy + -48x^2 + 588|x| = 1764. Its graph partitions the plane into several regions. Determine the exact area of the unique bounded region enclosed by this curve.,504
1998-4::1998_prompt01_s01,"In a math contest, 4 students randomly and uniformly partition the tiles labeled 1 through 8 into 4 ordered hands of 2 tiles each (every such ordered partition is equally likely). Let m/n be the reduced probability that exactly 2 of the students have an odd sum of their hand's tile values. Compute m+n.",59
1998-4::1998_prompt01_s02,"In a math contest, 5 students randomly and uniformly partition the tiles labeled 1 through 15 into 5 ordered hands of 3 tiles each (every such ordered partition is equally likely). Let m/n be the reduced probability that exactly 4 of the students have an odd sum of their hand's tile values. Compute m+n.",185
1998-4::1998_prompt01_s03,"In a math contest, 6 students randomly and uniformly partition the tiles labeled 1 through 12 into 6 ordered hands of 2 tiles each (every such ordered partition is equally likely). Let m/n be the reduced probability that exactly 4 of the students have an odd sum of their hand's tile values. Compute m+n.",117
1998-4::1998_prompt01_s04,"In a math contest, 3 students randomly and uniformly partition the tiles labeled 1 through 9 into 3 ordered hands of 3 tiles each (every such ordered partition is equally likely). Let m/n be the reduced probability that exactly 1 of the students have an odd sum of their hand's tile values. Compute m+n.",25
1998-4::1998_prompt01_s05,"In a math contest, 4 students randomly and uniformly partition the tiles labeled 1 through 16 into 4 ordered hands of 4 tiles each (every such ordered partition is equally likely). Let m/n be the reduced probability that exactly 2 of the students have an odd sum of their hand's tile values. Compute m+n.",749
1998-5::1998_prompt01_s01,Consider the cubic polynomial P(k) = 2k^3 + 1k^2 + -3k + 10. Define S = sum over k = 45 to 236 of (P(k+4) - P(k)) * cos((pi/2) * k * (k - 1)). Compute the exact value of |S|.,4608
1998-5::1998_prompt01_s02,Consider the cubic polynomial P(k) = 1k^3 + -1k^2 + -5k + 8. Define S = sum over k = 13 to 70 of (P(k+4) - P(k)) * cos((pi/2) * k * (k - 1)). Compute the exact value of |S|.,1036
1998-5::1998_prompt01_s03,Consider the cubic polynomial P(k) = 1k^3 + -3k^2 + -1k + -3. Define S = sum over k = 95 to 306 of (P(k+4) - P(k)) * cos((pi/2) * k * (k - 1)). Compute the exact value of |S|.,2544
1998-5::1998_prompt01_s04,Consider the cubic polynomial P(k) = 3k^3 + -2k^2 + -6k + -9. Define S = sum over k = 28 to 186 of (P(k+4) - P(k)) * cos((pi/2) * k * (k - 1)). Compute the exact value of |S|.,24076
1998-5::1998_prompt01_s05,Consider the cubic polynomial P(k) = -1k^3 + 3k^2 + 6k + -7. Define S = sum over k = 59 to 94 of (P(k+4) - P(k)) * cos((pi/2) * k * (k - 1)). Compute the exact value of |S|.,432
1998-6::1998_prompt01_s01,"Let ABCD be a convex trapezoid with AB parallel to CD and AD not parallel to BC. Extend DA beyond A to a point P on the ray opposite D. The line through P and C meets AB at Q and DB at R. You are given that PQ = 777 and QR = 90. Furthermore, the ratio CD:AB equals 2:1. Find the length RC.",1020
1998-6::1998_prompt01_s02,"Let ABCD be a convex trapezoid with AB parallel to CD and AD not parallel to BC. Extend DA beyond A to a point P on the ray opposite D. The line through P and C meets AB at Q and DB at R. You are given that PQ = 41 and QR = 40. Furthermore, the ratio CD:AB equals 4:1. Find the length RC.",288
1998-6::1998_prompt01_s03,"Let ABCD be a convex trapezoid with AB parallel to CD and AD not parallel to BC. Extend DA beyond A to a point P on the ray opposite D. The line through P and C meets AB at Q and DB at R. You are given that PQ = 832 and QR = 192. Furthermore, the ratio CD:AB equals 3:1. Find the length RC.",2304
1998-6::1998_prompt01_s04,"Let ABCD be a convex trapezoid with AB parallel to CD and AD not parallel to BC. Extend DA beyond A to a point P on the ray opposite D. The line through P and C meets AB at Q and DB at R. You are given that PQ = 192 and QR = 108. Furthermore, the ratio CD:AB equals 6:1. Find the length RC.",1620
1998-6::1998_prompt01_s05,"Let ABCD be a convex trapezoid with AB parallel to CD and AD not parallel to BC. Extend DA beyond A to a point P on the ray opposite D. The line through P and C meets AB at Q and DB at R. You are given that PQ = 78 and QR = 30. Furthermore, the ratio CD:AB equals 4:1. Find the length RC.",360
1998-7::1998_prompt01_s01,"You are given an ordered k-tuple (x_1, x_2, ..., x_6) subject to simultaneous arithmetic-progression and range constraints, together with a single weighted sum restriction. Data: coefficients = [3, 1, 7, 6, 3, 4], moduli = [2, 2, 2, 3, 2, 2], residues = [1, 1, 1, 0, 1, 1], lower_bounds = [6, 12, 9, 12, 5, 3], upper_bounds = [12, 24, 21, 22, 15, 17]. For each i = 1, 2, ..., 6, the variable x_i must satisfy lower_bounds[i] <= x_i <= upper_bounds[i] and x_i ≡ residues[i] (mod moduli[i]); moreover, the weighted sum over all i satisfies sum_{i=1}^6 coefficients[i] * x_i = 340. Let n be the number of such ordered k-tuples that satisfy all conditions. Compute floor(n / 32).",12
1998-7::1998_prompt01_s02,"You are given an ordered k-tuple (x_1, x_2, ..., x_7) subject to simultaneous arithmetic-progression and range constraints, together with a single weighted sum restriction. Data: coefficients = [3, 7, 1, 1, 7, 4, 2], moduli = [2, 2, 4, 2, 3, 4, 2], residues = [1, 1, 3, 1, 0, 1, 0], lower_bounds = [2, 5, 5, 9, 2, 4, 12], upper_bounds = [12, 19, 12, 15, 15, 16, 24]. For each i = 1, 2, ..., 7, the variable x_i must satisfy lower_bounds[i] <= x_i <= upper_bounds[i] and x_i ≡ residues[i] (mod moduli[i]); moreover, the weighted sum over all i satisfies sum_{i=1}^7 coefficients[i] * x_i = 289. Let n be the number of such ordered k-tuples that satisfy all conditions. Compute floor(n / 29).",9
1998-7::1998_prompt01_s03,"You are given an ordered k-tuple (x_1, x_2, ..., x_7) subject to simultaneous arithmetic-progression and range constraints, together with a single weighted sum restriction. Data: coefficients = [5, 1, 4, 5, 1, 2, 7], moduli = [2, 2, 2, 3, 4, 4, 4], residues = [1, 1, 1, 1, 1, 0, 1], lower_bounds = [7, 11, 10, 12, 6, 4, 1], upper_bounds = [17, 22, 23, 19, 16, 10, 14]. For each i = 1, 2, ..., 7, the variable x_i must satisfy lower_bounds[i] <= x_i <= upper_bounds[i] and x_i ≡ residues[i] (mod moduli[i]); moreover, the weighted sum over all i satisfies sum_{i=1}^7 coefficients[i] * x_i = 293. Let n be the number of such ordered k-tuples that satisfy all conditions. Compute floor(n / 32).",4
1998-7::1998_prompt01_s04,"You are given an ordered k-tuple (x_1, x_2, ..., x_7) subject to simultaneous arithmetic-progression and range constraints, together with a single weighted sum restriction. Data: coefficients = [2, 7, 7, 6, 3, 7, 1], moduli = [2, 2, 2, 3, 3, 2, 2], residues = [1, 1, 1, 1, 0, 0, 0], lower_bounds = [7, 2, 12, 10, 12, 11, 4], upper_bounds = [15, 10, 25, 24, 24, 22, 11]. For each i = 1, 2, ..., 7, the variable x_i must satisfy lower_bounds[i] <= x_i <= upper_bounds[i] and x_i ≡ residues[i] (mod moduli[i]); moreover, the weighted sum over all i satisfies sum_{i=1}^7 coefficients[i] * x_i = 416. Let n be the number of such ordered k-tuples that satisfy all conditions. Compute floor(n / 132).",3
1998-7::1998_prompt01_s05,"You are given an ordered k-tuple (x_1, x_2, ..., x_7) subject to simultaneous arithmetic-progression and range constraints, together with a single weighted sum restriction. Data: coefficients = [2, 2, 7, 1, 1, 2, 6], moduli = [2, 2, 2, 2, 2, 4, 4], residues = [1, 1, 1, 0, 1, 3, 3], lower_bounds = [8, 10, 7, 6, 11, 3, 10], upper_bounds = [21, 16, 13, 15, 23, 14, 19]. For each i = 1, 2, ..., 7, the variable x_i must satisfy lower_bounds[i] <= x_i <= upper_bounds[i] and x_i ≡ residues[i] (mod moduli[i]); moreover, the weighted sum over all i satisfies sum_{i=1}^7 coefficients[i] * x_i = 202. Let n be the number of such ordered k-tuples that satisfy all conditions. Compute floor(n / 23).",5
1998-8::1998_prompt02_s01,"Consider the sequence with t_0 = 3733, t_1 = x, and for n ≥ 1, t_{n+1} = t_{n-1} − 1·t_n. The last term of the sequence is the first negative term encountered. Among all integers x with 1 ≤ x ≤ 3733 − 1 and x ≡ 0 (mod 4), determine the smallest x that maximizes the length of the sequence.",2308
1998-8::1998_prompt02_s02,"Consider the sequence with t_0 = 4013, t_1 = x, and for n ≥ 1, t_{n+1} = t_{n-1} − 1·t_n. The last term of the sequence is the first negative term encountered. Among all integers x with 1 ≤ x ≤ 4013 − 1 and x ≡ 7 (mod 12), determine the smallest x that maximizes the length of the sequence.",2479
1998-8::1998_prompt02_s03,"Consider the sequence with t_0 = 4913, t_1 = x, and for n ≥ 1, t_{n+1} = t_{n-1} − 1·t_n. The last term of the sequence is the first negative term encountered. Among all integers x with 1 ≤ x ≤ 4913 − 1 and x ≡ 7 (mod 9), determine the smallest x that maximizes the length of the sequence.",3040
1998-8::1998_prompt02_s04,"Consider the sequence with t_0 = 3505, t_1 = x, and for n ≥ 1, t_{n+1} = t_{n-1} − 1·t_n. The last term of the sequence is the first negative term encountered. Among all integers x with 1 ≤ x ≤ 3505 − 1 and x ≡ 2 (mod 4), determine the smallest x that maximizes the length of the sequence.",2166
1998-8::1998_prompt02_s05,"Consider the sequence with t_0 = 1811, t_1 = x, and for n ≥ 1, t_{n+1} = t_{n-1} − 1·t_n. The last term of the sequence is the first negative term encountered. Among all integers x with 1 ≤ x ≤ 1811 − 1 and x ≡ 5 (mod 9), determine the smallest x that maximizes the length of the sequence.",1121
1998-9::1998_prompt01_s01,"Two mathematicians take a coffee break each day. One arrives uniformly at random between 0 and 70 minutes past 9:00, and the other arrives uniformly at random between 0 and 107 minutes past 9:00. The second mathematician stays for exactly 10 minutes, and the first mathematician stays for exactly m_a minutes. Let E be the event that one of them arrives while the other is in the cafeteria (equivalently, their time intervals of presence intersect). The probability of E is 75%. It is known that 0 < m_a < 107, and that m_a can be written uniquely in the form a − b√c with a, b, c positive integers and c squarefree. Find a + b + c.",253
1998-9::1998_prompt01_s02,"Two mathematicians take a coffee break each day. One arrives uniformly at random between 0 and 63 minutes past 9:00, and the other arrives uniformly at random between 0 and 55 minutes past 9:00. The second mathematician stays for exactly 8 minutes, and the first mathematician stays for exactly m_a minutes. Let E be the event that one of them arrives while the other is in the cafeteria (equivalently, their time intervals of presence intersect). The probability of E is 20%. It is known that 0 < m_a < 55, and that m_a can be written uniquely in the form a − b√c with a, b, c positive integers and c squarefree. Find a + b + c.",2575
1998-9::1998_prompt01_s03,"Two mathematicians take a coffee break each day. One arrives uniformly at random between 0 and 86 minutes past 9:00, and the other arrives uniformly at random between 0 and 50 minutes past 9:00. The second mathematician stays for exactly 86 minutes, and the first mathematician stays for exactly m_a minutes. Let E be the event that one of them arrives while the other is in the cafeteria (equivalently, their time intervals of presence intersect). The probability of E is 81%. It is known that 0 < m_a < 50, and that m_a can be written uniquely in the form a − b√c with a, b, c positive integers and c squarefree. Find a + b + c.",1685
1998-9::1998_prompt01_s04,"Two mathematicians take a coffee break each day. One arrives uniformly at random between 0 and 110 minutes past 9:00, and the other arrives uniformly at random between 0 and 103 minutes past 9:00. The second mathematician stays for exactly 25 minutes, and the first mathematician stays for exactly m_a minutes. Let E be the event that one of them arrives while the other is in the cafeteria (equivalently, their time intervals of presence intersect). The probability of E is 65%. It is known that 0 < m_a < 103, and that m_a can be written uniquely in the form a − b√c with a, b, c positive integers and c squarefree. Find a + b + c.",810
1998-9::1998_prompt01_s05,"Two mathematicians take a coffee break each day. One arrives uniformly at random between 0 and 80 minutes past 9:00, and the other arrives uniformly at random between 0 and 100 minutes past 9:00. The second mathematician stays for exactly 27 minutes, and the first mathematician stays for exactly m_a minutes. Let E be the event that one of them arrives while the other is in the cafeteria (equivalently, their time intervals of presence intersect). The probability of E is 56%. It is known that 0 < m_a < 100, and that m_a can be written uniquely in the form a − b√c with a, b, c positive integers and c squarefree. Find a + b + c.",4332
1999-10::1999_prompt01_s01,"In a math contest, 14 points are placed in the plane in general position (no three are collinear). Five distinct segments joining pairs of these points are selected uniformly at random from all possible segments. Let the probability that the selected five segments form a connected graph and contain exactly one triangle (i.e., there exist exactly three of the selected segments that form a triangle, and no other cycle occurs) be m/n in lowest terms. Find m+n.",7793
1999-10::1999_prompt01_s02,"In a math contest, 18 points are placed in the plane in general position (no three are collinear). Five distinct segments joining pairs of these points are selected uniformly at random from all possible segments. Let the probability that the selected five segments form a connected graph and contain exactly one triangle (i.e., there exist exactly three of the selected segments that form a triangle, and no other cycle occurs) be m/n in lowest terms. Find m+n.",428321
1999-10::1999_prompt01_s03,"In a math contest, 13 points are placed in the plane in general position (no three are collinear). Five distinct segments joining pairs of these points are selected uniformly at random from all possible segments. Let the probability that the selected five segments form a connected graph and contain exactly one triangle (i.e., there exist exactly three of the selected segments that form a triangle, and no other cycle occurs) be m/n in lowest terms. Find m+n.",4966
1999-10::1999_prompt01_s04,"In a math contest, 7 points are placed in the plane in general position (no three are collinear). Five distinct segments joining pairs of these points are selected uniformly at random from all possible segments. Let the probability that the selected five segments form a connected graph and contain exactly one triangle (i.e., there exist exactly three of the selected segments that form a triangle, and no other cycle occurs) be m/n in lowest terms. Find m+n.",373
1999-10::1999_prompt01_s05,"In a math contest, 8 points are placed in the plane in general position (no three are collinear). Five distinct segments joining pairs of these points are selected uniformly at random from all possible segments. Let the probability that the selected five segments form a connected graph and contain exactly one triangle (i.e., there exist exactly three of the selected segments that form a triangle, and no other cycle occurs) be m/n in lowest terms. Find m+n.",127
1999-11::1999_prompt03_s01,"Angles are measured in degrees. Consider the arithmetic progression of angles theta_k = alpha + (k - 1) * d for k = 1, 2, ..., 40, where alpha = 1651/29 degrees and d = 18/17 degrees. Let R be the ratio R = (sum_{k=1}^40 sin(theta_k)) / (sum_{k=1}^40 cos(theta_k)). It is known that R = tan(m/n) for coprime positive integers m and n with m/n < 90. Find m + n.",38739
1999-11::1999_prompt03_s02,"Angles are measured in degrees. Consider the arithmetic progression of angles theta_k = alpha + (k - 1) * d for k = 1, 2, ..., 13, where alpha = 404/25 degrees and d = 636/113 degrees. Let R be the ratio R = (sum_{k=1}^13 sin(theta_k)) / (sum_{k=1}^13 cos(theta_k)). It is known that R = tan(m/n) for coprime positive integers m and n with m/n < 90. Find m + n.",143877
1999-11::1999_prompt03_s03,"Angles are measured in degrees. Consider the arithmetic progression of angles theta_k = alpha + (k - 1) * d for k = 1, 2, ..., 25, where alpha = 34/7 degrees and d = 993/155 degrees. Let R be the ratio R = (sum_{k=1}^25 sin(theta_k)) / (sum_{k=1}^25 cos(theta_k)). It is known that R = tan(m/n) for coprime positive integers m and n with m/n < 90. Find m + n.",89767
1999-11::1999_prompt03_s04,"Angles are measured in degrees. Consider the arithmetic progression of angles theta_k = alpha + (k - 1) * d for k = 1, 2, ..., 25, where alpha = 17/26 degrees and d = 55/37 degrees. Let R be the ratio R = (sum_{k=1}^25 sin(theta_k)) / (sum_{k=1}^25 cos(theta_k)). It is known that R = tan(m/n) for coprime positive integers m and n with m/n < 90. Find m + n.",18751
1999-11::1999_prompt03_s05,"Angles are measured in degrees. Consider the arithmetic progression of angles theta_k = alpha + (k - 1) * d for k = 1, 2, ..., 19, where alpha = 205/4 degrees and d = 424/117 degrees. Let R be the ratio R = (sum_{k=1}^19 sin(theta_k)) / (sum_{k=1}^19 cos(theta_k)). It is known that R = tan(m/n) for coprime positive integers m and n with m/n < 90. Find m + n.",4413
1999-12::1999_prompt01_s01,"In triangle ABC, the incircle is tangent to side AB at point P. Let AP = 8 and PB = 35. The length of the internal angle bisector from vertex C to side AB is \(\frac{16\sqrt{2006}}{25}\). Find the perimeter of triangle ABC.",118
1999-12::1999_prompt01_s02,"In triangle ABC, an inscribed circle is tangent to side AB at point P. Let AP = 46 and PB = 20. The length of the internal angle bisector from vertex C to side AB is \(\frac{24\sqrt{4774}}{25}\) (approximately 66.33037313327884). Find the perimeter of triangle ABC.",216
1999-12::1999_prompt01_s03,"In triangle ABC, an incircle is tangent to side AB at point P. Let AP = 59 and PB = 20. The length of the internal angle bisector from vertex C to side AB is (236√5451)/197, approximately 88.44715498198181. Find the perimeter of triangle ABC.",276
1999-12::1999_prompt01_s04,"In triangle ABC, an inscribed circle is tangent to side AB at point P. Let AP = 58 and PB = 52. The length of the internal angle bisector from vertex C to side AB is sqrt(463724505)/152 ≈ 141.672786262508. Find the perimeter of triangle ABC.",414
1999-12::1999_prompt01_s05,"In triangle ABC, an inscribed circle is tangent to side AB at point P. Let AP = 30 and PB = 13. The length of the internal angle bisector from vertex C to side AB is exactly \(\frac{72\sqrt{2479}}{91}\) (approximately 39.393935317992586). Find the perimeter of triangle ABC.",134
1999-13::1999_prompt01_s01,"In a round-robin tournament with 35 teams labeled 1 through 35, every pair of distinct teams plays exactly once. No ties occur. For each game between a lower-labeled team i and a higher-labeled team j, the higher-labeled team j wins independently with probability 5325/32041, where 32041 = 179^{ {lambda} } and 179 is an odd prime. Let the resulting probability that no two teams finish with the same number of wins be written in lowest terms as M/N. Compute the exponent v_{ 179 }(N), i.e., the highest power of 179 dividing the denominator N.",1156
1999-13::1999_prompt01_s02,"In a round-robin tournament with 35 teams labeled 1 through 35, every pair of distinct teams plays exactly once. No ties occur. For each game between a lower-labeled team i and a higher-labeled team j, the higher-labeled team j wins independently with probability 13609/29929, where 29929 = 173^{ {lambda} } and 173 is an odd prime. Let the resulting probability that no two teams finish with the same number of wins be written in lowest terms as M/N. Compute the exponent v_{ 173 }(N), i.e., the highest power of 173 dividing the denominator N.",1156
1999-13::1999_prompt01_s03,"In a round-robin tournament with 59 teams labeled 1 through 59, every pair of distinct teams plays exactly once. No ties occur. For each game between a lower-labeled team i and a higher-labeled team j, the higher-labeled team j wins independently with probability 2110637/4657463, where 4657463 = 167^{ {lambda} } and 167 is an odd prime. Let the resulting probability that no two teams finish with the same number of wins be written in lowest terms as M/N. Compute the exponent v_{ 167 }(N), i.e., the highest power of 167 dividing the denominator N.",5046
1999-13::1999_prompt01_s04,"In a round-robin tournament with 22 teams labeled 1 through 22, every pair of distinct teams plays exactly once, and there are no ties. For each game between a lower-labeled team i and a higher-labeled team j, team j wins independently with probability 156/193. Let the probability that no two teams finish with the same number of wins be written in lowest terms as M/N. Compute v_{193}(N), the exponent of 193 in N.",220
1999-13::1999_prompt01_s05,"In a round-robin tournament with 26 teams labeled 1 through 26, every pair of distinct teams plays exactly once, and there are no ties. For each game between teams i and j with i<j, team j wins independently with probability 27/163 (so team i wins with probability 136/163). Let the probability that no two teams finish with the same number of wins be written in lowest terms as M/N. Compute v_{163}(N), the exponent of 163 in N.",312
1999-14::1999_prompt01_s01,"In triangle ABC with side lengths AB=52, BC=165, and CA=173, there is a unique interior point P such that the three directed angles ∠PAB, ∠PBC, and ∠PCA are equal. Let t = tan(∠PAB). Let d_a, d_b, and d_c denote the perpendicular distances from P to the lines BC, CA, and AB, respectively. Write t in lowest terms as m/n and write S = d_a/d_b + d_b/d_c + d_c/d_a in lowest terms as u/v. Find the value of m + n + u + v.",67470
1999-14::1999_prompt01_s02,"In triangle ABC with side lengths AB=78, BC=160, and CA=178, there is a unique interior point P such that the three directed angles ∠PAB, ∠PBC, and ∠PCA are equal. Let t = tan(∠PAB). Let d_a, d_b, and d_c denote the perpendicular distances from P to the lines BC, CA, and AB, respectively. Write t in lowest terms as m/n and write S = d_a/d_b + d_b/d_c + d_c/d_a in lowest terms as u/v. Find the value of m + n + u + v.",18512
1999-14::1999_prompt01_s03,"In triangle ABC with side lengths AB=19, BC=180, and CA=181, there is a unique interior point P such that the three directed angles ∠PAB, ∠PBC, and ∠PCA are equal. Let t = tan(∠PAB). Let d_a, d_b, and d_c denote the perpendicular distances from P to the lines BC, CA, and AB, respectively. Write t in lowest terms as m/n and write S = d_a/d_b + d_b/d_c + d_c/d_a in lowest terms as u/v. Find the value of m + n + u + v.",68780
1999-14::1999_prompt01_s04,"In triangle ABC with side lengths AB=84, BC=187, and CA=205, there is a unique interior point P such that the three directed angles ∠PAB, ∠PBC, and ∠PCA are equal. Let t = tan(∠PAB). Let d_a, d_b, and d_c denote the perpendicular distances from P to the lines BC, CA, and AB, respectively. Write t in lowest terms as m/n and write S = d_a/d_b + d_b/d_c + d_c/d_a in lowest terms as u/v. Find the value of m + n + u + v.",97580
1999-14::1999_prompt01_s05,"In triangle ABC with side lengths AB=186, BC=952, and CA=970, there is a unique interior point P such that the three directed angles ∠PAB, ∠PBC, and ∠PCA are equal. Let t = tan(∠PAB). Let d_a, d_b, and d_c denote the perpendicular distances from P to the lines BC, CA, and AB, respectively. Write t in lowest terms as m/n and write S = d_a/d_b + d_b/d_c + d_c/d_a in lowest terms as u/v. Find the value of m + n + u + v.",511190
1999-15::1999_prompt01_s01,"A triangular sheet is folded along the sides of its midpoint triangle (the triangle whose vertices are the midpoints of the sides of the original triangle), creating a triangular pyramid (a tetrahedron). The original triangle has side lengths 55, 51, and 24. Compute the volume of the folded pyramid.",408.141961958
1999-15::1999_prompt01_s02,"A triangular sheet is folded along the sides of its midpoint triangle (the triangle whose vertices are the midpoints of the sides of the original triangle), creating a triangular pyramid (a tetrahedron). The original triangle has side lengths 58, 66, and 32. Compute the volume of the folded pyramid.",306.176419732
1999-15::1999_prompt01_s03,"A triangular sheet is folded along the sides of its midpoint triangle (the triangle whose vertices are the midpoints of the sides of the original triangle), creating a triangular pyramid (a tetrahedron). The original triangle has side lengths 39, 27, and 44. Compute the volume of the folded pyramid.",461.15166823
1999-15::1999_prompt01_s04,"A triangular sheet is folded along the sides of its midpoint triangle (the triangle whose vertices are the midpoints of the sides of the original triangle), creating a triangular pyramid (a tetrahedron). The original triangle has side lengths 24, 35, and 27. Compute the volume of the folded pyramid.",160.144032393
1999-15::1999_prompt01_s05,"A triangular sheet is folded along the sides of its midpoint triangle (the triangle whose vertices are the midpoints of the sides of the original triangle), creating a triangular pyramid (a tetrahedron). The original triangle has side lengths 55, 38, and 51. Compute the volume of the folded pyramid.",1314.9956036
1999-1::1999_prompt01_s01,"In a number theory contest, we fix an integer 5 ≥ 5. Let 30 denote the least common multiple of all primes not exceeding 5. Determine the smallest prime that can occur as the 5-th term of an increasing arithmetic progression of exactly 5 primes with common difference 30, and whose next term (the (5+1)-st term) is composite.",131
1999-1::1999_prompt01_s02,"In a number theory contest, we fix an integer 6 ≥ 5. Let 30 denote the least common multiple of all primes not exceeding 6. Determine the smallest prime that can occur as the 6-th term of an increasing arithmetic progression of exactly 6 primes with common difference 30, and whose next term (the (6+1)-st term) is composite.",157
1999-1::1999_prompt01_s03,"In a number theory contest, we fix an integer 6 ≥ 5. Let 30 denote the least common multiple of all primes not exceeding 6. Determine the smallest prime that can occur as the 6-th term of an increasing arithmetic progression of exactly 6 primes with common difference 30, and whose next term (the (6+1)-st term) is composite.",157
1999-1::1999_prompt01_s04,"In a number theory contest, we fix an integer 5 ≥ 5. Let 30 denote the least common multiple of all primes not exceeding 5. Determine the smallest prime that can occur as the 5-th term of an increasing arithmetic progression of exactly 5 primes with common difference 30, and whose next term (the (5+1)-st term) is composite.",131
1999-1::1999_prompt01_s05,"In a number theory contest, we fix an integer 5 ≥ 5. Let 30 denote the least common multiple of all primes not exceeding 5. Determine the smallest prime that can occur as the 5-th term of an increasing arithmetic progression of exactly 5 primes with common difference 30, and whose next term (the (5+1)-st term) is composite.",131
1999-2::1999_prompt02_s01,"Consider three parallelograms P1, P2, and P3 with vertices listed in order: P1: (485,932), (485,976), (523,1020), (523,976); P2: (364,700), (364,758), (392,764), (392,706); and P3: (108,236), (108,244), (144,252), (144,244). A single line through the origin divides each of these three parallelograms into two congruent polygons. If the slope of this line is m/n in lowest terms, where m and n are positive integers, find m+n.",185
1999-2::1999_prompt02_s02,"Consider three parallelograms P1, P2, and P3 with vertices listed in order: P1: (219,191), (219,238), (231,301), (231,254); P2: (117,79), (117,153), (183,249), (183,175); and P3: (421,404), (421,518), (479,580), (479,466). A single line through the origin divides each of these three parallelograms into two congruent polygons. If the slope of this line is m/n in lowest terms, where m and n are positive integers, find m+n.",157
1999-2::1999_prompt02_s03,"Consider three parallelograms P1, P2, and P3 with vertices listed in order: P1: (272,604), (272,632), (292,692), (292,664); P2: (127,281), (127,313), (155,367), (155,335); and P3: (514,1106), (514,1237), (520,1270), (520,1139). A single line through the origin divides each of these three parallelograms into two congruent polygons. If the slope of this line is m/n in lowest terms, where m and n are positive integers, find m+n.",155
1999-2::1999_prompt02_s04,"Consider three parallelograms P1, P2, and P3 with vertices listed in order: P1: (162,1637), (162,1676), (178,1743), (178,1704); P2: (30,486), (30,489), (72,528), (72,525); and P3: (47,643), (47,658), (89,709), (89,694). A single line through the origin divides each of these three parallelograms into two congruent polygons. If the slope of this line is m/n in lowest terms, where m and n are positive integers, find m+n.",186
1999-2::1999_prompt02_s05,"Consider three parallelograms P1, P2, and P3 with vertices listed in order: P1: (611,1627), (611,1670), (667,1775), (667,1732); P2: (411,1044), (411,1199), (441,1224), (441,1069); and P3: (282,750), (282,761), (286,762), (286,751). A single line through the origin divides each of these three parallelograms into two congruent polygons. If the slope of this line is m/n in lowest terms, where m and n are positive integers, find m+n.",260
1999-3::1999_prompt02_s01,Determine the sum of all positive integers n such that n^2 - 82 n + -4444 is a perfect square and the integer square root of n^2 - 82 n + -4444 is congruent to 2 modulo 4.,4692
1999-3::1999_prompt02_s02,Determine the sum of all positive integers n such that n^2 - 38 n + -4644 is a perfect square and the integer square root of n^2 - 38 n + -4644 is congruent to 9 modulo 15.,488
1999-3::1999_prompt02_s03,Determine the sum of all positive integers n such that n^2 - 32 n + -5981 is a perfect square and the integer square root of n^2 - 32 n + -5981 is congruent to 12 modulo 15.,512
1999-3::1999_prompt02_s04,Determine the sum of all positive integers n such that n^2 - 146 n + -41696 is a perfect square and the integer square root of n^2 - 146 n + -41696 is congruent to 6 modulo 9.,9148
1999-3::1999_prompt02_s05,Determine the sum of all positive integers n such that n^2 - 18 n + -3234 is a perfect square and the integer square root of n^2 - 18 n + -3234 is congruent to 4 modulo 9.,270
1999-4::1999_prompt06_s01,"Two congruent unit squares S1 and S2 share the same center at the origin. S1 is axis-aligned, and S2 is obtained by rotating S1 counterclockwise by an angle θ, where 0<θ<π/4. Let P=S1∩S2, which is an octagon. The line x=1/2 meets the side of S2 lying on x cosθ + y sinθ = 1/2 at A. Let B be the reflection of A across the x-axis. Suppose AB=31/138. The area of P can be written in lowest terms as m/n. Find m+n.",43327
1999-4::1999_prompt06_s02,"Two congruent unit squares \(S_1\) and \(S_2\) share the same center at the origin. \(S_1\) is axis-aligned, and \(S_2\) is obtained by rotating \(S_1\) counterclockwise by an angle \(\theta\) with \(0<\theta<\pi/4\). Let \(P=S_1\cap S_2\), which is an octagon. Consider the side \(x=\tfrac12\) of \(S_1\). The part of this side that lies outside \(P\) consists of two segments, one in the upper half-plane and one in the lower half-plane. Let \(A\) and \(B\) be the endpoints of the upper such segment. Suppose \(AB=\tfrac{62}{145}\) in lowest terms. The area of \(P\) can be written in lowest terms as \(\frac{m}{n}\). Find \(m+n\).",22768
1999-4::1999_prompt06_s03,"Two congruent unit squares S1 and S2 share the same center at the origin. S1 is axis-aligned, and S2 is obtained by rotating S1 counterclockwise by an angle θ with 0 < θ < π/4. Let P = S1 ∩ S2, which is an octagon. Consider the two boundary segments of P: the portion of the line x = 1/2 that lies in the upper half-plane, and the portion of the line x = -1/2 that lies in the lower half-plane. These segments have equal lengths. Let AB denote their combined length. Suppose AB = 23/91 in lowest terms. The area of P can be written in lowest terms as m/n. Find m+n.",9592
1999-4::1999_prompt06_s04,"Two congruent unit squares \(S_1\) and \(S_2\) share the same center at the origin. \(S_1\) is axis-aligned, and \(S_2\) is obtained by rotating \(S_1\) counterclockwise by an angle \(\theta\) with \(0<\theta<\pi/4\). Let \(P=S_1\cap S_2\), which is an octagon. The portion of the boundary of \(P\) lying on the line \(x=\tfrac12\) and in the upper half-plane, together with the portion of the boundary of \(P\) lying on the line \(x=-\tfrac12\) and in the lower half-plane, consists of two equal segments. Let \(AB\) denote the combined length of these two segments. Suppose \(AB=\tfrac{55}{147}\) in lowest terms. The area of \(P\) can be written in lowest terms as \(m/n\). Find \(m+n\).",27164
1999-4::1999_prompt06_s05,"Two congruent unit squares S1 and S2 share the same center at the origin. S1 is axis-aligned, and S2 is obtained by rotating S1 counterclockwise by an angle θ with 0 < θ < π/4. Let P = S1 ∩ S2, which is an octagon. Among the portions of the boundary of P that lie on the lines x = 1/2 and x = -1/2, consider the segment on x = 1/2 in the upper half-plane and the segment on x = -1/2 in the lower half-plane. These two segments have equal length; let L be their combined length. Suppose L = 9/82 in lowest terms. The area of P can be written in lowest terms as m/n. Find m+n.",14267
1999-5::1999_prompt01_s01,"In base 13, let S(x) denote the sum of the base-13 digits of x. For any positive integer x, define T(x) = |S(x + 1182) - S(x)|. Determine how many distinct values of T(x) are at most 2010.",168
1999-5::1999_prompt01_s02,"In base 10, let S(x) denote the sum of the base-10 digits of x. For any positive integer x, define T(x) = |S(x + 99999) - S(x)|. Determine how many distinct values of T(x) are at most 2781.",310
1999-5::1999_prompt01_s03,"In base 8, let S(x) denote the sum of the base-8 digits of x. For any positive integer x, define T(x) = |S(x + 63) - S(x)|. Determine how many distinct values of T(x) are at most 1603.",230
1999-5::1999_prompt01_s04,"In base 16, let S(x) denote the sum of the base-16 digits of x. For any positive integer x, define T(x) = |S(x + 1048575) - S(x)|. Determine how many distinct values of T(x) are at most 3600.",241
1999-5::1999_prompt01_s05,"In base 13, let S(x) denote the sum of the base-13 digits of x. For any positive integer x, define T(x) = |S(x + 15378) - S(x)|. Determine how many distinct values of T(x) are at most 3270.",273
1999-6::1999_prompt02_s01,"A transformation of the first quadrant of the coordinate plane maps each point (x, y) to (sqrt(x), sqrt(y)). Consider the region R bounded by the rays y = 3/4 · x and y = 4/2 · x, and by the two lines 1x + 1y = 1637 and 1x + 1y = 3137, where all constants are positive and 3137 > 1637. Let k be the area of the image of R under this transformation. Find the greatest integer that does not exceed k.",181
1999-6::1999_prompt02_s02,"A transformation of the first quadrant of the coordinate plane maps each point (x, y) to (sqrt(x), sqrt(y)). Consider the region R bounded by the rays y = 2/12 · x and y = 7/5 · x, and by the two lines 1x + 5y = 1441 and 1x + 5y = 2441, where all constants are positive and 2441 > 1441. Let k be the area of the image of R under this transformation. Find the greatest integer that does not exceed k.",104
1999-6::1999_prompt02_s03,"A transformation of the first quadrant of the coordinate plane maps each point (x, y) to (sqrt(x), sqrt(y)). Consider the region R bounded by the rays y = 9/12 · x and y = 9/3 · x, and by the two lines 2x + 1y = 2999 and 2x + 1y = 4199, where all constants are positive and 4199 > 2999. Let k be the area of the image of R under this transformation. Find the greatest integer that does not exceed k.",142
1999-6::1999_prompt02_s04,"A transformation of the first quadrant of the coordinate plane maps each point (x, y) to (sqrt(x), sqrt(y)). Consider the region R bounded by the rays y = 1/8 · x and y = 8/3 · x, and by the two lines 1x + 6y = 2820 and 1x + 6y = 3820, where all constants are positive and 3820 > 2820. Let k be the area of the image of R under this transformation. Find the greatest integer that does not exceed k.",124
1999-6::1999_prompt02_s05,"A transformation of the first quadrant of the coordinate plane maps each point (x, y) to (sqrt(x), sqrt(y)). Consider the region R bounded by the rays y = 1/9 · x and y = 6/2 · x, and by the two lines 2x + 1y = 2486 and 2x + 1y = 3686, where all constants are positive and 3686 > 2486. Let k be the area of the image of R under this transformation. Find the greatest integer that does not exceed k.",277
1999-7::1999_prompt01_s01,"There is a family of switches labeled by all products ∏ p_i^{x_i}, where the primes p_i are 11, 13, 19, and each exponent x_i is an integer with 0 ≤ x_i ≤ n_i, where (n_1, …, n_k) = 8, 7, 7. The process has one step for each label (in any order). Each switch has a cycle of 221 positions, and all switches start at position A. At the step corresponding to the label with exponent vector f = (f_1, …, f_k), every switch whose label divides that step’s label advances forward by T(f) positions, where T(f) = ∏ (a_i f_i + b_i), with (a_1, …, a_k) = 1, 5, 4 and (b_1, …, b_k) = 2, 5, 1. After all steps are completed, how many switches are at position A?",23
1999-7::1999_prompt01_s02,"There is a family of switches labeled by all products ∏ p_i^{x_i}, where the primes p_i are 11, 13, 17, and each exponent x_i is an integer with 0 ≤ x_i ≤ n_i, where (n_1, …, n_k) = 6, 8, 7. The process has one step for each label (in any order). Each switch has a cycle of 51 positions, and all switches start at position A. At the step corresponding to the label with exponent vector f = (f_1, …, f_k), every switch whose label divides that step’s label advances forward by T(f) positions, where T(f) = ∏ (a_i f_i + b_i), with (a_1, …, a_k) = 2, 4, 6 and (b_1, …, b_k) = 1, 6, 5. After all steps are completed, how many switches are at position A?",56
1999-7::1999_prompt01_s03,"There is a family of switches labeled by all products ∏ p_i^{x_i}, where the primes p_i are 2, 3, 5, 19, and each exponent x_i is an integer with 0 ≤ x_i ≤ n_i, where (n_1, …, n_k) = 8, 3, 3, 4. The process has one step for each label (in any order). Each switch has a cycle of 15 positions, and all switches start at position A. At the step corresponding to the label with exponent vector f = (f_1, …, f_k), every switch whose label divides that step’s label advances forward by T(f) positions, where T(f) = ∏ (a_i f_i + b_i), with (a_1, …, a_k) = 1, 4, 4, 7 and (b_1, …, b_k) = 5, 6, 4, 5. After all steps are completed, how many switches are at position A?",474
1999-7::1999_prompt01_s04,"There is a family of switches labeled by all products ∏ p_i^{x_i}, where the primes p_i are 2, 5, 7, 13, and each exponent x_i is an integer with 0 ≤ x_i ≤ n_i, where (n_1, …, n_k) = 6, 6, 3, 4. The process has one step for each label (in any order). Each switch has a cycle of 55 positions, and all switches start at position A. At the step corresponding to the label with exponent vector f = (f_1, …, f_k), every switch whose label divides that step’s label advances forward by T(f) positions, where T(f) = ∏ (a_i f_i + b_i), with (a_1, …, a_k) = 5, 3, 7, 7 and (b_1, …, b_k) = 2, 6, 7, 5. After all steps are completed, how many switches are at position A?",296
1999-7::1999_prompt01_s05,"There is a family of switches labeled by all products ∏ p_i^{x_i}, where the primes p_i are 2, 3, 17, and each exponent x_i is an integer with 0 ≤ x_i ≤ n_i, where (n_1, …, n_k) = 8, 8, 8. The process has one step for each label (in any order). Each switch has a cycle of 187 positions, and all switches start at position A. At the step corresponding to the label with exponent vector f = (f_1, …, f_k), every switch whose label divides that step’s label advances forward by T(f) positions, where T(f) = ∏ (a_i f_i + b_i), with (a_1, …, a_k) = 3, 4, 1 and (b_1, …, b_k) = 5, 2, 1. After all steps are completed, how many switches are at position A?",48
1999-8::1999_prompt01_s01,"Let n = 4, weights w = [1, 3, 3, 1], and thresholds t = ['4/6', '2/10', '3/10', '1/2']. Consider the (n−1)-dimensional simplex T consisting of all n-tuples (x_1, ..., x_n) of nonnegative real numbers satisfying sum_{i=1}^n w_i x_i = 1. Define S to be the subset of T where exactly r = 1 of the inequalities x_i ≥ t_i hold. Express the ratio vol_{n−1}(S) / vol_{n−1}(T) as a reduced fraction p/q, and compute p + q.",3313
1999-8::1999_prompt01_s02,"Let n = 5, weights w = [1, 1, 2, 1, 4], and thresholds t = ['2/4', '3/4', '1/6', '3/6', '1/5']. Consider the (n−1)-dimensional simplex T consisting of all n-tuples (x_1, ..., x_n) of nonnegative real numbers satisfying sum_{i=1}^n w_i x_i = 1. Define S to be the subset of T where exactly r = 1 of the inequalities x_i ≥ t_i hold. Express the ratio vol_{n−1}(S) / vol_{n−1}(T) as a reduced fraction p/q, and compute p + q.",1907929
1999-8::1999_prompt01_s03,"Let n = 5, weights w = [4, 1, 3, 4, 3], and thresholds t = ['1/12', '2/4', '3/10', '2/10', '2/8']. Consider the (n−1)-dimensional simplex T consisting of all n-tuples (x_1, ..., x_n) of nonnegative real numbers satisfying sum_{i=1}^n w_i x_i = 1. Define S to be the subset of T where exactly r = 2 of the inequalities x_i ≥ t_i hold. Express the ratio vol_{n−1}(S) / vol_{n−1}(T) as a reduced fraction p/q, and compute p + q.",1297
1999-8::1999_prompt01_s04,"Let n = 6, weights w = [4, 1, 1, 2, 1, 1], and thresholds t = ['1/8', '3/8', '2/6', '5/12', '5/12', '1/12']. Consider the (n−1)-dimensional simplex T consisting of all n-tuples (x_1, ..., x_n) of nonnegative real numbers satisfying sum_{i=1}^n w_i x_i = 1. Define S to be the subset of T where exactly r = 1 of the inequalities x_i ≥ t_i hold. Express the ratio vol_{n−1}(S) / vol_{n−1}(T) as a reduced fraction p/q, and compute p + q.",6575593
1999-8::1999_prompt01_s05,"Let n = 4, weights w = [2, 4, 1, 4], and thresholds t = ['5/12', '1/6', '1/2', '1/5']. Consider the (n−1)-dimensional simplex T consisting of all n-tuples (x_1, ..., x_n) of nonnegative real numbers satisfying sum_{i=1}^n w_i x_i = 1. Define S to be the subset of T where exactly r = 1 of the inequalities x_i ≥ t_i hold. Express the ratio vol_{n−1}(S) / vol_{n−1}(T) as a reduced fraction p/q, and compute p + q.",881
1999-9::1999_prompt01_s01,"Let f be a complex linear map f(z) = (a+bi)z with real a > 0 and b > 0. There exists a fixed rational constant k = 8/9 > 0 (in lowest terms) such that for all complex numbers z, the image f(z) is k times as far from z as it is from the origin; that is, |f(z) - z| = k · |f(z)|. Given that |a+bi| = 6 and that b^2 = m/n in lowest terms with m, n positive integers, find m + n.",6059
1999-9::1999_prompt01_s02,"Let f be a complex linear map f(z) = (a+bi)z with real a > 0 and b > 0. There exists a fixed rational constant k = 9/10 > 0 (in lowest terms) such that for all complex numbers z, the image f(z) is k times as far from z as it is from the origin; that is, |f(z) - z| = k · |f(z)|. Given that |a+bi| = 8 and that b^2 = m/n in lowest terms with m, n positive integers, find m + n.",54259
1999-9::1999_prompt01_s03,"Let f be a complex linear map f(z) = (a+bi)z with real a > 0 and b > 0. There exists a fixed rational constant k = 12/13 > 0 (in lowest terms) such that for all complex numbers z, the image f(z) is k times as far from z as it is from the origin; that is, |f(z) - z| = k · |f(z)|. Given that |a+bi| = 9 and that b^2 = m/n in lowest terms with m, n positive integers, find m + n.",1138593
1999-9::1999_prompt01_s04,"Let f be a complex linear map f(z) = (a+bi)z with real a > 0 and b > 0. There exists a fixed rational constant k = 10/11 > 0 (in lowest terms) such that for all complex numbers z, the image f(z) is k times as far from z as it is from the origin; that is, |f(z) - z| = k · |f(z)|. Given that |a+bi| = 6 and that b^2 = m/n in lowest terms with m, n positive integers, find m + n.",1397739
1999-9::1999_prompt01_s05,"Let f be a complex linear map f(z) = (a+bi)z with real a > 0 and b > 0. There exists a fixed rational constant k = 12/13 > 0 (in lowest terms) such that for all complex numbers z, the image f(z) is k times as far from z as it is from the origin; that is, |f(z) - z| = k · |f(z)|. Given that |a+bi| = 7 and that b^2 = m/n in lowest terms with m, n positive integers, find m + n.",942241
2000-I-10::2000_prompt02_s01,"In a math contest, 6 students report real numbers x_1, x_2, ..., x_6. For every index k with 1 ≤ k ≤ 6, the numbers satisfy the relation x_k = (2 + 3k)·(sum of all the other 6-1 numbers) − (2k + 2). Assume the system determines the sequence uniquely. Let x_2 = m/n in lowest terms, where m and n are positive integers. Find m + n.",2119
2000-I-10::2000_prompt02_s02,"In a math contest, 6 students report real numbers x_1, x_2, ..., x_6. For every index k with 1 ≤ k ≤ 6, the numbers satisfy the relation x_k = (3 + 2k)·(sum of all the other 6-1 numbers) − (2k + 0). Assume the system determines the sequence uniquely. Let x_2 = m/n in lowest terms, where m and n are positive integers. Find m + n.",2976
2000-I-10::2000_prompt02_s03,"In a math contest, 6 students report real numbers x_1, x_2, ..., x_6. For every index k with 1 ≤ k ≤ 6, the numbers satisfy the relation x_k = (3 + 2k)·(sum of all the other 6-1 numbers) − (6k + 6). Assume the system determines the sequence uniquely. Let x_5 = m/n in lowest terms, where m and n are positive integers. Find m + n.",3596
2000-I-10::2000_prompt02_s04,"In a math contest, 6 students report real numbers x_1, x_2, ..., x_6. For every index k with 1 ≤ k ≤ 6, the numbers satisfy the relation x_k = (3 + 2k)·(sum of all the other 6-1 numbers) − (6k + 8). Assume the system determines the sequence uniquely. Let x_2 = m/n in lowest terms, where m and n are positive integers. Find m + n.",3938
2000-I-10::2000_prompt02_s05,"In a math contest, 6 students report real numbers x_1, x_2, ..., x_6. For every index k with 1 ≤ k ≤ 6, the numbers satisfy the relation x_k = (3 + 2k)·(sum of all the other 6-1 numbers) − (6k + 1). Assume the system determines the sequence uniquely. Let x_3 = m/n in lowest terms, where m and n are positive integers. Find m + n.",3483
2000-I-11::2000_prompt01_s01,"In a math contest, let n = 20322064 with prime factorization 7^4 * 2^4 * 23^2. Consider all ordered pairs (a, b) of positive divisors of n such that gcd(a, b) = 1, exactly 1 distinct prime factors of n divide a, and exactly 2 distinct prime factors of n divide b. Let S be the sum of all values a/b over such pairs. What is the greatest integer that does not exceed S divided by 14?",14
2000-I-11::2000_prompt01_s02,"In a math contest, let n = 2922168019225 with prime factorization 7^2 * 13^4 * 17^4 * 5^2. Consider all ordered pairs (a, b) of positive divisors of n such that gcd(a, b) = 1, exactly 2 distinct prime factors of n divide a, and exactly 1 distinct prime factors of n divide b. Let S be the sum of all values a/b over such pairs. What is the greatest integer that does not exceed S divided by 21?",52867080
2000-I-11::2000_prompt01_s03,"In a math contest, let n = 27300168596 with prime factorization 23^4 * 2^2 * 29^3. Consider all ordered pairs (a, b) of positive divisors of n such that gcd(a, b) = 1, exactly 1 distinct prime factors of n divide a, and exactly 1 distinct prime factors of n divide b. Let S be the sum of all values a/b over such pairs. What is the greatest integer that does not exceed S divided by 8?",31245
2000-I-11::2000_prompt01_s05,"In a math contest, let n = 967097194921 with prime factorization 13^4 * 11^2 * 23^4. Consider all ordered pairs (a, b) of positive divisors of n such that gcd(a, b) = 1, exactly 2 distinct prime factors of n divide a, and exactly 1 distinct prime factors of n divide b. Let S be the sum of all values a/b over such pairs. What is the greatest integer that does not exceed S divided by 6?",150183915
2000-I-11::2000_prompt02_s01,"In a number theory exercise, let n = 51653448. Consider ordered 3-tuples of positive divisors (d_1, ..., d_3) of n such that any two distinct d_i and d_j are relatively prime. For fixed integers u = 1 and v_2, ..., v_3 given by [2, 3], define S to be the sum of d_1^1 divided by the product d_2^{v_2} d_3^{v_3} ... d_3^{v_3}, taken over all such ordered tuples. What is the greatest integer that does not exceed S/66?",2833350
2000-I-12::2000_prompt01_s01,"A function f: R -> R satisfies, for all real x, that f(x) equals f(a - x) for every a in the set [44806,44932,34222,37624], and also equals f(x + p) for every p in the set [1008,1134]. Consider the list of values f(16), f(16 + 103), f(16 + 2*103), ..., f(16 + (494 - 1)*103). What is the largest possible number of different values that can appear in this list?",64
2000-I-12::2000_prompt01_s05,"A function f: R -> R satisfies, for all real x, that f(x) equals f(a - x) for every a in the set [29052,29158,32550,14954], and also equals f(x + p) for every p in the set [636,530]. Consider the list of values f(148), f(148 + 34), f(148 + 2*34), ..., f(148 + (508 - 1)*34). What is the largest possible number of different values that can appear in this list?",27
2000-I-12::2000_prompt03_s01,"Consider a real-valued function f satisfying both reflection and translation invariances: for every real x, f(x) = f(c_i - x) for each i = 1, 2, ..., 5, where the reflection centers are 1097, 3338, 1595, 2093, 1844, and additionally f(x) = f(x + p_j) for each j = 1, 2, ..., 1, where the translation steps are 1743. What is the largest possible number of distinct values among the list f(0), f(1), ..., f(470)?",125
2000-I-12::2000_prompt03_s02,"Consider a real-valued function f satisfying both reflection and translation invariances: for every real x, f(x) = f(c_i - x) for each i = 1, 2, ..., 5, where the reflection centers are 4984, 7469, 5978, 6972, 7469, and additionally f(x) = f(x + p_j) for each j = 1, 2, ..., 1, where the translation steps are 497. What is the largest possible number of distinct values among the list f(0), f(1), ..., f(632)?",249
2000-I-12::2000_prompt03_s03,"Consider a real-valued function f satisfying both reflection and translation invariances: for every real x, f(x) = f(c_i - x) for each i = 1, 2, ..., 4, where the reflection centers are 2727, 6220, 3226, 4723, and additionally f(x) = f(x + p_j) for each j = 1, 2, ..., 3, where the translation steps are 499, 3992, 1497. What is the largest possible number of distinct values among the list f(0), f(1), ..., f(764)?",250
2000-I-13::2000_prompt01_s01,"On a vast plain, 4 infinite straight highways radiate from a single central hub, equally spaced in angle. A firetruck starts at the hub and can travel at 56 miles per hour along any highway and at 40 miles per hour off-road across the plain. Assuming instantaneous turns and the ability to leave a highway at any point, determine the exact area (in square miles) of the set of points the firetruck can reach within 29 minutes. Provide the numerical value of this area.",1480.16102744
2000-I-13::2000_prompt01_s02,"On a vast plain, 4 infinite straight highways radiate from a single central hub, equally spaced in angle. A firetruck starts at the hub and can travel at 53 miles per hour along any highway and at 38 miles per hour off-road across the plain. Assuming instantaneous turns and the ability to leave a highway at any point, determine the exact area (in square miles) of the set of points the firetruck can reach within 24 minutes. Provide the numerical value of this area.",911.521643426
2000-I-13::2000_prompt01_s03,"On a vast plain, 4 infinite straight highways radiate from a single central hub, equally spaced in angle. A firetruck starts at the hub and can travel at 37 miles per hour along any highway and at 30 miles per hour off-road across the plain. Assuming instantaneous turns and the ability to leave a highway at any point, determine the exact area (in square miles) of the set of points the firetruck can reach within 25 minutes. Provide the numerical value of this area.",551.261348628
2000-I-13::2000_prompt01_s04,"On a vast plain, 5 infinite straight highways radiate from a single central hub, equally spaced in angle. A firetruck starts at the hub and can travel at 37 miles per hour along any highway and at 30 miles per hour off-road across the plain. Assuming instantaneous turns and the ability to leave a highway at any point, determine the exact area (in square miles) of the set of points the firetruck can reach within 17 minutes. Provide the numerical value of this area.",261.884042201
2000-I-13::2000_prompt01_s05,"On a vast plain, 3 infinite straight highways radiate from a single central hub, equally spaced in angle. A firetruck starts at the hub and can travel at 46 miles per hour along any highway and at 31 miles per hour off-road across the plain. Assuming instantaneous turns and the ability to leave a highway at any point, determine the exact area (in square miles) of the set of points the firetruck can reach within 27 minutes. Provide the numerical value of this area.",766.068360312
2000-I-14::2000_prompt02_s01,"In triangle ABC, angles at B and C are congruent, and the equal sides satisfy AB = AC = 9/5·BC. Points P on AC and Q on AB are selected so that AP = 0.9·BC and QB = 1.05·BC. Let r be the ratio of angle ACB to angle APQ. Compute ⌊1525·r⌋.",1996
2000-I-14::2000_prompt02_s02,"In triangle ABC, angles at B and C are congruent, and the equal sides satisfy AB = AC = 5/3·BC. Points P on AC and Q on AB are selected so that AP = 0.8·BC and QB = 1.15·BC. Let r be the ratio of angle ACB to angle APQ. Compute ⌊1225·r⌋.",2328
2000-I-14::2000_prompt02_s03,"In triangle ABC, angles at B and C are congruent, and the equal sides satisfy AB = AC = 7/5·BC. Points P on AC and Q on AB are selected so that AP = 0.7·BC and QB = 0.85·BC. Let r be the ratio of angle ACB to angle APQ. Compute ⌊1475·r⌋.",1972
2000-I-14::2000_prompt02_s04,"In triangle ABC, angles at B and C are congruent, and the equal sides satisfy AB = AC = 11/7·BC. Points P on AC and Q on AB are selected so that AP = 1.2·BC and QB = 0.6·BC. Let r be the ratio of angle ACB to angle APQ. Compute ⌊900·r⌋.",1190
2000-I-14::2000_prompt02_s05,"In triangle ABC, angles at B and C are congruent, and the equal sides satisfy AB = AC = 8/5·BC. Points P on AC and Q on AB are selected so that AP = 0.8·BC and QB = 0.75·BC. Let r be the ratio of angle ACB to angle APQ. Compute ⌊1050·r⌋.",978
2000-I-15::2000_prompt01_s03,"A stack of 2134 distinct cards labeled 1 through 2134 is arranged in some unknown order. Repeat the following operation until the stack is empty: place the current top card to the right end of the row on the table, then move the next k cards (one by one) from the top of the stack to the bottom, where the integers k follow the periodic pattern 9,7 applied cyclically step by step. After all cards are on the table, the left-to-right order is exactly 1, 2, 3, ..., 2134. In the original stack, how many cards were above the card labeled 1307?",95
2000-I-15::2000_prompt01_s04,"A stack of 1946 distinct cards labeled 1 through 1946 is arranged in some unknown order. Repeat the following operation until the stack is empty: place the current top card to the right end of the row on the table, then move the next k cards (one by one) from the top of the stack to the bottom, where the integers k follow the periodic pattern 7,6 applied cyclically step by step. After all cards are on the table, the left-to-right order is exactly 1, 2, 3, ..., 1946. In the original stack, how many cards were above the card labeled 1136?",246
2000-I-15::2000_prompt01_s05,"A stack of 2644 distinct cards labeled 1 through 2644 is arranged in some unknown order. Repeat the following operation until the stack is empty: place the current top card to the right end of the row on the table, then move the next k cards (one by one) from the top of the stack to the bottom, where the integers k follow the periodic pattern 4,6,7,8 applied cyclically step by step. After all cards are on the table, the left-to-right order is exactly 1, 2, 3, ..., 2644. In the original stack, how many cards were above the card labeled 1441?",840
2000-I-15::2000_prompt02_s03,"A stack of 1033 distinct cards is labeled with the integers from 1 to 1033, with different integers on different cards. The cards in the stack are not in numerical order. Perform two complete passes as follows. Pass 1: repeatedly remove the top card from the stack and place it on the table to the right of the cards already there; then move the next 6 top cards, in order, to the bottom of the stack; continue until the stack is empty. Gather the cards from the table, preserving their left-to-right order, to rebuild a stack (so the leftmost table card becomes the new top of the stack). Pass 2: on this new stack, repeat the same procedure but moving the next 3 top cards to the bottom after each placement. After Pass 2 finishes, the cards on the table read from left to right in strictly ascending order 1, 2, 3, ..., 1033. In the original stack before Pass 1, how many cards were above the card labeled 334?",186
2000-I-15::2000_prompt02_s05,"A stack of 879 distinct cards is labeled with the integers from 1 to 879, with different integers on different cards. The cards in the stack are not in numerical order. Perform two complete passes as follows. Pass 1: repeatedly remove the top card from the stack and place it on the table to the right of the cards already there; then move the next 11 top cards, in order, to the bottom of the stack; continue until the stack is empty. Gather the cards from the table, preserving their left-to-right order, to rebuild a stack (so the leftmost table card becomes the new top of the stack). Pass 2: on this new stack, repeat the same procedure but moving the next 8 top cards to the bottom after each placement. After Pass 2 finishes, the cards on the table read from left to right in strictly ascending order 1, 2, 3, ..., 879. In the original stack before Pass 1, how many cards were above the card labeled 601?",670
2000-I-1::2000_prompt01_s01,"Find the least positive integer n such that, no matter how 10^n is expressed as the product of 3 positive integers, at least one of these integers has a digit zero somewhere in its base-10 representation.",12
2000-I-1::2000_prompt01_s03,"Find the least positive integer n such that, no matter how 10^n is expressed as the product of 2 positive integers, at least one of these integers has a digit zero somewhere in its base-10 representation.",8
2000-I-1::2000_prompt02_s04,"In a number system with base 10, consider the base-10 representation of positive integers. Let F be the forbidden digit set {0}. Determine the least positive integer n such that, for every factorization of 10^n into 3 positive integers, at least 1 of the factors have at least one base-10 digit from F.",12
2000-I-1::2000_prompt02_s05,"In a number system with base 6, consider the base-6 representation of positive integers. Let F be the forbidden digit set {0}. Determine the least positive integer n such that, for every factorization of 6^n into 3 positive integers, at least 1 of the factors have at least one base-6 digit from F.",8
2000-I-1::2000_prompt03_s01,"In a number system of base 10, let the forbidden digit set be [0]. Determine the least positive integer n such that for every way of expressing 10^n as the product of 2 positive integers, at least one factor, when written in base 10, contains a digit from the forbidden set [0].",8
2000-I-2::2000_prompt01_s01,"Let A = (u, v) be integers with 0 < v < u. Construct points by successive reflections as follows: B is the reflection of A across the line y = x; C is the reflection of B across the y-axis; D is the reflection of C across the line y = -x; E is the reflection of D across the x-axis; and F is the reflection of E across the y-axis. Consider the convex hexagon H with vertices A, B, C, D, E, F in that order. The area of H is 11916, and H contains exactly 11713 lattice points strictly in its interior. Find u + v.",102
2000-I-2::2000_prompt01_s02,"Let A = (u, v) be integers with 0 < v < u. Construct points by successive reflections as follows: B is the reflection of A across the line y = x; C is the reflection of B across the y-axis; D is the reflection of C across the line y = -x; E is the reflection of D across the x-axis; and F is the reflection of E across the y-axis. Consider the convex hexagon H with vertices A, B, C, D, E, F in that order. The area of H is 48779, and H contains exactly 48378 lattice points strictly in its interior. Find u + v.",201
2000-I-2::2000_prompt01_s03,"Let A = (u, v) be integers with 0 < v < u. Construct points by successive reflections as follows: B is the reflection of A across the line y = x; C is the reflection of B across the y-axis; D is the reflection of C across the line y = -x; E is the reflection of D across the x-axis; and F is the reflection of E across the y-axis. Consider the convex hexagon H with vertices A, B, C, D, E, F in that order. The area of H is 9889, and H contains exactly 9712 lattice points strictly in its interior. Find u + v.",89
2000-I-2::2000_prompt01_s04,"Let A = (u, v) be integers with 0 < v < u. Construct points by successive reflections as follows: B is the reflection of A across the line y = x; C is the reflection of B across the y-axis; D is the reflection of C across the line y = -x; E is the reflection of D across the x-axis; and F is the reflection of E across the y-axis. Consider the convex hexagon H with vertices A, B, C, D, E, F in that order. The area of H is 24604, and H contains exactly 24297 lattice points strictly in its interior. Find u + v.",154
2000-I-2::2000_prompt01_s05,"Let A = (u, v) be integers with 0 < v < u. Construct points by successive reflections as follows: B is the reflection of A across the line y = x; C is the reflection of B across the y-axis; D is the reflection of C across the line y = -x; E is the reflection of D across the x-axis; and F is the reflection of E across the y-axis. Consider the convex hexagon H with vertices A, B, C, D, E, F in that order. The area of H is 556, and H contains exactly 513 lattice points strictly in its interior. Find u + v.",22
2000-I-3::2000_prompt01_s01,"Consider the expansion of (a x + b)^1023, where a and b are relatively prime positive integers. Suppose the three consecutive coefficients of x^{k-1}, x^960, and x^{k+1} form an arithmetic progression. Among all such pairs (a, b), find the minimal possible value of a + b, given n = 1023 and k = 960.",100
2000-I-3::2000_prompt01_s02,"Consider the expansion of (a x + b)^1155, where a and b are relatively prime positive integers. Suppose the three consecutive coefficients of x^{k-1}, x^195, and x^{k+1} form an arithmetic progression. Among all such pairs (a, b), find the minimal possible value of a + b, given n = 1155 and k = 195.",221
2000-I-3::2000_prompt01_s03,"Consider the expansion of (a x + b)^483, where a and b are relatively prime positive integers. Suppose the three consecutive coefficients of x^{k-1}, x^195, and x^{k+1} form an arithmetic progression. Among all such pairs (a, b), find the minimal possible value of a + b, given n = 483 and k = 195.",55
2000-I-3::2000_prompt01_s04,"Consider the expansion of (a x + b)^899, where a and b are relatively prime positive integers. Suppose the three consecutive coefficients of x^{k-1}, x^675, and x^{k+1} form an arithmetic progression. Among all such pairs (a, b), find the minimal possible value of a + b, given n = 899 and k = 675.",17
2000-I-3::2000_prompt01_s05,"Consider the expansion of (a x + b)^323, where a and b are relatively prime positive integers. Suppose the three consecutive coefficients of x^{k-1}, x^35, and x^{k+1} form an arithmetic progression. Among all such pairs (a, b), find the minimal possible value of a + b, given n = 323 and k = 35.",39
2000-I-4::2000_prompt01_s01,"A rectangle is perfectly tiled by non-overlapping squares using the greedy Euclidean tiling: at step 1, along the longer side, as many squares as possible whose side equals the shorter side are placed; the leftover smaller rectangle is then tiled similarly at step 2, and so on, until the process terminates without remainder. The counts of squares placed at each step (from first to last) form the quotient sequence 3, 3, 4, 5, 1, 5, and the process ends exactly at step 6. Given that the rectangle's width and height are relatively prime positive integers, determine the perimeter of the rectangle.",4076
2000-I-4::2000_prompt01_s02,"A rectangle is perfectly tiled by non-overlapping squares using the greedy Euclidean tiling: at step 1, along the longer side, as many squares as possible whose side equals the shorter side are placed; the leftover smaller rectangle is then tiled similarly at step 2, and so on, until the process terminates without remainder. The counts of squares placed at each step (from first to last) form the quotient sequence 3, 4, 4, 4, and the process ends exactly at step 4. Given that the rectangle's width and height are relatively prime positive integers, determine the perimeter of the rectangle.",610
2000-I-4::2000_prompt01_s03,"A rectangle is perfectly tiled by non-overlapping squares using the greedy Euclidean tiling: at step 1, along the longer side, as many squares as possible whose side equals the shorter side are placed; the leftover smaller rectangle is then tiled similarly at step 2, and so on, until the process terminates without remainder. The counts of squares placed at each step (from first to last) form the quotient sequence 4, 6, 3, 1, 5, and the process ends exactly at step 5. Given that the rectangle's width and height are relatively prime positive integers, determine the perimeter of the rectangle.",1486
2000-I-4::2000_prompt01_s04,"A rectangle is perfectly tiled by non-overlapping squares using the greedy Euclidean tiling: at step 1, along the longer side, as many squares as possible whose side equals the shorter side are placed; the leftover smaller rectangle is then tiled similarly at step 2, and so on, until the process terminates without remainder. The counts of squares placed at each step (from first to last) form the quotient sequence 4, 2, 5, 5, 3, 3, and the process ends exactly at step 6. Given that the rectangle's width and height are relatively prime positive integers, determine the perimeter of the rectangle.",6580
2000-I-4::2000_prompt01_s05,"A rectangle is perfectly tiled by non-overlapping squares using the greedy Euclidean tiling: at step 1, along the longer side, as many squares as possible whose side equals the shorter side are placed; the leftover smaller rectangle is then tiled similarly at step 2, and so on, until the process terminates without remainder. The counts of squares placed at each step (from first to last) form the quotient sequence 2, 2, 2, 4, 2, 6, 6, and the process ends exactly at step 7. Given that the rectangle's width and height are relatively prime positive integers, determine the perimeter of the rectangle.",13258
2000-I-5::2000_prompt01_s01,"Two urns each contain both black and white marbles. The total number of marbles across the two urns is 22. From the first urn, exactly two marbles are drawn without replacement; from the second urn, exactly one marble is drawn. It is known that the probability that all three drawn marbles are black equals 21/55, and the probability that all three drawn marbles are white equals 1/110. Additionally, the first urn initially contains at least two marbles of each color. Let m/n be the probability, in lowest terms, that the two marbles drawn from the first urn are the same color. Find m + n.",50
2000-I-5::2000_prompt01_s02,"Two urns each contain both black and white marbles. The total number of marbles across the two urns is 34. From the first urn, exactly two marbles are drawn without replacement; from the second urn, exactly one marble is drawn. It is known that the probability that all three drawn marbles are black equals 50/117, and the probability that all three drawn marbles are white equals 10/819. Additionally, the first urn initially contains at least two marbles of each color. Let m/n be the probability, in lowest terms, that the two marbles drawn from the first urn are the same color. Find m + n.",64
2000-I-5::2000_prompt01_s03,"Two urns each contain both black and white marbles. The total number of marbles across the two urns is 26. From the first urn, exactly two marbles are drawn without replacement; from the second urn, exactly one marble is drawn. It is known that the probability that all three drawn marbles are black equals 7/253, and the probability that all three drawn marbles are white equals 80/253. Additionally, the first urn initially contains at least two marbles of each color. Let m/n be the probability, in lowest terms, that the two marbles drawn from the first urn are the same color. Find m + n.",394
2000-I-5::2000_prompt01_s04,"Two urns each contain both black and white marbles. The total number of marbles across the two urns is 20. From the first urn, exactly two marbles are drawn without replacement; from the second urn, exactly one marble is drawn. It is known that the probability that all three drawn marbles are black equals 1/30, and the probability that all three drawn marbles are white equals 3/25. Additionally, the first urn initially contains at least two marbles of each color. Let m/n be the probability, in lowest terms, that the two marbles drawn from the first urn are the same color. Find m + n.",22
2000-I-5::2000_prompt01_s05,"Two urns each contain both black and white marbles. The total number of marbles across the two urns is 24. From the first urn, exactly two marbles are drawn without replacement; from the second urn, exactly one marble is drawn. It is known that the probability that all three drawn marbles are black equals 39/160, and the probability that all three drawn marbles are white equals 1/64. Additionally, the first urn initially contains at least two marbles of each color. Let m/n be the probability, in lowest terms, that the two marbles drawn from the first urn are the same color. Find m + n.",67
2000-I-6::2000_prompt01_s01,"Count the number of ordered pairs (x, y) of positive integers with 0 < x < y < 474722 such that the arithmetic mean of x and y is exactly 338 more than the geometric mean of x and y, and additionally gcd(x, y) = 4. Give the exact count.",306
2000-I-6::2000_prompt01_s02,"Count the number of ordered pairs (x, y) of positive integers with 0 < x < y < 6959045 such that the arithmetic mean of x and y is exactly 450 more than the geometric mean of x and y, and additionally gcd(x, y) = 9. Give the exact count.",348
2000-I-6::2000_prompt01_s03,"Count the number of ordered pairs (x, y) of positive integers with 0 < x < y < 373919570 such that the arithmetic mean of x and y is exactly 1152 more than the geometric mean of x and y, and additionally gcd(x, y) = 144. Give the exact count.",804
2000-I-6::2000_prompt01_s04,"Count the number of ordered pairs (x, y) of positive integers with 0 < x < y < 1356522562 such that the arithmetic mean of x and y is exactly 5618 more than the geometric mean of x and y, and additionally gcd(x, y) = 11236. Give the exact count.",346
2000-I-6::2000_prompt01_s05,"Count the number of ordered pairs (x, y) of positive integers with 0 < x < y < 383102330 such that the arithmetic mean of x and y is exactly 3200 more than the geometric mean of x and y, and additionally gcd(x, y) = 1600. Give the exact count.",244
2000-I-7::2000_prompt01_s01,"In a math contest, 49 participants tackle the following generalized system. Let x, y, z be positive real numbers satisfying x^1 y^3 z^3 = 891. Furthermore, x^1 + 1/z^3 = 100/9 and y^3 + 1/x^1 = 100/11. Write z^3 + 1/y^3 as m/n in lowest terms, and report the value of m + n.",91
2000-I-7::2000_prompt01_s02,"In a math contest, 146 participants tackle the following generalized system. Let x, y, z be positive real numbers satisfying x^1 y^3 z^3 = 180. Furthermore, x^1 + 1/z^3 = 31/5 and y^3 + 1/x^1 = 37/6. Write z^3 + 1/y^3 as m/n in lowest terms, and report the value of m + n.",37
2000-I-7::2000_prompt01_s03,"In a math contest, 165 participants tackle the following generalized system. Let x, y, z be positive real numbers satisfying x^1 y^3 z^3 = 360. Furthermore, x^1 + 1/z^3 = 37/4 and y^3 + 1/x^1 = 91/9. Write z^3 + 1/y^3 as m/n in lowest terms, and report the value of m + n.",51
2000-I-7::2000_prompt01_s04,"In a math contest, 49 participants tackle the following generalized system. Let x, y, z be positive real numbers satisfying x^3 y^1 z^3 = 756. Furthermore, x^3 + 1/z^3 = 64/7 and y^1 + 1/x^3 = 109/9. Write z^3 + 1/y^1 as m/n in lowest terms, and report the value of m + n.",97
2000-I-7::2000_prompt01_s05,"In a math contest, 80 participants tackle the following generalized system. Let x, y, z be positive real numbers satisfying x^3 y^3 z^3 = 726. Furthermore, x^3 + 1/z^3 = 122/11 and y^3 + 1/x^3 = 67/11. Write z^3 + 1/y^3 as m/n in lowest terms, and report the value of m + n.",73
2000-I-8::2000_prompt01_s01,"A sealed container is a right circular frustum of height 16, with lower base radius 11 and upper base radius 3 (11 > 3). When the frustum is held with its larger base down and its axis vertical, the liquid depth is 5. The container is then inverted so the smaller base is down and the axis remains vertical; let h_up be the liquid depth (measured along the axis) after inversion. Find N, the nearest integer to 1000 times the fraction h_up/16. Assume the liquid volume is conserved and the interior walls are perfectly linear (i.e., the frustum’s radii vary linearly along its height).",758
2000-I-8::2000_prompt01_s02,"A sealed container is a right circular frustum of height 18, with lower base radius 14 and upper base radius 11 (14 > 11). When the frustum is held with its larger base down and its axis vertical, the liquid depth is 9. The container is then inverted so the smaller base is down and the axis remains vertical; let h_up be the liquid depth (measured along the axis) after inversion. Find N, the nearest integer to 1000 times the fraction h_up/18. Assume the liquid volume is conserved and the interior walls are perfectly linear (i.e., the frustum’s radii vary linearly along its height).",617
2000-I-8::2000_prompt01_s03,"A sealed container is a right circular frustum of height 24, with lower base radius 11 and upper base radius 4 (11 > 4). When the frustum is held with its larger base down and its axis vertical, the liquid depth is 15. The container is then inverted so the smaller base is down and the axis remains vertical; let h_up be the liquid depth (measured along the axis) after inversion. Find N, the nearest integer to 1000 times the fraction h_up/24. Assume the liquid volume is conserved and the interior walls are perfectly linear (i.e., the frustum’s radii vary linearly along its height).",905
2000-I-8::2000_prompt01_s04,"A sealed container is a right circular frustum of height 10, with lower base radius 19 and upper base radius 2 (19 > 2). When the frustum is held with its larger base down and its axis vertical, the liquid depth is 4. The container is then inverted so the smaller base is down and the axis remains vertical; let h_up be the liquid depth (measured along the axis) after inversion. Find N, the nearest integer to 1000 times the fraction h_up/10. Assume the liquid volume is conserved and the interior walls are perfectly linear (i.e., the frustum’s radii vary linearly along its height).",892
2000-I-8::2000_prompt01_s05,"A sealed container is a right circular frustum of height 28, with lower base radius 14 and upper base radius 5 (14 > 5). When the frustum is held with its larger base down and its axis vertical, the liquid depth is 18. The container is then inverted so the smaller base is down and the axis remains vertical; let h_up be the liquid depth (measured along the axis) after inversion. Find N, the nearest integer to 1000 times the fraction h_up/28. Assume the liquid volume is conserved and the interior walls are perfectly linear (i.e., the frustum’s radii vary linearly along its height).",914
2000-I-9::2000_prompt01_s02,"In a math contest, fix a base 9 > 1. Consider positive real numbers x, y, z that satisfy the system: log_9(531441 x^2 y^2) − (log_9 x)(log_9 y) = 6; log_9(729 y^2 z^2) − (log_9 y)(log_9 z) = 3; log_9(59049 z^2 x^2) − (log_9 z)(log_9 x) = 4. The system has exactly two solutions (x1, y1, z1) and (x2, y2, z2). Compute the value of y1*y2.",6561
2000-I-9::2000_prompt02_s01,"Consider positive real numbers \(x, y, z\) satisfying the system of equations
\[
\log_{36}(36xy)-2(\log_{36}x)(\log_{36}y)=-2,
\]
\[
\log_{36}(yz)-2(\log_{36}y)(\log_{36}z)=-4,
\]
\[
\log_{36}(1296zx)-2(\log_{36}z)(\log_{36}x)=-29.
\]
It can be shown that this system has exactly two real solutions \((x_1,y_1,z_1)\) and \((x_2,y_2,z_2)\). Compute the value of \(y_1+y_2\).",37
2000-I-9::2000_prompt02_s02,"Consider positive real numbers x, y, z satisfying the system of equations:
log_4(xy) - 2(log_4 x)(log_4 y) = -31,
log_4(4yz) - 2(log_4 y)(log_4 z) = -12,
log_4(4zx) - 2(log_4 z)(log_4 x) = -9.
It can be shown that this system has exactly two real solutions (x_1, y_1, z_1) and (x_2, y_2, z_2). Compute y_1 + y_2.",1024.00390625
2000-I-9::2000_prompt02_s03,"Consider positive real numbers x, y, z satisfying the system of equations
\[
\log_{9}(9xy)-2(\log_{9}x)(\log_{9}y)=-1,
\]
\[
\log_{9}(9yz)-2(\log_{9}y)(\log_{9}z)=-3,
\]
\[
\log_{9}(zx)-2(\log_{9}z)(\log_{9}x)=-22.
\]
It can be shown that this system has exactly two real solutions \((x_1,y_1,z_1)\) and \((x_2,y_2,z_2)\). Compute \(y_1+y_2\).",10
2000-I-9::2000_prompt03_s01,"In a math contest, let log_64 denote logarithm base 64. Consider positive real variables x, y, z that satisfy the system:

log_64((x y)/128) - 3(log_64 x)(log_64 y) = -1
log_64((sqrt(6) y z)/256) - 3(log_64 y)(log_64 z) = -1
log_64(6144 z x) - 3(log_64 z)(log_64 x) = 2

This system has exactly two solutions (x1, y1, z1) and (x2, y2, z2). Compute y1 + y2.",10
2000-II-10::2000_prompt01_s01,"In a convex tangential hexagon, a single circle is tangent to all six sides. At each vertex, the two tangent segments along its incident sides are equal; denote these six equal tangent lengths by t1, t2, t3, t4, t5, t6 as you proceed around the hexagon. Given t1=17, t2=14, t3=9, t4=8, t5=20, and t6=18, determine the square of the radius r^2 of the inscribed circle.",586
2000-II-10::2000_prompt01_s02,"In a convex tangential hexagon, a single circle is tangent to all six sides. At each vertex, the two tangent segments along its incident sides are equal; denote these six equal tangent lengths by t1, t2, t3, t4, t5, t6 as you proceed around the hexagon. Given t1=23, t2=13, t3=41, t4=13, t5=40, and t6=5, determine the square of the radius r^2 of the inscribed circle.",1235
2000-II-10::2000_prompt01_s03,"In a convex tangential hexagon, a single circle is tangent to all six sides. At each vertex, the two tangent segments along its incident sides are equal; denote these six equal tangent lengths by t1, t2, t3, t4, t5, t6 as you proceed around the hexagon. Given t1=22, t2=28, t3=43, t4=24, t5=31, and t6=42, determine the square of the radius r^2 of the inscribed circle.",2908
2000-II-10::2000_prompt01_s04,"In a convex tangential hexagon, a single circle is tangent to all six sides. At each vertex, the two tangent segments along its incident sides are equal; denote these six equal tangent lengths by t1, t2, t3, t4, t5, t6 as you proceed around the hexagon. Given t1=35, t2=21, t3=8, t4=9, t5=23, and t6=36, determine the square of the radius r^2 of the inscribed circle.",1269
2000-II-10::2000_prompt01_s05,"In a convex tangential hexagon, a single circle is tangent to all six sides. At each vertex, the two tangent segments along its incident sides are equal; denote these six equal tangent lengths by t1, t2, t3, t4, t5, t6 as you proceed around the hexagon. Given t1=28, t2=8, t3=10, t4=33, t5=18, and t6=44, determine the square of the radius r^2 of the inscribed circle.",1412
2000-II-11::2000_prompt01_s01,"In the integer lattice plane, consider all isosceles trapezoids with vertices labeled A, B, C, D in order, such that A=(-17,-30) and D=(-15,-38). The trapezoid has no horizontal or vertical sides, and AB and CD are the only parallel sides. Among all such trapezoids whose area is exactly 68, consider the set of all possible slopes of line AB. Let S be the sum of the absolute values of these slopes. Write S as a reduced fraction m/n and report m+n.",49
2000-II-11::2000_prompt01_s02,"In the integer lattice plane, consider all isosceles trapezoids with vertices labeled A, B, C, D in order, such that A=(-8,17) and D=(-1,13). The trapezoid has no horizontal or vertical sides, and AB and CD are the only parallel sides. Among all such trapezoids whose area is exactly 270, consider the set of all possible slopes of line AB. Let S be the sum of the absolute values of these slopes. Write S as a reduced fraction m/n and report m+n.",7
2000-II-11::2000_prompt01_s04,"In the integer lattice plane, consider all isosceles trapezoids with vertices labeled A, B, C, D in order, such that A=(14,-13) and D=(7,-18). The trapezoid has no horizontal or vertical sides, and AB and CD are the only parallel sides. Among all such trapezoids whose area is exactly 74, consider the set of all possible slopes of line AB. Let S be the sum of the absolute values of these slopes. Write S as a reduced fraction m/n and report m+n.",49
2000-II-11::2000_prompt01_s05,"In the integer lattice plane, consider all isosceles trapezoids with vertices labeled A, B, C, D in order, such that A=(28,-11) and D=(36,-10). The trapezoid has no horizontal or vertical sides, and AB and CD are the only parallel sides. Among all such trapezoids whose area is exactly 52, consider the set of all possible slopes of line AB. Let S be the sum of the absolute values of these slopes. Write S as a reduced fraction m/n and report m+n.",19
2000-II-11::2000_prompt02_s01,"In the coordinate plane, consider all isosceles lattice trapezoids ABCD with vertices having integer coordinates, where A=(23,36) and D=(13,26). The only parallel sides are AB and CD, and no side is horizontal or vertical. Let u=(p,q) denote the primitive integer direction vector of the bases (so AB and CD are integer multiples of u), with p and q both nonzero and gcd(p,q)=1. Write the vector AD as (d_x - a_x, d_y - a_y). Impose two arithmetic constraints on u: (i) the determinant |(d_y - a_y)·p - (d_x - a_x)·q| equals 30; and (ii) the integer λ = 2[(d_x - a_x)·p + (d_y - a_y)·q]/(p^2 + q^2) lies between 3 and 5 inclusive. Over all such u that yield valid trapezoids, let S be the set of distinct absolute slopes |q/p| of AB. Compute the sum of the elements of S, express it as a reduced fraction m/n, and report m+n.",7
2000-II-12::2000_prompt02_s01,"On a sphere with center O and radius 29, three points A, B, and C lie on its surface with pairwise distances AB=13, BC=14, and CA=15. Let H be the orthocenter of triangle ABC (considered within its plane). The 3D distance from O to H can be expressed in the form m sqrt(n) / k, where m, n, and k are positive integers, m and k are relatively coprime, and n is not divisible by the square of any prime. Compute m + n + k.",12471
2000-II-12::2000_prompt02_s02,"On a sphere with center O and radius 12, three points A, B, and C lie on its surface with pairwise distances AB=9, BC=10, and CA=17. Let H be the orthocenter of triangle ABC (considered within its plane). The 3D distance from O to H can be expressed in the form m sqrt(n) / k, where m, n, and k are positive integers, m and k are relatively coprime, and n is not divisible by the square of any prime. Compute m + n + k.",127
2000-II-12::2000_prompt02_s03,"On a sphere with center O and radius 30, three points A, B, and C lie on its surface with pairwise distances AB=10, BC=13, and CA=13. Let H be the orthocenter of triangle ABC (considered within its plane). The 3D distance from O to H can be expressed in the form m sqrt(n) / k, where m, n, and k are positive integers, m and k are relatively coprime, and n is not divisible by the square of any prime. Compute m + n + k.",4963
2000-II-12::2000_prompt02_s04,"On a sphere with center O and radius 16, three points A, B, and C lie on its surface with pairwise distances AB=13, BC=14, and CA=15. Let H be the orthocenter of triangle ABC (considered within its plane). The 3D distance from O to H can be expressed in the form m sqrt(n) / k, where m, n, and k are positive integers, m and k are relatively coprime, and n is not divisible by the square of any prime. Compute m + n + k.",3111
2000-II-12::2000_prompt02_s05,"On a sphere with center O and radius 33, three points A, B, and C lie on its surface with pairwise distances AB=5, BC=5, and CA=6. Let H be the orthocenter of triangle ABC (considered within its plane). The 3D distance from O to H can be expressed in the form m sqrt(n) / k, where m, n, and k are positive integers, m and k are relatively coprime, and n is not divisible by the square of any prime. Compute m + n + k.",99
2000-II-13::2000_prompt01_s01,"Consider the degree-6 equation 2x^6 + 42x^5 + 360x^4 + 1610x^3 + 3706x^2 + 3304x + -1224 = 0. It is known that this equation has exactly two real roots. One of these roots can be expressed as (m + sqrt(n))/r, where m, n, and r are integers with gcd(m, r) = 1, r > 0, and n is not divisible by the square of any prime. Find m + n + r.",52
2000-II-13::2000_prompt01_s02,"Consider the degree-6 equation 32x^6 + -336x^5 + 1400x^4 + -2940x^3 + 2704x^2 + 140x + -1800 = 0. It is known that this equation has exactly two real roots. One of these roots can be expressed as (m + sqrt(n))/r, where m, n, and r are integers with gcd(m, r) = 1, r > 0, and n is not divisible by the square of any prime. Find m + n + r.",100
2000-II-13::2000_prompt01_s03,"Consider the degree-6 equation 1x^6 + -33x^5 + 430x^4 + -2805x^3 + 9157x^2 + -11550x + -2376 = 0. It is known that this equation has exactly two real roots. One of these roots can be expressed as (m + sqrt(n))/r, where m, n, and r are integers with gcd(m, r) = 1, r > 0, and n is not divisible by the square of any prime. Find m + n + r.",142
2000-II-13::2000_prompt01_s04,"Consider the degree-6 equation 27x^6 + 351x^5 + 1818x^4 + 4771x^3 + 6285x^2 + 3068x + -612 = 0. It is known that this equation has exactly two real roots. One of these roots can be expressed as (m + sqrt(n))/r, where m, n, and r are integers with gcd(m, r) = 1, r > 0, and n is not divisible by the square of any prime. Find m + n + r.",186
2000-II-13::2000_prompt01_s05,"Consider the degree-6 equation 4x^6 + 132x^5 + 1696x^4 + 10692x^3 + 32848x^2 + 36564x + -12276 = 0. It is known that this equation has exactly two real roots. One of these roots can be expressed as (m + sqrt(n))/r, where m, n, and r are integers with gcd(m, r) = 1, r > 0, and n is not divisible by the square of any prime. Find m + n + r.",124
2000-II-14::2000_prompt01_s01,"In a math contest, consider the alternating-coefficient factorial sum defined as follows. Fix integers 68 (start index), 16 (step size), 1288 (maximum index), and 3 (period length), together with a periodic integer coefficient pattern [-2, 2, -3] of length 3. Define K = sum over all k >= 0 with s_k = 68 + k*16 <= 1288 of a_{k mod 3} · (s_k)!, where a_r are the entries of [-2, 2, -3] in order. Let (f_1, f_2, ..., f_j) be the factorial-base expansion of K (so K = sum_{i=1}^{j} i!·f_i with 0 ≤ f_i ≤ i and f_j > 0). Compute the alternating digit sum S = f_1 − f_2 + f_3 − f_4 + ... + (−1)^{j+1} f_j.",483
2000-II-14::2000_prompt01_s02,"In a math contest, consider the alternating-coefficient factorial sum defined as follows. Fix integers 74 (start index), 34 (step size), 996 (maximum index), and 6 (period length), together with a periodic integer coefficient pattern [-2, -1, 1, 3, -3, -2] of length 6. Define K = sum over all k >= 0 with s_k = 74 + k*34 <= 996 of a_{k mod 6} · (s_k)!, where a_r are the entries of [-2, -1, 1, 3, -3, -2] in order. Let (f_1, f_2, ..., f_j) be the factorial-base expansion of K (so K = sum_{i=1}^{j} i!·f_i with 0 ≤ f_i ≤ i and f_j > 0). Compute the alternating digit sum S = f_1 − f_2 + f_3 − f_4 + ... + (−1)^{j+1} f_j.",321
2000-II-14::2000_prompt01_s03,"In a math contest, consider the alternating-coefficient factorial sum defined as follows. Fix integers 102 (start index), 9 (step size), 1056 (maximum index), and 3 (period length), together with a periodic integer coefficient pattern [-3, 3, -2] of length 3. Define K = sum over all k >= 0 with s_k = 102 + k*9 <= 1056 of a_{k mod 3} · (s_k)!, where a_r are the entries of [-3, 3, -2] in order. Let (f_1, f_2, ..., f_j) be the factorial-base expansion of K (so K = sum_{i=1}^{j} i!·f_i with 0 ≤ f_i ≤ i and f_j > 0). Compute the alternating digit sum S = f_1 − f_2 + f_3 − f_4 + ... + (−1)^{j+1} f_j.",-97
2000-II-14::2000_prompt01_s04,"In a math contest, consider the alternating-coefficient factorial sum defined as follows. Fix integers 18 (start index), 9 (step size), 618 (maximum index), and 4 (period length), together with a periodic integer coefficient pattern [1, -1, 2, -1] of length 4. Define K = sum over all k >= 0 with s_k = 18 + k*9 <= 618 of a_{k mod 4} · (s_k)!, where a_r are the entries of [1, -1, 2, -1] in order. Let (f_1, f_2, ..., f_j) be the factorial-base expansion of K (so K = sum_{i=1}^{j} i!·f_i with 0 ≤ f_i ≤ i and f_j > 0). Compute the alternating digit sum S = f_1 − f_2 + f_3 − f_4 + ... + (−1)^{j+1} f_j.",10509
2000-II-14::2000_prompt01_s05,"In a math contest, consider the alternating-coefficient factorial sum defined as follows. Fix integers 88 (start index), 26 (step size), 1288 (maximum index), and 5 (period length), together with a periodic integer coefficient pattern [-3, 1, 2, -1, -2] of length 5. Define K = sum over all k >= 0 with s_k = 88 + k*26 <= 1288 of a_{k mod 5} · (s_k)!, where a_r are the entries of [-3, 1, 2, -1, -2] in order. Let (f_1, f_2, ..., f_j) be the factorial-base expansion of K (so K = sum_{i=1}^{j} i!·f_i with 0 ≤ f_i ≤ i and f_j > 0). Compute the alternating digit sum S = f_1 − f_2 + f_3 − f_4 + ... + (−1)^{j+1} f_j.",393
2000-II-2::2000_prompt01_s01,"Consider integer lattice points (x, y). How many such pairs satisfy x^2 - y^2 = 8083608596, with gcd(x, y) = 34, and additionally both x - y is divisible by 19 and x + y is divisible by 37? Count all integer solutions over the integers (including negative coordinates).",8
2000-II-2::2000_prompt01_s02,"Consider integer lattice points (x, y). How many such pairs satisfy x^2 - y^2 = 176002096725, with gcd(x, y) = 21, and additionally both x - y is divisible by 5 and x + y is divisible by 169? Count all integer solutions over the integers (including negative coordinates).",16
2000-II-2::2000_prompt01_s03,"Consider integer lattice points (x, y). How many such pairs satisfy x^2 - y^2 = 1844936692098500, with gcd(x, y) = 22, and additionally both x - y is divisible by 11011 and x + y is divisible by 25? Count all integer solutions over the integers (including negative coordinates).",8
2000-II-2::2000_prompt01_s04,"Consider integer lattice points (x, y). How many such pairs satisfy x^2 - y^2 = 9214614402467551, with gcd(x, y) = 7, and additionally both x - y is divisible by 529 and x + y is divisible by 20387? Count all integer solutions over the integers (including negative coordinates).",8
2000-II-2::2000_prompt01_s05,"Consider integer lattice points (x, y). How many such pairs satisfy x^2 - y^2 = 47392175979200, with gcd(x, y) = 40, and additionally both x - y is divisible by 29 and x + y is divisible by 943? Count all integer solutions over the integers (including negative coordinates).",8
2000-II-3::2000_prompt02_s01,"A multiset deck has 6 distinct labels. For label i = 1, 2, ..., 6, the deck contains a_i cards, where the fixed sequence [8, 4, 3, 8, 2, 8] lists these multiplicities in order. First, 2 disjoint matching pairs are removed: each pair consists of two cards with the same label, and the labels of these pairs are chosen uniformly at random without replacement from among all labels that initially have at least two cards. Next, 1 single cards are removed: their labels are chosen uniformly at random without replacement from the remaining labels that were not used for pairs and that still have at least one card. No information about which labels were affected is revealed; only 2 and 1 are known. Finally, two cards are drawn uniformly at random without replacement from the remaining deck. Let m/n be the unconditional probability that these two cards have the same label, with m and n relatively prime positive integers. Find m + n.",43
2000-II-3::2000_prompt02_s02,"A multiset deck has 6 distinct labels. For label i = 1, 2, ..., 6, the deck contains a_i cards, where the fixed sequence [6, 7, 7, 4, 1, 6] lists these multiplicities in order. First, 4 disjoint matching pairs are removed: each pair consists of two cards with the same label, and the labels of these pairs are chosen uniformly at random without replacement from among all labels that initially have at least two cards. Next, 1 single cards are removed: their labels are chosen uniformly at random without replacement from the remaining labels that were not used for pairs and that still have at least one card. No information about which labels were affected is revealed; only 4 and 1 are known. Finally, two cards are drawn uniformly at random without replacement from the remaining deck. Let m/n be the unconditional probability that these two cards have the same label, with m and n relatively prime positive integers. Find m + n.",541
2000-II-3::2000_prompt02_s03,"A multiset deck has 10 distinct labels. For label i = 1, 2, ..., 10, the deck contains a_i cards, where the fixed sequence [7, 7, 3, 6, 2, 8, 4, 8, 1, 4] lists these multiplicities in order. First, 4 disjoint matching pairs are removed: each pair consists of two cards with the same label, and the labels of these pairs are chosen uniformly at random without replacement from among all labels that initially have at least two cards. Next, 1 single cards are removed: their labels are chosen uniformly at random without replacement from the remaining labels that were not used for pairs and that still have at least one card. No information about which labels were affected is revealed; only 4 and 1 are known. Finally, two cards are drawn uniformly at random without replacement from the remaining deck. Let m/n be the unconditional probability that these two cards have the same label, with m and n relatively prime positive integers. Find m + n.",24671
2000-II-3::2000_prompt02_s04,"A multiset deck has 8 distinct labels. For label i = 1, 2, ..., 8, the deck contains a_i cards, where the fixed sequence [6, 7, 2, 1, 6, 5, 6, 8] lists these multiplicities in order. First, 3 disjoint matching pairs are removed: each pair consists of two cards with the same label, and the labels of these pairs are chosen uniformly at random without replacement from among all labels that initially have at least two cards. Next, 3 single cards are removed: their labels are chosen uniformly at random without replacement from the remaining labels that were not used for pairs and that still have at least one card. No information about which labels were affected is revealed; only 3 and 3 are known. Finally, two cards are drawn uniformly at random without replacement from the remaining deck. Let m/n be the unconditional probability that these two cards have the same label, with m and n relatively prime positive integers. Find m + n.",1411
2000-II-3::2000_prompt02_s05,"A multiset deck has 10 distinct labels. For label i = 1, 2, ..., 10, the deck contains a_i cards, where the fixed sequence [6, 5, 2, 1, 1, 7, 1, 5, 8, 4] lists these multiplicities in order. First, 6 disjoint matching pairs are removed: each pair consists of two cards with the same label, and the labels of these pairs are chosen uniformly at random without replacement from among all labels that initially have at least two cards. Next, 3 single cards are removed: their labels are chosen uniformly at random without replacement from the remaining labels that were not used for pairs and that still have at least one card. No information about which labels were affected is revealed; only 6 and 3 are known. Finally, two cards are drawn uniformly at random without replacement from the remaining deck. Let m/n be the unconditional probability that these two cards have the same label, with m and n relatively prime positive integers. Find m + n.",4793
2000-II-4::2000_prompt01_s01,"Find the least positive integer n such that among its positive divisors, exactly 540 are divisible by 2, exactly 450 are divisible by 4, exactly 360 are divisible by 8, exactly 504 are divisible by 3, and exactly 378 are divisible by 9. Determine n.",69854400
2000-II-4::2000_prompt01_s02,"Find the least positive integer n such that among its positive divisors, exactly 900 are divisible by 2, exactly 720 are divisible by 4, exactly 540 are divisible by 8, exactly 900 are divisible by 3, and exactly 720 are divisible by 9. Determine n.",2619540000
2000-II-4::2000_prompt01_s03,"Find the least positive integer n such that among its positive divisors, exactly 108 are divisible by 2, exactly 72 are divisible by 4, exactly 36 are divisible by 8, exactly 96 are divisible by 3, and exactly 48 are divisible by 9. Determine n.",138600
2000-II-4::2000_prompt01_s04,"Find the least positive integer n such that among its positive divisors, exactly 720 are divisible by 2, exactly 600 are divisible by 4, exactly 480 are divisible by 8, exactly 630 are divisible by 3, and exactly 420 are divisible by 9. Determine n.",582120000
2000-II-4::2000_prompt01_s05,"Find the least positive integer n such that among its positive divisors, exactly 216 are divisible by 2, exactly 162 are divisible by 4, exactly 108 are divisible by 8, exactly 180 are divisible by 3, and exactly 90 are divisible by 9. Determine n.",1940400
2000-II-5::2000_prompt01_s01,"A jeweler has 17 distinguishable rings, of which 3 are designated special. You will wear exactly 9 rings on 4 fingers (excluding the thumb). Finger i can hold at most the i-th entry of the capacity vector [6, 4, 6, 5] rings, and the order of rings on each finger is significant. Subject to the constraints: (i) at most one special ring may be placed on any single finger; (ii) exactly 4 fingers must be used (nonempty); (iii) at least 2 of the worn rings must be special, determine the total number of valid arrangements.",167208481440
2000-II-5::2000_prompt01_s02,"A jeweler has 15 distinguishable rings, of which 6 are designated special. You will wear exactly 9 rings on 5 fingers (excluding the thumb). Finger i can hold at most the i-th entry of the capacity vector [3, 6, 3, 6, 4] rings, and the order of rings on each finger is significant. Subject to the constraints: (i) at most one special ring may be placed on any single finger; (ii) exactly 3 fingers must be used (nonempty); (iii) at least 2 of the worn rings must be special, determine the total number of valid arrangements.",30645216000
2000-II-5::2000_prompt01_s03,"A jeweler has 18 distinguishable rings, of which 6 are designated special. You will wear exactly 8 rings on 5 fingers (excluding the thumb). Finger i can hold at most the i-th entry of the capacity vector [2, 3, 2, 4, 2] rings, and the order of rings on each finger is significant. Subject to the constraints: (i) at most one special ring may be placed on any single finger; (ii) exactly 3 fingers must be used (nonempty); (iii) at least 2 of the worn rings must be special, determine the total number of valid arrangements.",6911308800
2000-II-5::2000_prompt01_s04,"A jeweler has 18 distinguishable rings, of which 4 are designated special. You will wear exactly 9 rings on 6 fingers (excluding the thumb). Finger i can hold at most the i-th entry of the capacity vector [3, 4, 2, 2, 3, 4] rings, and the order of rings on each finger is significant. Subject to the constraints: (i) at most one special ring may be placed on any single finger; (ii) exactly 4 fingers must be used (nonempty); (iii) at least 3 of the worn rings must be special, determine the total number of valid arrangements.",428073085440
2000-II-5::2000_prompt01_s05,"A jeweler has 15 distinguishable rings, of which 4 are designated special. You will wear exactly 6 rings on 4 fingers (excluding the thumb). Finger i can hold at most the i-th entry of the capacity vector [5, 6, 6, 4] rings, and the order of rings on each finger is significant. Subject to the constraints: (i) at most one special ring may be placed on any single finger; (ii) exactly 4 fingers must be used (nonempty); (iii) at least 3 of the worn rings must be special, determine the total number of valid arrangements.",2756160
2000-II-6::2000_prompt02_s02,"In a trapezoid with parallel bases of lengths B and b (B > b), suppose B - b = 179. For 0 <= t <= 1, let t be the normalized height measured from the longer base, so the segment parallel to the bases at height t has length L(t) = B - 179t. Define weighted area using the density rho(t) = 1 + 3t; that is, the weighted area of a region is the integral of rho(t) over that region. The segment at height t = 8/11 divides the trapezoid into two regions whose weighted areas are in the ratio 126:53, with the larger weighted area adjacent to the longer base. Let x be the length of the segment parallel to the bases that bisects the ordinary (unweighted) area of the trapezoid. Compute the greatest integer less than or equal to x^2/83.",653
2000-II-6::2000_prompt02_s04,"In a trapezoid with parallel bases of lengths B and b (B>b), the difference between the bases is 200. Let t denote the normalized height parameter along the legs measured from the longer base (so t=0 at the longer base and t=1 at the shorter base), so that every segment of the trapezoid parallel to the bases corresponds to a unique t and has length that varies linearly with t. Suppose that, under the linear height-dependent density ρ(t)=1+3t, the segment parallel to the bases at height t=3/7 divides the trapezoid into two parts whose weighted areas, lower part to upper part, are in the ratio 117:235. Let x be the length of the segment parallel to the bases that bisects the ordinary (unweighted) area of the trapezoid. Compute the greatest integer less than or equal to x^2/63.",2919
2000-II-6::2000_prompt03_s01,"Consider a trapezoid with parallel bases of distinct lengths. For the segment parallel to the bases at a height equal to the fraction 2/9 of the trapezoid's altitude measured from the shorter base, the areas of the two regions it creates are in the ratio 128:763. For the segment at height fraction 1/2, the areas are in the ratio 17:27. Additionally, the parallel segment at height fraction 8/9 has length 670. Let x denote the length of the parallel segment that bisects the trapezoid's area into two equal parts. Find the greatest integer not exceeding x^2/625.",473
2000-II-6::2000_prompt03_s02,"Consider a trapezoid with parallel bases of distinct lengths. For the segment parallel to the bases at a height equal to the fraction 3/5 of the trapezoid's altitude measured from the shorter base, the areas of the two regions it creates are in the ratio 72:53. For the segment at height fraction 8/9, the areas are in the ratio 356:49. Additionally, the parallel segment at height fraction 2/3 has length 217. Let x denote the length of the parallel segment that bisects the trapezoid's area into two equal parts. Find the greatest integer not exceeding x^2/100.",445
2000-II-6::2000_prompt03_s03,"Consider a trapezoid with parallel bases of distinct lengths. For the segment parallel to the bases at a height equal to the fraction 1/6 of the trapezoid's altitude measured from the shorter base, the areas of the two regions it creates are in the ratio 11:97. For the segment at height fraction 1/3, the areas are in the ratio 31:104. Additionally, the parallel segment at height fraction 1/4 has length 69. Let x denote the length of the parallel segment that bisects the trapezoid's area into two equal parts. Find the greatest integer not exceeding x^2/100.",98
2000-II-8::2000_prompt01_s01,"Consider a right trapezoid ABCD in the plane with bases AB and CD parallel, and leg BC perpendicular to both bases. Let P be the intersection of diagonals AC and BD. Suppose that cos ∠APB = 1/√513. You are given that AB = √109 and AD = √4796. Determine the value of BC^2.",872
2000-II-8::2000_prompt01_s02,"Consider a right trapezoid ABCD in the plane with bases AB and CD parallel, and leg BC perpendicular to both bases. Let P be the intersection of diagonals AC and BD. Suppose the acute angle ∠APB has cosine 5/√793. You are given that AB = √165 and AD = √7920. Determine the value of BC^2.",1980
2000-II-8::2000_prompt01_s03,"Consider a right trapezoid ABCD in the plane with bases AB and CD parallel, and leg BC perpendicular to both bases. The diagonals AC and BD meet at an acute angle θ whose cosine equals 1/√65. You are given that AB = √62 and AD = √496. Determine the larger possible value of BC^2.",248
2000-II-8::2000_prompt01_s04,"Consider a right trapezoid ABCD in the plane with bases AB and CD parallel, and leg BC perpendicular to both bases. Let θ be the acute angle between the vectors from A to C and from B to D, and suppose cos θ = 4/sqrt(1316). You are given that AB = sqrt(194) and AD = sqrt(14938). Determine the value of BC^2.",2522
2000-II-8::2000_prompt01_s05,"Consider a right trapezoid ABCD with vertices in order, bases AB and CD parallel, and leg BC perpendicular to both bases. Let P be the intersection point of diagonals AC and BD. Suppose cos∠APB = 2/√1456, AB = √157, and AD = √14601. Determine BC^2.",1884
2000-II-9::2000_prompt01_s01,"In a math contest, let z and w be complex numbers with Im(z) > 0 and Im(w) > 0 that satisfy z + 1/z = 2 cos(169°) and w + 1/w = 2 cos(82°). Determine the least integer greater than (z^4617 + z^-4617)(w^4617 + w^-4617) − (z^4617 w^-4617 + z^-4617 w^4617).",2
2000-II-9::2000_prompt01_s02,"In a math contest, let z and w be complex numbers with Im(z) > 0 and Im(w) > 0 that satisfy z + 1/z = 2 cos(170°) and w + 1/w = 2 cos(157°). Determine the least integer greater than (z^2732 + z^-2732)(w^2732 + w^-2732) − (z^2732 w^-2732 + z^-2732 w^2732).",-1
2000-II-9::2000_prompt01_s03,"In a math contest, let z and w be complex numbers with Im(z) > 0 and Im(w) > 0 that satisfy z + 1/z = 2 cos(172°) and w + 1/w = 2 cos(71°). Determine the least integer greater than (z^3198 + z^-3198)(w^3198 + w^-3198) − (z^3198 w^-3198 + z^-3198 w^3198).",-1
2000-II-9::2000_prompt01_s04,"In a math contest, let z and w be complex numbers with Im(z) > 0 and Im(w) > 0 that satisfy z + 1/z = 2 cos(148°) and w + 1/w = 2 cos(38°). Determine the least integer greater than (z^3608 + z^-3608)(w^3608 + w^-3608) − (z^3608 w^-3608 + z^-3608 w^3608).",2
2000-II-9::2000_prompt01_s05,"In a math contest, let z and w be complex numbers with Im(z) > 0 and Im(w) > 0 that satisfy z + 1/z = 2 cos(40°) and w + 1/w = 2 cos(46°). Determine the least integer greater than (z^4953 + z^-4953)(w^4953 + w^-4953) − (z^4953 w^-4953 + z^-4953 w^4953).",1
2001-I-10::2001_prompt01_s01,"Let S be the set of integer 4-tuples (x_1, ..., x_4) with 0 ≤ x_i ≤ A_i for each i, where the upper bounds per coordinate are given in order by 15,14,13,17. Independently and uniformly select 8 points from S (repeats allowed). Let P be the probability that the centroid (coordinate-wise average) of the selected points is itself an element of S. Express P = m/n in lowest terms and determine m + n.",3970554079914015697430946029
2001-I-10::2001_prompt01_s02,"Let S be the set of integer 4-tuples (x_1, ..., x_4) with 0 ≤ x_i ≤ A_i for each i, where the upper bounds per coordinate are given in order by 9,7,10,5. Independently and uniformly select 7 points from S (repeats allowed). Let P be the probability that the centroid (coordinate-wise average) of the selected points is itself an element of S. Express P = m/n in lowest terms and determine m + n.",35324277860910170313499
2001-I-10::2001_prompt01_s03,"Let S be the set of integer 4-tuples (x_1, ..., x_4) with 0 ≤ x_i ≤ A_i for each i, where the upper bounds per coordinate are given in order by 17,19,4,20. Independently and uniformly select 5 points from S (repeats allowed). Let P be the probability that the centroid (coordinate-wise average) of the selected points is itself an element of S. Express P = m/n in lowest terms and determine m + n.",96619177658939
2001-I-10::2001_prompt01_s05,"Let S be the set of integer 4-tuples (x_1, ..., x_4) with 0 ≤ x_i ≤ A_i for each i, where the upper bounds per coordinate are given in order by 10,12,15,13. Independently and uniformly select 8 points from S (repeats allowed). Let P be the probability that the centroid (coordinate-wise average) of the selected points is itself an element of S. Express P = m/n in lowest terms and determine m + n.",1032472739819610039217608545
2001-I-10::2001_prompt02_s03,"Let S be the set of integer lattice points in the plane with coordinates (x_1,x_2) satisfying 0 \le x_1 \le 5 and 0 \le x_2 \le 10. Two distinct points A and B are chosen uniformly at random from S, in order. Let T=\frac{A+3B}{4}. The probability that T also lies in S is \frac{m}{n} in lowest terms. Find m+n.",2267
2001-I-11::2001_prompt04_s01,"In a rectangular array of points with 5 rows and N columns, the points are numbered consecutively by rows from left to right starting at the top row (row-major). Thus the top row is 1 through N, the second row is N+1 through 2N, and so on. One point P_i is selected in each row i (1 ≤ i ≤ 5); let x_i be the original row-major number of P_i. The array is then renumbered by columns from top to bottom, beginning with the first column (column-major). Let y_i be the column-major number of P_i after this renumbering. It is known that x_i = y_{σ(i)} for every i, where the permutation σ on {1,2,...,5} is given by (1 2)(3 4 5). Find the smallest possible value of N for which such points P_i can exist.",149
2001-I-11::2001_prompt04_s02,"In a rectangular array of points with 5 rows and N columns, the points are numbered consecutively by rows from left to right starting at the top row (row-major). Thus the top row is 1 through N, the second row is N+1 through 2N, and so on. One point P_i is selected in each row i (1 ≤ i ≤ 5); let x_i be the original row-major number of P_i. The array is then renumbered by columns from top to bottom, beginning with the first column (column-major). Let y_i be the column-major number of P_i after this renumbering. It is known that x_i = y_{σ(i)} for every i, where the permutation σ on {1,2,...,5} is given by (1 2)(3 5 4). Find the smallest possible value of N for which such points P_i can exist.",149
2001-I-11::2001_prompt04_s03,"In a rectangular array of points with 6 rows and N columns, the points are numbered consecutively by rows from left to right starting at the top row (row-major). Thus the top row is 1 through N, the second row is N+1 through 2N, and so on. One point P_i is selected in each row i (1 ≤ i ≤ 6); let x_i be the original row-major number of P_i. The array is then renumbered by columns from top to bottom, beginning with the first column (column-major). Let y_i be the column-major number of P_i after this renumbering. It is known that x_i = y_{σ(i)} for every i, where the permutation σ on {1,2,...,6} is given by (1 2)(3 4 5 6). Find the smallest possible value of N for which such points P_i can exist.",216
2001-I-11::2001_prompt04_s04,"In a rectangular array of points with 6 rows and N columns, the points are numbered consecutively by rows from left to right starting at the top row (row-major). Thus the top row is 1 through N, the second row is N+1 through 2N, and so on. One point P_i is selected in each row i (1 ≤ i ≤ 6); let x_i be the original row-major number of P_i. The array is then renumbered by columns from top to bottom, beginning with the first column (column-major). Let y_i be the column-major number of P_i after this renumbering. It is known that x_i = y_{σ(i)} for every i, where the permutation σ on {1,2,...,6} is given by (1 2)(3 4 5 6). Find the smallest possible value of N for which such points P_i can exist.",216
2001-I-11::2001_prompt04_s05,"In a rectangular array of points with 5 rows and N columns, the points are numbered consecutively by rows from left to right starting at the top row (row-major). Thus the top row is 1 through N, the second row is N+1 through 2N, and so on. One point P_i is selected in each row i (1 ≤ i ≤ 5); let x_i be the original row-major number of P_i. The array is then renumbered by columns from top to bottom, beginning with the first column (column-major). Let y_i be the column-major number of P_i after this renumbering. It is known that x_i = y_{σ(i)} for every i, where the permutation σ on {1,2,...,5} is given by (1 2)(3 4 5). Find the smallest possible value of N for which such points P_i can exist.",149
2001-I-12::2001_prompt01_s01,"In three-dimensional space, consider the tetrahedron with vertices A=(88, 0, 0), B=(0, 64, 0), C=(0, 0, 44), and D=(0, 0, 0). A sphere is inscribed in this tetrahedron and is tangent to all four faces; let its center be I and its radius be r. Let G be the centroid of the tetrahedron. If the squared distance IG^2 equals m/n in lowest terms, find m + n.",5102
2001-I-12::2001_prompt01_s02,"In three-dimensional space, consider the tetrahedron with vertices A=(18, 0, 0), B=(0, 4, 0), C=(0, 0, 6), and D=(0, 0, 0). A sphere is inscribed in this tetrahedron and is tangent to all four faces; let its center be I and its radius be r. Let G be the centroid of the tetrahedron. If the squared distance IG^2 equals m/n in lowest terms, find m + n.",1123
2001-I-12::2001_prompt01_s03,"In three-dimensional space, consider the tetrahedron with vertices A=(30, 0, 0), B=(0, 40, 0), C=(0, 0, 18), and D=(0, 0, 0). A sphere is inscribed in this tetrahedron and is tangent to all four faces; let its center be I and its radius be r. Let G be the centroid of the tetrahedron. If the squared distance IG^2 equals m/n in lowest terms, find m + n.",6475
2001-I-12::2001_prompt01_s04,"In three-dimensional space, consider the tetrahedron with vertices A=(18, 0, 0), B=(0, 27, 0), C=(0, 0, 24), and D=(0, 0, 0). A sphere is inscribed in this tetrahedron and is tangent to all four faces; let its center be I and its radius be r. Let G be the centroid of the tetrahedron. If the squared distance IG^2 equals m/n in lowest terms, find m + n.",58909
2001-I-12::2001_prompt01_s05,"In three-dimensional space, consider the tetrahedron with vertices A=(10, 0, 0), B=(0, 15, 0), C=(0, 0, 45), and D=(0, 0, 0). A sphere is inscribed in this tetrahedron and is tangent to all four faces; let its center be I and its radius be r. Let G be the centroid of the tetrahedron. If the squared distance IG^2 equals m/n in lowest terms, find m + n.",26017
2001-I-13::2001_prompt01_s01,"In a circle, let d be a central angle with 0 < d < 90 degrees. The chord of the 2d-degree arc is 45933 centimeters longer than the chord of the 3d-degree arc. Moreover, the ratio of the chord of the 4d-degree arc to the chord of the 2d-degree arc equals 31/144. When the length of the chord of the 3d-degree arc is written in simplest radical form as c*sqrt(n) + m, where c, m, n are positive integers and n is square-free, compute c + m + n.",98494
2001-I-13::2001_prompt01_s02,"In a circle, let d be a central angle with 0 < d < 90 degrees. The chord of the 2d-degree arc is 4419 centimeters longer than the chord of the 3d-degree arc. Moreover, the ratio of the chord of the 4d-degree arc to the chord of the 2d-degree arc equals 21/81. When the length of the chord of the 3d-degree arc is written in simplest radical form as c*sqrt(n) + m, where c, m, n are positive integers and n is square-free, compute c + m + n.",11505
2001-I-13::2001_prompt01_s03,"In a circle, let d be a central angle with 0 < d < 90 degrees. The chord of the 2d-degree arc is 6380 centimeters longer than the chord of the 3d-degree arc. Moreover, the ratio of the chord of the 4d-degree arc to the chord of the 2d-degree arc equals 13/49. When the length of the chord of the 3d-degree arc is written in simplest radical form as c*sqrt(n) + m, where c, m, n are positive integers and n is square-free, compute c + m + n.",17223
2001-I-13::2001_prompt01_s04,"In a circle, let d be a central angle with 0 < d < 90 degrees. The chord of the 2d-degree arc is 5268 centimeters longer than the chord of the 3d-degree arc. Moreover, the ratio of the chord of the 4d-degree arc to the chord of the 2d-degree arc equals 26/64. When the length of the chord of the 3d-degree arc is written in simplest radical form as c*sqrt(n) + m, where c, m, n are positive integers and n is square-free, compute c + m + n.",26614
2001-I-13::2001_prompt01_s05,"In a circle, let d be a central angle with 0 < d < 90 degrees. The chord of the 2d-degree arc is 27640 centimeters longer than the chord of the 3d-degree arc. Moreover, the ratio of the chord of the 4d-degree arc to the chord of the 2d-degree arc equals 38/144. When the length of the chord of the 3d-degree arc is written in simplest radical form as c*sqrt(n) + m, where c, m, n are positive integers and n is square-free, compute c + m + n.",70942
2001-I-14::2001_prompt01_s01,"On a circular street with 41 labeled houses, the mail carrier plans a delivery pattern for a single day under these rules: (i) no two adjacent houses receive mail on the same day, and (ii) there are never more than 6 consecutive houses in a row that receive no mail on that day. If exactly 10 houses receive mail, how many distinct labeled delivery patterns are possible around the circle?",13913801
2001-I-14::2001_prompt01_s02,"On a circular street with 29 labeled houses, the mail carrier plans a delivery pattern for a single day under these rules: (i) no two adjacent houses receive mail on the same day, and (ii) there are never more than 6 consecutive houses in a row that receive no mail on that day. If exactly 9 houses receive mail, how many distinct labeled delivery patterns are possible around the circle?",206219
2001-I-14::2001_prompt01_s03,"On a circular street with 47 labeled houses, the mail carrier plans a delivery pattern for a single day under these rules: (i) no two adjacent houses receive mail on the same day, and (ii) there are never more than 3 consecutive houses in a row that receive no mail on that day. If exactly 21 houses receive mail, how many distinct labeled delivery patterns are possible around the circle?",108053
2001-I-14::2001_prompt01_s04,"On a circular street with 22 labeled houses, the mail carrier plans a delivery pattern for a single day under these rules: (i) no two adjacent houses receive mail on the same day, and (ii) there are never more than 2 consecutive houses in a row that receive no mail on that day. If exactly 10 houses receive mail, how many distinct labeled delivery patterns are possible around the circle?",99
2001-I-14::2001_prompt01_s05,"On a circular street with 41 labeled houses, the mail carrier plans a delivery pattern for a single day under these rules: (i) no two adjacent houses receive mail on the same day, and (ii) there are never more than 2 consecutive houses in a row that receive no mail on that day. If exactly 19 houses receive mail, how many distinct labeled delivery patterns are possible around the circle?",2091
2001-I-15::2001_prompt01_s01,The numbers 1 through 8 are written uniformly at random on the vertices of the 3-dimensional hypercube Q_3. Two labels are considered consecutive if they differ by 1 modulo 8. Let p/q (in lowest terms) denote the probability that no two consecutive labels are placed on adjacent vertices of the hypercube. Find p + q.,85
2001-I-15::2001_prompt01_s03,The numbers 1 through 8 are written uniformly at random on the vertices of the 3-dimensional hypercube Q_3. Two labels are considered consecutive if they differ by 1 modulo 8. Let p/q (in lowest terms) denote the probability that no two consecutive labels are placed on adjacent vertices of the hypercube. Find p + q.,85
2001-I-15::2001_prompt01_s04,The numbers 1 through 8 are written uniformly at random on the vertices of the 3-dimensional hypercube Q_3. Two labels are considered consecutive if they differ by 1 modulo 8. Let p/q (in lowest terms) denote the probability that no two consecutive labels are placed on adjacent vertices of the hypercube. Find p + q.,85
2001-I-15::2001_prompt04_s01,"On the faces of a regular octahedron, the numbers 1 through 8 are randomly written, one distinct number per face. Two numbers a and b are called 1-consecutive if their circular distance modulo 8 is at most 1 (in particular, 1 and 8 are 1-consecutive). What is the value of m + n, where m/n (in lowest terms) is the probability that no two 1-consecutive numbers are written on faces that share an edge?",85
2001-I-15::2001_prompt04_s02,"On the faces of a regular octahedron, the numbers 1 through 8 are randomly written, one distinct number per face. Two numbers a and b are called 1-consecutive if their circular distance modulo 8 is at most 1 (in particular, 1 and 8 are 1-consecutive). What is the value of m + n, where m/n (in lowest terms) is the probability that no two 1-consecutive numbers are written on faces that share an edge?",85
2001-I-1::2001_prompt02_s04,"In base-10, consider the set S of all 3-digit positive integers whose base-10 digits are all nonzero. Each integer N in S must be divisible by every one of its digits and also by the sum of its digits. Interpret each number’s value in base-10. Find the sum of all integers in S.",13780
2001-I-1::2001_prompt03_s02,"In base 10, consider all 3-digit integers whose digits are drawn (allowing repetition) from the allowed set [2,6,8,9]. A number is valid if it is divisible by each of its digits, divisible by the sum of its digits, and divisible by 3. Determine the sum, in base 10, of all valid numbers.",3063
2001-I-1::2001_prompt03_s03,"In base 11, consider all 3-digit integers whose digits are drawn (allowing repetition) from the allowed set [1,2,3,4,6,7]. A number is valid if it is divisible by each of its digits, divisible by the sum of its digits, and divisible by 3. Determine the sum, in base 10, of all valid numbers.",4266
2001-I-1::2001_prompt03_s04,"In base 9, consider all 3-digit integers whose digits are drawn (allowing repetition) from the allowed set [1,3,4,6,7,8]. A number is valid if it is divisible by each of its digits, divisible by the sum of its digits, and divisible by 3. Determine the sum, in base 10, of all valid numbers.",2556
2001-I-1::2001_prompt03_s05,"In base 11, consider all 4-digit integers whose digits are drawn (allowing repetition) from the allowed set [4,6,9]. A number is valid if it is divisible by each of its digits, divisible by the sum of its digits, and divisible by 4. Determine the sum, in base 10, of all valid numbers.",101016
2001-I-2::2001_prompt01_s01,"Let S be a finite set of distinct real numbers with unknown size and mean. Consider two arithmetic progressions A and B defined as follows: A has 6 terms, first term 1713, and common difference 10; B has 10 terms, first term 1638, and common difference 12. Assume S is disjoint from both A and B. It is given that the mean of S ∪ A equals the mean of S plus 23, the mean of S ∪ B equals the mean of S plus 23, and the mean of S ∪ (A ∪ B) equals the mean of S plus 38. Determine the mean of S.",1600
2001-I-2::2001_prompt01_s02,"Let S be a finite set of distinct real numbers with unknown size and mean. Consider two arithmetic progressions A and B defined as follows: A has 4 terms, first term 4985, and common difference 8; B has 6 terms, first term 3903, and common difference 6. Assume S is disjoint from both A and B. It is given that the mean of S ∪ A equals the mean of S plus 83, the mean of S ∪ B equals the mean of S plus 83, and the mean of S ∪ (A ∪ B) equals the mean of S plus 161. Determine the mean of S.",1677
2001-I-2::2001_prompt01_s03,"Let S be a finite set of distinct real numbers with unknown size and mean. Consider two arithmetic progressions A and B defined as follows: A has 4 terms, first term 821, and common difference 6; B has 8 terms, first term 751, and common difference 10. Assume S is disjoint from both A and B. It is given that the mean of the numbers in S together with the 4 terms of A equals the mean of S plus 11, the mean of the numbers in S together with the 8 terms of B equals the mean of S plus 11, and the mean of the numbers in S together with all 12 terms of A and B (counting the common term 821 twice) equals the mean of S plus 19. Determine the mean of S.",731
2001-I-2::2001_prompt01_s04,"Let S be a finite set of distinct real numbers with unknown size and mean. Consider two arithmetic progressions A and B defined as follows: A has 6 terms, first term 4599, and common difference 4; B has 9 terms, first term 3507, and common difference 10. Assume S is disjoint from both A and B. It is given that the mean of S ∪ A equals the mean of S plus 118, the mean of S ∪ B equals the mean of S plus 118, and the mean of S ∪ (A ∪ B) equals the mean of S plus 226. Determine the mean of S.",1305
2001-I-2::2001_prompt01_s05,"Let S be a finite set of distinct real numbers with unknown size and mean. Consider two arithmetic progressions A and B defined as follows: A has 9 terms, first term 2120, and common difference 10; B has 3 terms, first term 2724, and common difference 6. Assume S is disjoint from both A and B. It is given that the mean of S ∪ A equals the mean of S plus 57, the mean of S ∪ B equals the mean of S plus 57, and the mean of S ∪ (A ∪ B) equals the mean of S plus 102. Determine the mean of S.",1818
2001-I-3::2001_prompt06_s01,"Consider the equation sum_{j=1}^3 c_j * (a_j - x)^29 = 0, where n=29, k=3, c=[9, 2, -11], and a=[0, 11, 2]. Assume n is odd and the cancellation conditions sum c_j = 0 and sum c_j * a_j = 0 hold, while sum c_j * a_j^2 != 0. Find the sum of all roots (real and non-real), counted with multiplicity.",117
2001-I-3::2001_prompt06_s02,"Consider the equation sum_{j=1}^3 c_j * (a_j - x)^53 = 0, where n=53, k=3, c=[2, 6, -8], and a=[0, 8, 6]. Assume n is odd and the cancellation conditions sum c_j = 0 and sum c_j * a_j = 0 hold, while sum c_j * a_j^2 != 0. Find the sum of all roots (real and non-real), counted with multiplicity.",238
2001-I-3::2001_prompt06_s03,"Consider the equation sum_{j=1}^3 c_j * (a_j - x)^41 = 0, where n=41, k=3, c=[2, 6, -8], and a=[0, 8, 6]. Assume n is odd and the cancellation conditions sum c_j = 0 and sum c_j * a_j = 0 hold, while sum c_j * a_j^2 != 0. Find the sum of all roots (real and non-real), counted with multiplicity.",182
2001-I-3::2001_prompt06_s04,"Consider the equation sum_{j=1}^3 c_j * (a_j - x)^35 = 0, where n=35, k=3, c=[-9, 12, -3], and a=[0, 3, 12]. Assume n is odd and the cancellation conditions sum c_j = 0 and sum c_j * a_j = 0 hold, while sum c_j * a_j^2 != 0. Find the sum of all roots (real and non-real), counted with multiplicity.",165
2001-I-3::2001_prompt06_s05,"Consider the equation sum_{j=1}^3 c_j * (a_j - x)^47 = 0, where n=47, k=3, c=[10, 2, -12], and a=[0, 12, 2]. Assume n is odd and the cancellation conditions sum c_j = 0 and sum c_j * a_j = 0 hold, while sum c_j * a_j^2 != 0. Find the sum of all roots (real and non-real), counted with multiplicity.",210
2001-I-4::2001_prompt01_s01,"In triangle ABC, angles at A and B measure 30° and 60°, respectively. The bisector of angle A meets BC at T and meets the circumcircle of triangle ABC again at S. Given that AT = 12√55 and AS = 2√55(3+2√3), the area of triangle ABC can be written in the form a + b√3, where a and b are positive integers. Find a + b + 3.",1653
2001-I-4::2001_prompt01_s02,"In triangle ABC, angle A measures 30 degrees. The bisector of angle A meets BC at T and meets the circumcircle of triangle ABC again at S. Given that AT = 52 and AS = 6 + 30√3, the area of triangle ABC can be written in the form a + b√3, where a and b are positive integers. Find a + b + 3.",471
2001-I-4::2001_prompt01_s03,"In triangle ABC, angles at A and B measure 30 degrees and 60 degrees, respectively. The bisector of angle A meets BC at T and meets the circumcircle of triangle ABC again at S. Given that AT = 12√43 and AS = 2√43(3 + 2√3), the area of triangle ABC can be written in the form a + b√3, where a and b are positive integers. Find a + b.",1290
2001-I-4::2001_prompt01_s04,"In triangle ABC, angles at A and B measure 30 degrees and 30 degrees, respectively. The bisector of angle A meets BC at T and meets the circumcircle of triangle ABC again at S. Given that AT = 14√3 and AS = 28, the area of triangle ABC can be written in the form a + b√3, where a and b are nonnegative integers. Find a + b + 3.",101
2001-I-4::2001_prompt01_s05,"In triangle ABC, angles at A and B measure 30° and 30°, respectively. The bisector of angle A meets BC at T and meets the circumcircle of triangle ABC again at S. Given that AT = 6√6 + 36√2 and AS = 12√2 + 24√6, the area of triangle ABC can be written in the form a + b√3, where a and b are positive integers. Find a + b + 3.",903
2001-I-5::2001_prompt03_s01,"Consider the ellipse x^2/18^2 + y^2/20^2 = 1. An equilateral triangle is inscribed in this ellipse such that one vertex is at (0, 20) and the altitude from that vertex lies along the y-axis. Let s denote the side length of the triangle, and let c denote the y-coordinate of the triangle's center (which coincides with its centroid and circumcenter). If s^2 = m/n and c = u/v in lowest terms with m, n, u, v positive integers, determine m + n + u + v.",126089572
2001-I-5::2001_prompt03_s02,"Consider the ellipse x^2/8^2 + y^2/19^2 = 1. An equilateral triangle is inscribed in this ellipse such that one vertex is at (0, 19) and the altitude from that vertex lies along the y-axis. Let s denote the side length of the triangle, and let c denote the y-coordinate of the triangle's center (which coincides with its centroid and circumcenter). If s^2 = m/n and c = u/v in lowest terms with m, n, u, v positive integers, determine m + n + u + v.",71287493
2001-I-5::2001_prompt03_s03,"Consider the ellipse x^2/12^2 + y^2/15^2 = 1. An equilateral triangle is inscribed in this ellipse such that one vertex is at (0, 15) and the altitude from that vertex lies along the y-axis. Let s denote the side length of the triangle, and let c denote the y-coordinate of the triangle's center (which coincides with its centroid and circumcenter). If s^2 = m/n and c = u/v in lowest terms with m, n, u, v positive integers, determine m + n + u + v.",2770337
2001-I-5::2001_prompt03_s04,"Consider the ellipse x^2/3^2 + y^2/13^2 = 1. An equilateral triangle is inscribed in this ellipse such that one vertex is at (0, 13) and the altitude from that vertex lies along the y-axis. Let s denote the side length of the triangle, and let c denote the y-coordinate of the triangle's center (which coincides with its centroid and circumcenter). If s^2 = m/n and c = u/v in lowest terms with m, n, u, v positive integers, determine m + n + u + v.",44037
2001-I-5::2001_prompt03_s05,"Consider the ellipse x^2/6^2 + y^2/23^2 = 1. An equilateral triangle is inscribed in this ellipse such that one vertex is at (0, 23) and the altitude from that vertex lies along the y-axis. Let s denote the side length of the triangle, and let c denote the y-coordinate of the triangle's center (which coincides with its centroid and circumcenter). If s^2 = m/n and c = u/v in lowest terms with m, n, u, v positive integers, determine m + n + u + v.",33325777
2001-I-6::2001_prompt01_s01,"A sequence of 6 independent rolls is performed. On the i-th roll, a possibly biased die D_i with n_i faces is used; the face counts are listed in [7, 7, 6, 6, 7, 8]. For die D_i, the probability of showing face j (1 ≤ j ≤ n_i) is proportional to j^{a_i}, where the exponents (a_1, a_2, ..., a_6) are given by [0, 2, 2, 0, 0, 2]. Consider the event that the outcomes form a nondecreasing sequence and that there are exactly 3 strict increases among the 6 rolls. Express the probability of this event as a reduced fraction m/n and compute m + n.",22602871
2001-I-6::2001_prompt01_s02,"A sequence of 6 independent rolls is performed. On the i-th roll, a possibly biased die D_i with n_i faces is used; the face counts are listed in [6, 7, 8, 7, 6, 5]. For die D_i, the probability of showing face j (1 ≤ j ≤ n_i) is proportional to j^{a_i}, where the exponents (a_1, a_2, ..., a_6) are given by [1, 1, 2, 1, 0, 1]. Consider the event that the outcomes form a nondecreasing sequence and that there are exactly 3 strict increases among the 6 rolls. Express the probability of this event as a reduced fraction m/n and compute m + n.",302300867
2001-I-6::2001_prompt01_s03,"A sequence of 5 independent rolls is performed. On the i-th roll, a possibly biased die D_i with n_i faces is used; the face counts are listed in [6, 7, 8, 5, 5]. For die D_i, the probability of showing face j (1 ≤ j ≤ n_i) is proportional to j^{a_i}, where the exponents (a_1, a_2, ..., a_5) are given by [3, 0, 2, 3, 3]. Consider the event that the outcomes form a nondecreasing sequence and that there are exactly 4 strict increases among the 5 rolls. Express the probability of this event as a reduced fraction m/n and compute m + n.",7084681
2001-I-6::2001_prompt01_s04,"A sequence of 6 independent rolls is performed. On the i-th roll, a possibly biased die D_i with n_i faces is used; the face counts are listed in [5, 6, 8, 7, 5, 5]. For die D_i, the probability of showing face j (1 ≤ j ≤ n_i) is proportional to j^{a_i}, where the exponents (a_1, a_2, ..., a_6) are given by [1, 1, 2, 1, 3, 0]. Consider the event that the outcomes form a nondecreasing sequence and that there are exactly 1 strict increases among the 6 rolls. Express the probability of this event as a reduced fraction m/n and compute m + n.",202611427
2001-I-6::2001_prompt01_s05,"A sequence of 5 independent rolls is performed. On the i-th roll, a possibly biased die D_i with n_i faces is used; the face counts are listed in [7, 5, 6, 7, 5]. For die D_i, the probability of showing face j (1 ≤ j ≤ n_i) is proportional to j^{a_i}, where the exponents (a_1, a_2, ..., a_5) are given by [3, 3, 0, 1, 1]. Consider the event that the outcomes form a nondecreasing sequence and that there are exactly 1 strict increases among the 5 rolls. Express the probability of this event as a reduced fraction m/n and compute m + n.",222626911
2001-I-7::2001_prompt02_s01,"Triangle ABC has side lengths AB=52, AC=49, and BC=51. Let I be the incenter of triangle ABC, and let I_ext be the A-excenter (the excenter opposite vertex A). Through I draw the line parallel to BC, meeting AB at D and AC at E; through I_ext draw the line parallel to BC, meeting the (possibly extended) lines AB at U and AC at V. Let DE = m/n and UV = p/q be the respective lengths written in lowest terms (with m,n and p,q positive and coprime). Find m + n + p + q.",10504
2001-I-7::2001_prompt02_s02,"Triangle ABC has side lengths AB=50, AC=31, and BC=25. Let I be the incenter of triangle ABC, and let I_ext be the A-excenter (the excenter opposite vertex A). Through I draw the line parallel to BC, meeting AB at D and AC at E; through I_ext draw the line parallel to BC, meeting the (possibly extended) lines AB at U and AC at V. Let DE = m/n and UV = p/q be the respective lengths written in lowest terms (with m,n and p,q positive and coprime). Find m + n + p + q.",4212
2001-I-7::2001_prompt02_s03,"Triangle ABC has side lengths AB=42, AC=20, and BC=46. Let I be the incenter of triangle ABC, and let I_ext be the A-excenter (the excenter opposite vertex A). Through I draw the line parallel to BC, meeting AB at D and AC at E; through I_ext draw the line parallel to BC, meeting the (possibly extended) lines AB at U and AC at V. Let DE = m/n and UV = p/q be the respective lengths written in lowest terms (with m,n and p,q positive and coprime). Find m + n + p + q.",1457
2001-I-7::2001_prompt02_s04,"Triangle ABC has side lengths AB=55, AC=54, and BC=30. Let I be the incenter of triangle ABC, and let I_ext be the A-excenter (the excenter opposite vertex A). Through I draw the line parallel to BC, meeting AB at D and AC at E; through I_ext draw the line parallel to BC, meeting the (possibly extended) lines AB at U and AC at V. Let DE = m/n and UV = p/q be the respective lengths written in lowest terms (with m,n and p,q positive and coprime). Find m + n + p + q.",6758
2001-I-7::2001_prompt02_s05,"Triangle ABC has side lengths AB=21, AC=44, and BC=47. Let I be the incenter of triangle ABC, and let I_ext be the A-excenter (the excenter opposite vertex A). Through I draw the line parallel to BC, meeting AB at D and AC at E; through I_ext draw the line parallel to BC, meeting the (possibly extended) lines AB at U and AC at V. Let DE = m/n and UV = p/q be the respective lengths written in lowest terms (with m,n and p,q positive and coprime). Find m + n + p + q.",6240
2001-I-8::2001_prompt01_s01,"Call a positive integer n a 9-13 2-double if the digit string of the base-9 representation of n, when interpreted as a base-13 number, equals 2 times n. Among all such n, what is the largest? Give your answer as a base-10 integer.",560
2001-I-8::2001_prompt01_s02,"Call a positive integer n a 8-14 3-double if the digit string of the base-8 representation of n, when interpreted as a base-14 number, equals 3 times n. Among all such n, what is the largest? Give your answer as a base-10 integer.",468
2001-I-8::2001_prompt01_s03,"Call a positive integer n a 5-9 3-double if the digit string of the base-5 representation of n, when interpreted as a base-9 number, equals 3 times n. Among all such n, what is the largest? Give your answer as a base-10 integer.",120
2001-I-8::2001_prompt01_s04,"Call a positive integer n a 7-10 2-double if the digit string of the base-7 representation of n, when interpreted as a base-10 number, equals 2 times n. Among all such n, what is the largest? Give your answer as a base-10 integer.",315
2001-I-8::2001_prompt01_s05,"Call a positive integer n a 9-13 2-double if the digit string of the base-9 representation of n, when interpreted as a base-13 number, equals 2 times n. Among all such n, what is the largest? Give your answer as a base-10 integer.",560
