variant_id,question,answer
1_prompt02_s04,"Consider an equilateral triangle whose side is divided into 6 equal segments. Through each division point, draw lines parallel to the other two sides, forming the standard triangular lattice of all intersection points. Define axial isosceles triangles as triples of lattice points {P, Q, R} for which two equal legs share the apex at P and run along two distinct lattice edge-directions (i.e., among the three families of directions parallel to the triangle's sides), and the two equal legs have the same integer step length t with 1 ≤ t ≤ 2. Among the full set of lattice points generated this way, determine the smallest integer n such that, no matter which n points are chosen, there must exist three points forming such an axial isosceles triangle with equal leg step length at most 2. After solving the above problem, please output your final answer in the following format:
### The final answer is: $\boxed{<your answer>}$
Example:
### The final answer is: $\boxed{123}$",15
1_prompt03_s04,"Consider an equilateral triangle whose sides are divided into 13 equal parts. Through each division point, draw lines parallel to the other two sides. Together with the sides of the triangle, these parallels define a triangular lattice of 105 points. An axial isosceles triangle is defined as a triangle whose two equal sides are parallel to two distinct sides of the original equilateral triangle (i.e., the equal legs align with two of the three lattice directions). Determine T(13), the total number of axial isosceles triangles whose vertices lie among these lattice points. After solving the above problem, please output your final answer in the following format:
### The final answer is: $\boxed{<your answer>}$
Example:
### The final answer is: $\boxed{123}$
The final answer should be given as precisely as possible (using LaTeX symbols such as \sqrt, \frac, \pi, etc.). If the final answer involves a decimal approximation, it must be accurate to at least four decimal places.",### The final answer is: $\boxed{1876}$
1_prompt04_s01,"Generalized lattice-triangle selection problem:

Let ABC be an equilateral triangle. Divide each side into 4 equal parts. Through every division point, draw lines parallel to the other two sides. These lines together with the sides of ABC induce a triangular lattice of exactly 15 grid points inside and on ABC.

Call three grid points nondegenerate if they are not collinear. A triangle formed by three grid points is isosceles if at least two of its side lengths (in the Euclidean sense) are equal; equilateral triangles are allowed as a special case.

Determine the smallest integer n such that, no matter which n grid points are chosen among these 15 lattice points, there always exist three chosen points that form a nondegenerate isosceles triangle.

After solving the above problem, please output your final answer in the following format:
### The final answer is: \boxed{<your answer>}
Example:
### The final answer is: \boxed{123}
The final answer should be given as precisely as possible (using LaTeX symbols such as \sqrt, \frac, \pi, etc.). If the final answer involves a decimal approximation, it must be accurate to at least four decimal places.",6
1_prompt04_s03,"Generalized lattice-triangle selection problem:

Let ABC be an equilateral triangle. Divide each side into 5 equal parts. Through every division point, draw lines parallel to the other two sides. These lines together with the sides of ABC induce a triangular lattice of exactly 21 grid points inside and on ABC.

Call three grid points nondegenerate if they are not collinear. A triangle formed by three grid points is isosceles if at least two of its side lengths (in the Euclidean sense) are equal; equilateral triangles are allowed as a special case.

Determine the smallest integer n such that, no matter which n grid points are chosen among these 21 lattice points, there always exist three chosen points that form a nondegenerate isosceles triangle.

After solving the above problem, please output your final answer in the following format:
### The final answer is: \boxed{<your answer>}
Example:
### The final answer is: \boxed{123}
The final answer should be given as precisely as possible (using LaTeX symbols such as \sqrt, \frac, \pi, etc.). If the final answer involves a decimal approximation, it must be accurate to at least four decimal places.",7
1_prompt04_s05,"Generalized lattice-triangle selection problem:

Let ABC be an equilateral triangle. Divide each side into 5 equal parts. Through every division point, draw lines parallel to the other two sides. These lines together with the sides of ABC induce a triangular lattice of exactly 21 grid points inside and on ABC.

Call three grid points nondegenerate if they are not collinear. A triangle formed by three grid points is isosceles if at least two of its side lengths (in the Euclidean sense) are equal; equilateral triangles are allowed as a special case.

Determine the smallest integer n such that, no matter which n grid points are chosen among these 21 lattice points, there always exist three chosen points that form a nondegenerate isosceles triangle.

After solving the above problem, please output your final answer in the following format:
### The final answer is: \boxed{<your answer>}
Example:
### The final answer is: \boxed{123}
The final answer should be given as precisely as possible (using LaTeX symbols such as \sqrt, \frac, \pi, etc.). If the final answer involves a decimal approximation, it must be accurate to at least four decimal places.",7
10_prompt03_s01,"Let x, y, z be positive real numbers such that (x^2 - 1)(y^2 - 1)/(xy) + (x^2 - 1)(z^2 - 1)/(xz) + (z^2 - 1)(y^2 - 1)/(yz) = 4 and xy + xz + yz ≠ 1. Determine the minimum value of the expression E = 9 x^2 + 8100 y^2 z^2 - 16200 yz + 10000/(y + z)^2.",-5400
10_prompt03_s02,"Let x, y, z be positive real numbers such that (x^2 - 1)(y^2 - 1)/(xy) + (x^2 - 1)(z^2 - 1)/(xz) + (z^2 - 1)(y^2 - 1)/(yz) = 4 and xy + xz + yz ≠ 1. Determine the minimum value of the expression E = 9 x^2 + 35721 y^2 z^2 - 71442 yz + 194481/(y + z)^2.",-23814
10_prompt03_s03,"Let x, y, z be positive real numbers such that (x^2 - 1)(y^2 - 1)/(xy) + (x^2 - 1)(z^2 - 1)/(xz) + (z^2 - 1)(y^2 - 1)/(yz) = 4 and xy + xz + yz ≠ 1. Determine the minimum value of the expression E = 25 x^2 + 455625 y^2 z^2 - 911250 yz + 531441/(y + z)^2.",-400950
10_prompt03_s04,"Let x, y, z be positive real numbers such that (x^2 - 1)(y^2 - 1)/(xy) + (x^2 - 1)(z^2 - 1)/(xz) + (z^2 - 1)(y^2 - 1)/(yz) = 4 and xy + xz + yz ≠ 1. Determine the minimum value of the expression E = 9 x^2 + 18225 y^2 z^2 - 36450 yz + 50625/(y + z)^2.",-12150
10_prompt03_s05,"Let x, y, z be positive real numbers such that (x^2 - 1)(y^2 - 1)/(xy) + (x^2 - 1)(z^2 - 1)/(xz) + (z^2 - 1)(y^2 - 1)/(yz) = 4 and xy + xz + yz ≠ 1. Determine the minimum value of the expression E = 9 x^2 + 8100 y^2 z^2 - 16200 yz + 10000/(y + z)^2.",-5400
11_prompt03_s01,"In a math contest, fix the rational exponent r = 9/4 with r > 1. Determine the largest positive integer n for which the following statement is true: For every choice of positive real numbers x_1, x_2, ..., x_n with x_1 + x_2 + ... + x_n = n, one always has sum_{i=1}^n x_i^{-r} >= sum_{i=1}^n x_i^{r}. Report the integer n.",7
11_prompt03_s02,"In a math contest, fix the rational exponent r = 2/1 with r > 1. Determine the largest positive integer n for which the following statement is true: For every choice of positive real numbers x_1, x_2, ..., x_n with x_1 + x_2 + ... + x_n = n, one always has sum_{i=1}^n x_i^{-r} >= sum_{i=1}^n x_i^{r}. Report the integer n.",10
11_prompt03_s03,"In a math contest, fix the rational exponent r = 7/3 with r > 1. Determine the largest positive integer n for which the following statement is true: For every choice of positive real numbers x_1, x_2, ..., x_n with x_1 + x_2 + ... + x_n = n, one always has sum_{i=1}^n x_i^{-r} >= sum_{i=1}^n x_i^{r}. Report the integer n.",7
11_prompt03_s04,"In a math contest, fix the rational exponent r = 5/3 with r > 1. Determine the largest positive integer n for which the following statement is true: For every choice of positive real numbers x_1, x_2, ..., x_n with x_1 + x_2 + ... + x_n = n, one always has sum_{i=1}^n x_i^{-r} >= sum_{i=1}^n x_i^{r}. Report the integer n.",20
11_prompt03_s05,"In a math contest, fix the rational exponent r = 7/4 with r > 1. Determine the largest positive integer n for which the following statement is true: For every choice of positive real numbers x_1, x_2, ..., x_n with x_1 + x_2 + ... + x_n = n, one always has sum_{i=1}^n x_i^{-r} >= sum_{i=1}^n x_i^{r}. Report the integer n.",16
12_prompt01_s01,"In a math contest, there are 180 three-dimensional vectors A_n = (x_n, y_n, z_n) for 1 ≤ n ≤ 180. They satisfy the domain conditions that sqrt(3 + x_n), sqrt(4 + y_n), and sqrt(6 + z_n) are all real numbers for every n, and the following moment constraints:
- ∑_{n=1}^180 x_n^3 = 0 and ∑_{n=1}^180 x_n^2 = 2160.
- ∑_{n=1}^180 z_n^3 = 0 and ∑_{n=1}^180 z_n = 360.
- ∑_{n=1}^180 (y_n + 4)(y_n - 9)^2 = 0 and ∑_{n=1}^180 y_n = 1165.

Let i = 75 and j = 34. Find the maximum possible value of |A_i| / |A_j|.

After solving the above problem, please output your final answer in the following format:
### The final answer is: $\boxed{<your answer>}$
The final answer should be given as precisely as possible (using LaTeX symbols such as \sqrt, \frac, \pi, etc.). If the final answer involves a decimal approximation, it must be accurate to at least four decimal places.",2.12132034356
12_prompt01_s02,"In a math contest, there are 180 three-dimensional vectors A_n = (x_n, y_n, z_n) for 1 ≤ n ≤ 180. They satisfy the domain conditions that sqrt(2 + x_n), sqrt(4 + y_n), and sqrt(2 + z_n) are all real numbers for every n, and the following moment constraints:
- ∑_{n=1}^180 x_n^3 = 0 and ∑_{n=1}^180 x_n^2 = 960.
- ∑_{n=1}^180 z_n^3 = 0 and ∑_{n=1}^180 z_n = 120.
- ∑_{n=1}^180 (y_n + 4)(y_n - 10)^2 = 0 and ∑_{n=1}^180 y_n = 1548.

Let i = 60 and j = 180. Find the maximum possible value of |A_i| / |A_j|.

After solving the above problem, please output your final answer in the following format:
### The final answer is: $\boxed{<your answer>}$
The final answer should be given as precisely as possible (using LaTeX symbols such as \sqrt, \frac, \pi, etc.). If the final answer involves a decimal approximation, it must be accurate to at least four decimal places.",2.39045721867
12_prompt01_s03,"In a math contest, there are 450 three-dimensional vectors A_n = (x_n, y_n, z_n) for 1 ≤ n ≤ 450. They satisfy the domain conditions that sqrt(4 + x_n), sqrt(1 + y_n), and sqrt(6 + z_n) are all real numbers for every n, and the following moment constraints:
- ∑_{n=1}^450 x_n^3 = 0 and ∑_{n=1}^450 x_n^2 = 9600.
- ∑_{n=1}^450 z_n^3 = 0 and ∑_{n=1}^450 z_n = 900.
- ∑_{n=1}^450 (y_n + 1)(y_n - 6)^2 = 0 and ∑_{n=1}^450 y_n = 341.

Let i = 84 and j = 115. Find the maximum possible value of |A_i| / |A_j|.

After solving the above problem, please output your final answer in the following format:
### The final answer is: $\boxed{<your answer>}$
The final answer should be given as precisely as possible (using LaTeX symbols such as \sqrt, \frac, \pi, etc.). If the final answer involves a decimal approximation, it must be accurate to at least four decimal places.",2.28708749959
12_prompt01_s04,"In a math contest, there are 720 three-dimensional vectors A_n = (x_n, y_n, z_n) for 1 ≤ n ≤ 720. They satisfy the domain conditions that sqrt(2 + x_n), sqrt(3 + y_n), and sqrt(2 + z_n) are all real numbers for every n, and the following moment constraints:
- ∑_{n=1}^720 x_n^3 = 0 and ∑_{n=1}^720 x_n^2 = 3840.
- ∑_{n=1}^720 z_n^3 = 0 and ∑_{n=1}^720 z_n = 480.
- ∑_{n=1}^720 (y_n + 3)(y_n - 7)^2 = 0 and ∑_{n=1}^720 y_n = 4070.

Let i = 666 and j = 469. Find the maximum possible value of |A_i| / |A_j|.

After solving the above problem, please output your final answer in the following format:
### The final answer is: $\boxed{<your answer>}$
The final answer should be given as precisely as possible (using LaTeX symbols such as \sqrt, \frac, \pi, etc.). If the final answer involves a decimal approximation, it must be accurate to at least four decimal places.",2.2200386097
12_prompt01_s05,"In a math contest, there are 270 three-dimensional vectors A_n = (x_n, y_n, z_n) for 1 ≤ n ≤ 270. They satisfy the domain conditions that sqrt(1 + x_n), sqrt(4 + y_n), and sqrt(6 + z_n) are all real numbers for every n, and the following moment constraints:
- ∑_{n=1}^270 x_n^3 = 0 and ∑_{n=1}^270 x_n^2 = 360.
- ∑_{n=1}^270 z_n^3 = 0 and ∑_{n=1}^270 z_n = 540.
- ∑_{n=1}^270 (y_n + 4)(y_n - 6)^2 = 0 and ∑_{n=1}^270 y_n = -60.

Let i = 155 and j = 253. Find the maximum possible value of |A_i| / |A_j|.

After solving the above problem, please output your final answer in the following format:
### The final answer is: $\boxed{<your answer>}$
The final answer should be given as precisely as possible (using LaTeX symbols such as \sqrt, \frac, \pi, etc.). If the final answer involves a decimal approximation, it must be accurate to at least four decimal places.",1.70970082853
13_prompt01_s01,"In a math contest, 7 participants each submit a pair \((a_n,b_n)\) with \(a_n\) being a non-negative integer and \(b_n\) a positive real number, for \(n=1,2,\dots,7\). Define \(x_n=a_n b_n\) for each \(n\). Let \(\alpha=7\), \(m_1=1500\), \(m_2=964714\), and \(m_3=1240622632\). Suppose the following equalities hold:

1. \(\Big(\sum_{n=1}^{\alpha} x_n\Big)\Big(\sum_{k=0}^{m_1-1} \frac{1}{(k+m_1+1)(2m_1-k)}\Big)=\sum_{k=1}^{m_1} \frac{1}{k(2k-1)}\).

2. \(\Big(\sum_{n=1}^{\alpha} x_n^2\Big)\Big(\sum_{k=0}^{m_2-1} \frac{1}{(k+m_2+1)(2m_2-k)}\Big)=\sum_{k=1}^{m_2} \frac{1}{k(2k-1)}\).

3. \(\Big(\sum_{k=0}^{m_3-1} \frac{1}{(k+m_3+1)(2m_3-k)}\Big)\Big(2\sum_{n=1}^{\alpha} x_n^3-1\Big)=\sum_{k=1}^{m_3} \frac{1}{k(2k-1)}\).

Find the minimum possible value of \(\sum_{n=1}^{\alpha} x_n^4\).",1196580529207
13_prompt04_s01,"Generalized Moment Locking Problem

Let \(\{a_n\}_{n=1}^{307}\) be a sequence of non-negative integers and \(\{b_n\}_{n=1}^{307}\) be a sequence of positive real numbers. Define \(x_n=a_n b_n\) for \(n=1,2,\dots,307\). Let \(m_1=102\), \(m_2=25809\), and \(m_3=14125274\). Suppose the following three identities hold simultaneously:

1. \[\left(\sum_{n=1}^{307} x_n\right)\left( \sum_{k=0}^{m_1-1} \frac{1}{(k+m_1+1)(2m_1-k)} \right) = \sum_{k=1}^{102} \frac{1}{k(2k-1)}.\]

2. \[\frac{\sum_{k=1}^{25809} \frac{1}{k(2k-1)}}{\sum_{k=0}^{m_2-1} \frac{1}{(k+m_2+1)(2m_2-k)}} = 1 + \sum_{n=1}^{307} x_n^2.\]

3. \[\left( \sum_{k=0}^{m_3-1} \frac{1}{(k+m_3+1)(2m_3-k)} \right)\left( 2\sum_{n=1}^{307} x_n^3 - 1 \right) = \sum_{k=1}^{14125274} \frac{1}{k(2k-1)}.\]

Find the minimum possible value of \(\sum_{n=1}^{307} x_n^4\). Express your answer as an exact integer.",5853450487
13_prompt04_s03,"Generalized Moment Locking Problem

Let \(\{a_n\}_{n=1}^{1258}\) be a sequence of non-negative integers and \(\{b_n\}_{n=1}^{1258}\) be a sequence of positive real numbers. Define \(x_n=a_n b_n\) for \(n=1,2,\dots,1258\). Let \(m_1=419\), \(m_2=275612\), and \(m_3=376537850\). Suppose the following three identities hold simultaneously:

1. \[\left(\sum_{n=1}^{1258} x_n\right)\left( \sum_{k=0}^{m_1-1} \frac{1}{(k+m_1+1)(2m_1-k)} \right) = \sum_{k=1}^{419} \frac{1}{k(2k-1)}.\]

2. \[\frac{\sum_{k=1}^{275612} \frac{1}{k(2k-1)}}{\sum_{k=0}^{m_2-1} \frac{1}{(k+m_2+1)(2m_2-k)}} = 1 + \sum_{n=1}^{1258} x_n^2.\]

3. \[\left( \sum_{k=0}^{m_3-1} \frac{1}{(k+m_3+1)(2m_3-k)} \right)\left( 2\sum_{n=1}^{1258} x_n^3 - 1 \right) = \sum_{k=1}^{376537850} \frac{1}{k(2k-1)}.\]

Find the minimum possible value of \(\sum_{n=1}^{1258} x_n^4\). Express your answer as an exact integer.",398095365904
13_prompt04_s04,"Generalized Moment Locking Problem

Let 649 be a positive integer, and let {a_n} be a sequence of non-negative integers while {b_n} is a sequence of positive real numbers. Define x_n = a_n b_n for n = 1, 2, ..., 649. Suppose the following three identities hold simultaneously:

1. (\sum_{n=1}^649 x_n)\left( \sum_{k=0}^{m1-1} \frac{1}{(k+m1+1)(2m1-k)} \right) = \sum_{k=1}^216 \frac{1}{k(2k-1)}.

2. \frac{\sum_{k=1}^112425 \frac{1}{k(2k-1)}}{\sum_{k=0}^{m2-1} \frac{1}{(k+m2+1)(2m2-k)}} = 1 + \sum_{n=1}^649 x_n^2.

3. \left( \sum_{k=0}^{m3-1} \frac{1}{(k+m3+1)(2m3-k)} \right)\left( 2\sum_{n=1}^649 x_n^3 - 1 \right) = \sum_{k=1}^127771658 \frac{1}{k(2k-1)}.

Find the minimum possible value of \sum_{n=1}^649 x_n^4 over all such sequences (a_n) and (b_n) satisfying the above constraints. Express your final answer in simplest exact form.

After solving the above problem, please output your final answer in the following format:
### The final answer is: \boxed{<your answer>}
Example:
### The final answer is: \boxed{123}",110232638887
13_prompt15_s03,"In a math contest, 457 students are working with two sequences \(\{a_n\}\) of non-negative integers and \(\{b_n\}\) of positive real numbers, for \(n=1,2,\ldots,457\). Let \(\alpha=457\), and define \(x_n=a_n b_n\). Assume that the following three conditions hold:
1. \[\left(\sum_{n=1}^{\alpha} x_n\right)\left( \sum_{k=0}^{152-1} \frac{1}{(k+152+1)(2\cdot 152-k)} \right)=\sum_{k=1}^{152} \frac{1}{k(2k-1)}.\]
2. \[\frac{\sum_{k=1}^{152} \frac{1}{k(2k-1)}}{\sum_{k=0}^{152-1} \frac{1}{(k+152+1)(2\cdot 152-k)}}=\sum_{n=1}^{\alpha} x_n^2.\]
3. \[\left( \sum_{k=0}^{2\cdot 152-1} \frac{1}{(k+2\cdot 152+1)(4\cdot 152-k)} \right)\Bigl[2\left(\sum_{n=1}^{\alpha} x_n^3\right)-1\Bigr]=\sum_{k=1}^{2\cdot 152} \frac{1}{k(2k-1)}.\]
Find the minimum possible value of \(\sum_{n=1}^{\alpha} x_n^4\).",457
14_prompt01_s01,"In a math contest, 88 students study a parametric system that generalizes a classic AIME-style floor-system problem. Throughout, [t] denotes the greatest integer less than or equal to t. For each positive integer n, define the sums S1(n) = sum_{k=1}^n 1/(k(2k-1)) and S2(n) = sum_{k=0}^{n-1} 1/((k+n+1)(2n-k)). Consider the system in real variables x, y with x, y >= 0:

1) ([y + 0] * x^2 + 2*n + 1) * S2(n) = S1(n).
2) Let T = ([x + 1] * y^2). Then (T - (n + 1)) * (T - (2n + 1)) * ((T + n + 1)^2 + 1) = 0.

For each n, let a_n be the number of distinct real solutions (x, y) to this system with x, y >= 0. Let P be the set of all prime numbers at most 88. Determine whether there exist primes p > k > q in P such that a_p < a_k < a_q. If such primes exist, find the minimum possible value of p + k + q over all such triples; if no such triple exists for primes in P, answer 0.",43
14_prompt01_s02,"In a math contest, 92 students study a parametric system that generalizes a classic AIME-style floor-system problem. Throughout, [t] denotes the greatest integer less than or equal to t. For each positive integer n, define the sums S1(n) = sum_{k=1}^n 1/(k(2k-1)) and S2(n) = sum_{k=0}^{n-1} 1/((k+n+1)(2n-k)). Consider the system in real variables x, y with x, y >= 0:

1) ([y + 0] * x^2 + 2*n + 1) * S2(n) = S1(n).
2) Let T = ([x + 1] * y^2). Then (T - (n + 1)) * (T - (2n + 2)) * ((T + n + 1)^2 + 1) = 0.

For each n, let a_n be the number of distinct real solutions (x, y) to this system with x, y >= 0. Let P be the set of all prime numbers at most 92. Determine whether there exist primes p > k > q in P such that a_p < a_k < a_q. If such primes exist, find the minimum possible value of p + k + q over all such triples; if no such triple exists for primes in P, answer 0.",43
14_prompt01_s03,"In a math contest, 96 students study a parametric system that generalizes a classic AIME-style floor-system problem. Throughout, [t] denotes the greatest integer less than or equal to t. For each positive integer n, define the sums S1(n) = sum_{k=1}^n 1/(k(2k-1)) and S2(n) = sum_{k=0}^{n-1} 1/((k+n+1)(2n-k)). Consider the system in real variables x, y with x, y >= 0:

1) ([y + 0] * x^2 + 2*n + 1) * S2(n) = S1(n).
2) Let T = ([x + 1] * y^2). Then (T - (n + 1)) * (T - (2n + 1)) * ((T + n + 1)^2 + 1) = 0.

For each n, let a_n be the number of distinct real solutions (x, y) to this system with x, y >= 0. Let P be the set of all prime numbers at most 96. Determine whether there exist primes p > k > q in P such that a_p < a_k < a_q. If such primes exist, find the minimum possible value of p + k + q over all such triples; if no such triple exists for primes in P, answer 0.",43
14_prompt01_s04,"In a math contest, 68 students study a parametric system that generalizes a classic AIME-style floor-system problem. Throughout, [t] denotes the greatest integer less than or equal to t. For each positive integer n, define the sums S1(n) = sum_{k=1}^n 1/(k(2k-1)) and S2(n) = sum_{k=0}^{n-1} 1/((k+n+1)(2n-k)). Consider the system in real variables x, y with x, y >= 0:

1) ([y + 0] * x^2 + 2*n + 1) * S2(n) = S1(n).
2) Let T = ([x + 1] * y^2). Then (T - (n + 1)) * (T - (2n + 2)) * ((T + n + 1)^2 + 1) = 0.

For each n, let a_n be the number of distinct real solutions (x, y) to this system with x, y >= 0. Let P be the set of all prime numbers at most 68. Determine whether there exist primes p > k > q in P such that a_p < a_k < a_q. If such primes exist, find the minimum possible value of p + k + q over all such triples; if no such triple exists for primes in P, answer 0.",43
14_prompt01_s05,"In a math contest, 95 students study a parametric system that generalizes a classic AIME-style floor-system problem. Throughout, [t] denotes the greatest integer less than or equal to t. For each positive integer n, define the sums S1(n) = sum_{k=1}^n 1/(k(2k-1)) and S2(n) = sum_{k=0}^{n-1} 1/((k+n+1)(2n-k)). Consider the system in real variables x, y with x, y >= 0:

1) ([y + 0] * x^2 + 2*n + 1) * S2(n) = S1(n).
2) Let T = ([x + 1] * y^2). Then (T - (n + 0)) * (T - (2n + 1)) * ((T + n + 1)^2 + 1) = 0.

For each n, let a_n be the number of distinct real solutions (x, y) to this system with x, y >= 0. Let P be the set of all prime numbers at most 95. Determine whether there exist primes p > k > q in P such that a_p < a_k < a_q. If such primes exist, find the minimum possible value of p + k + q over all such triples; if no such triple exists for primes in P, answer 0.",149
15_prompt02_s03,"Let x, y, z be real numbers satisfying the spherical constraint (x - 8)^2 + (y - 5)^2 + (z - 8)^2 = 8^2. It is guaranteed that for all such (x, y, z), the denominator remains positive: 2 x + -4 y + 5 z + 21.665631 > 0. Determine the minimum value of the ratio (-2 x + -6 y + -6 z + -5) / sqrt(2 x + -4 y + 5 z + 21.665631).",-45.5464536425
15_prompt02_s04,"Let x, y, z be real numbers satisfying the spherical constraint (x - 7)^2 + (y - 8)^2 + (z - 8)^2 = 3^2. It is guaranteed that for all such (x, y, z), the denominator remains positive: -1 x + 4 y + -4 z + 26.233688 > 0. Determine the minimum value of the ratio (7 x + 3 y + 4 z + 0) / sqrt(-1 x + 4 y + -4 z + 26.233688).",14.8212744454
15_prompt02_s05,"Let x, y, z be real numbers satisfying the spherical constraint (x - 7)^2 + (y - 7)^2 + (z - 5)^2 = 8^2. It is guaranteed that for all such (x, y, z), the denominator remains positive: -4 x + -3 y + 2 z + 84.081318 > 0. Determine the minimum value of the ratio (-7 x + -3 y + 3 z + -4) / sqrt(-4 x + -3 y + 2 z + 84.081318).",-86.9415725533
15_prompt03_s04,"Let x and y be real numbers with x>0 and y>0 satisfying the ellipse constraint
\[
\begin{pmatrix}x-9.0 & y-9.0\end{pmatrix}
\begin{pmatrix}3.4585 & -0.4983\\ -0.4983 & 3.5415\end{pmatrix}
\begin{pmatrix}x-9.0\\ y-9.0\end{pmatrix}=2.0^2,
\]
that is,
\[
3.4585(x-9.0)^2+2(-0.4983)(x-9.0)(y-9.0)+3.5415(y-9.0)^2=4.
\]
(The matrix above is symmetric positive definite.) Consider
\[
Q(x,y)=\frac{8.0+4.0x+4.0y}{\sqrt{19.0+6.0x+1.0y}}.
\]
It is guaranteed that the denominator is positive on the ellipse. Determine the minimum value of Q(x,y) over all such points on the ellipse.",8.37307334405
15_prompt07_s01,"Let a, b, c, d be real numbers and define X = 5·a^2 + 5 + 2·c^2 and Y = 5·b^2 + 6 + 3·d^2. Suppose they satisfy the exact equality ((X − 23)^2)/3 + ((Y − 32)^2)/9 = 9. Determine the minimum possible value of F = (4(X + Y))/sqrt(4(X + Y) + 9). Justify that your value is indeed the global minimum under the given constraint.",13.0331477456
16_prompt01_s01,"Let 30 real numbers d_1, d_2, ..., d_30 lie in the closed interval [1, 3]. They satisfy the constraint sum over i=1 to 30 of (2*d_i^3 + -14*d_i^2 + 33*d_i + -12) equals 276. Determine the maximum possible value of S = d_1 + d_2 + ... + d_30. Your final numeric answer should be exact.",32
16_prompt01_s02,"Let 27 real numbers d_1, d_2, ..., d_27 lie in the closed interval [4, 5]. They satisfy the constraint sum over i=1 to 27 of (3*d_i^3 + -42*d_i^2 + 203*d_i + -310) equals 602. Determine the maximum possible value of S = d_1 + d_2 + ... + d_27. Your final numeric answer should be exact.",109
16_prompt01_s03,"Let 28 real numbers d_1, d_2, ..., d_28 lie in the closed interval [3, 4]. They satisfy the constraint sum over i=1 to 28 of (3*d_i^3 + -33*d_i^2 + 123*d_i + -131) equals 691. Determine the maximum possible value of S = d_1 + d_2 + ... + d_28. Your final numeric answer should be exact.",109
16_prompt01_s04,"Let 37 real numbers d_1, d_2, ..., d_37 lie in the closed interval [2, 6]. They satisfy the constraint sum over i=1 to 37 of (4*d_i^3 + -56*d_i^2 + 243*d_i + -291) equals 399. Determine the maximum possible value of S = d_1 + d_2 + ... + d_37. Your final numeric answer should be exact.",170
16_prompt01_s05,"Let 44 real numbers d_1, d_2, ..., d_44 lie in the closed interval [3, 8]. They satisfy the constraint sum over i=1 to 44 of (1*d_i^3 + -19*d_i^2 + 121*d_i + -189) equals 1860. Determine the maximum possible value of S = d_1 + d_2 + ... + d_44. Your final numeric answer should be exact.",192
17_prompt06_s01,"Let n = 1673. Let x_1, x_2, ..., x_1673 be a permutation of the integers 1, 2, ..., 1673. For the fixed integers c = 0 and d = 7 (with d >= 0 and c >= 0), consider the sum S = sum from i = 1 to n - 1 of (x_i + c) / (x_{i+1} + d). Among all permutations, determine the greatest integer less than the minimum possible value of S. After solving, please output your final answer in the format: '### The final answer is: \boxed{<your answer>}'",1629
17_prompt06_s02,"Let n = 1572. Let x_1, x_2, ..., x_1572 be a permutation of the integers 1, 2, ..., 1572. For the fixed integers c = 18 and d = 14 (with d >= 0 and c >= 0), consider the sum S = sum from i = 1 to n - 1 of (x_i + c) / (x_{i+1} + d). Among all permutations, determine the greatest integer less than the minimum possible value of S. After solving, please output your final answer in the format: '### The final answer is: \boxed{<your answer>}'",1584
17_prompt06_s03,"Let n = 1544. Let x_1, x_2, ..., x_1544 be a permutation of the integers 1, 2, ..., 1544. For the fixed integers c = 1 and d = 3 (with d >= 0 and c >= 0), consider the sum S = sum from i = 1 to n - 1 of (x_i + c) / (x_{i+1} + d). Among all permutations, determine the greatest integer less than the minimum possible value of S. After solving, please output your final answer in the format: '### The final answer is: \boxed{<your answer>}'",1525
17_prompt06_s04,"Let n = 309. Let x_1, x_2, ..., x_309 be a permutation of the integers 1, 2, ..., 309. For the fixed integers c = 6 and d = 9 (with d >= 0 and c >= 0), consider the sum S = sum from i = 1 to n - 1 of (x_i + c) / (x_{i+1} + d). Among all permutations, determine the greatest integer less than the minimum possible value of S. After solving, please output your final answer in the format: '### The final answer is: \boxed{<your answer>}'",294
17_prompt06_s05,"Let n = 204. Let x_1, x_2, ..., x_204 be a permutation of the integers 1, 2, ..., 204. For the fixed integers c = 1 and d = 5 (with d >= 0 and c >= 0), consider the sum S = sum from i = 1 to n - 1 of (x_i + c) / (x_{i+1} + d). Among all permutations, determine the greatest integer less than the minimum possible value of S. After solving, please output your final answer in the format: '### The final answer is: \boxed{<your answer>}'",185
18_prompt07_s01,"Let vectors v_1, v_2, ..., v_198 in R^5 satisfy sum_{k=1}^198 v_k = 0 and sum_{k=1}^198 ||v_k||^2 = 90. Determine the minimum possible value of max_{1 <= i < j <= n} ||v_i - v_j||. You may assume n is a multiple of (p+1).

After solving the above problem, please output your final answer in the following format:
### The final answer is: \boxed{<your answer>}",1.04446593573
18_prompt07_s02,"Let vectors v_1, v_2, ..., v_222 in R^5 satisfy sum_{k=1}^222 v_k = 0 and sum_{k=1}^222 ||v_k||^2 = 8. Determine the minimum possible value of max_{1 <= i < j <= n} ||v_i - v_j||. You may assume n is a multiple of (p+1).

After solving the above problem, please output your final answer in the following format:
### The final answer is: \boxed{<your answer>}",0.294085848838
18_prompt07_s03,"Let vectors v_1, v_2, ..., v_68 in R^3 satisfy sum_{k=1}^68 v_k = 0 and sum_{k=1}^68 ||v_k||^2 = 177. Determine the minimum possible value of max_{1 <= i < j <= n} ||v_i - v_j||. You may assume n is a multiple of (p+1).

After solving the above problem, please output your final answer in the following format:
### The final answer is: \boxed{<your answer>}",2.63461125607
18_prompt07_s04,"Let vectors v_1, v_2, ..., v_90 in R^4 satisfy sum_{k=1}^90 v_k = 0 and sum_{k=1}^90 ||v_k||^2 = 164. Determine the minimum possible value of max_{1 <= i < j <= n} ||v_i - v_j||. You may assume n is a multiple of (p+1).

After solving the above problem, please output your final answer in the following format:
### The final answer is: \boxed{<your answer>}",2.13437474581
18_prompt07_s05,"Let vectors \(v_1, v_2, \ldots, v_{24}\in \mathbb{R}^5\) satisfy \(\sum_{k=1}^{24} v_k = 0\) and \(\sum_{k=1}^{24} \|v_k\|^2 = 33\). Determine the minimum possible value of \(\max_{1 \le i < j \le 24} \|v_i - v_j\|\). Give your answer as a decimal rounded to 11 decimal places.",1.81659021246
19_prompt01_s01,"Let n = 26 and let a_1 < a_2 < \cdots < a_26 be positive integers satisfying a_1 \ge 1 and a_{i+1} - a_i \ge 1 for all 1 \le i < n. Suppose the total sum is
\[\sum_{i=1}^26 a_i = 899.\]
For 1 \le k \le n define
\[b_k = \min\!\Big(\sum_{i=1}^{k} a_i,\; \sum_{i=k+1}^26 a_i\Big),\]
and set b_n = 0. Let
\[S = \max(b_1, b_2, \ldots, b_n).\]
Determine the minimum possible value of S over all sequences (a_i) obeying the above constraints. Give your answer as a single exact integer.",300
19_prompt01_s02,"Let n = 37 and let a_1 < a_2 < \cdots < a_37 be positive integers satisfying a_1 \ge 6 and a_{i+1} - a_i \ge 1 for all 1 \le i < n. Suppose the total sum is
\[\sum_{i=1}^37 a_i = 2414.\]
For 1 \le k \le n define
\[b_k = \min\!\Big(\sum_{i=1}^{k} a_i,\; \sum_{i=k+1}^37 a_i\Big),\]
and set b_n = 0. Let
\[S = \max(b_1, b_2, \ldots, b_n).\]
Determine the minimum possible value of S over all sequences (a_i) obeying the above constraints. Give your answer as a single exact integer.",805
19_prompt01_s03,"Let n = 10 and let a_1 < a_2 < \cdots < a_10 be positive integers satisfying a_1 \ge 2 and a_{i+1} - a_i \ge 2 for all 1 \le i < n. Suppose the total sum is
\[\sum_{i=1}^10 a_i = 214.\]
For 1 \le k \le n define
\[b_k = \min\!\Big(\sum_{i=1}^{k} a_i,\; \sum_{i=k+1}^10 a_i\Big),\]
and set b_n = 0. Let
\[S = \max(b_1, b_2, \ldots, b_n).\]
Determine the minimum possible value of S over all sequences (a_i) obeying the above constraints. Give your answer as a single exact integer.",72
19_prompt01_s04,"Let n = 43 and let a_1 < a_2 < \cdots < a_43 be positive integers satisfying a_1 \ge 4 and a_{i+1} - a_i \ge 1 for all 1 \le i < n. Suppose the total sum is
\[\sum_{i=1}^43 a_i = 2951.\]
For 1 \le k \le n define
\[b_k = \min\!\Big(\sum_{i=1}^{k} a_i,\; \sum_{i=k+1}^43 a_i\Big),\]
and set b_n = 0. Let
\[S = \max(b_1, b_2, \ldots, b_n).\]
Determine the minimum possible value of S over all sequences (a_i) obeying the above constraints. Give your answer as a single exact integer.",984
19_prompt01_s05,"Let n = 21 and let a_1 < a_2 < \cdots < a_21 be positive integers satisfying a_1 \ge 6 and a_{i+1} - a_i \ge 2 for all 1 \le i < n. Suppose the total sum is
\[\sum_{i=1}^21 a_i = 1366.\]
For 1 \le k \le n define
\[b_k = \min\!\Big(\sum_{i=1}^{k} a_i,\; \sum_{i=k+1}^21 a_i\Big),\]
and set b_n = 0. Let
\[S = \max(b_1, b_2, \ldots, b_n).\]
Determine the minimum possible value of S over all sequences (a_i) obeying the above constraints. Give your answer as a single exact integer.",456
2_prompt01_s01,"For the given integer 11 >= 5, define S(k) as follows. Consider all ordered quadruples (p, a, q, b) where p and q are distinct odd primes and a, b are positive integers, such that p^{a} + q^{b} is a perfect power and equals 2^11. For each such quadruple, form the product a*b. Let S(k) be the sum of these products over all valid ordered quadruples. Compute S(k).",98
2_prompt01_s03,"For the given integer 9 >= 5, define S(k) as follows. Consider all ordered quadruples (p, a, q, b) where p and q are distinct odd primes and a, b are positive integers, such that p^{a} + q^{b} is a perfect power and equals 2^9. For each such quadruple, form the product a*b. Let S(k) be the sum of these products over all valid ordered quadruples. Compute S(k).",72
2_prompt01_s05,"For the given integer 10 >= 5, define S(k) as follows. Consider all ordered quadruples (p, a, q, b) where p and q are distinct odd primes and a, b are positive integers, such that p^{a} + q^{b} is a perfect power and equals 2^10. For each such quadruple, form the product a*b. Let S(k) be the sum of these products over all valid ordered quadruples. Compute S(k).",50
2_prompt03_s01,"Let p be the prime 13 and let u = 612, v = 1 be coprime positive integers with 13 not dividing u or v. For nonnegative integers a, b and integers k >= 2, define E(a, b) = u * 13^a + v * 13^b. Determine the number of ordered triples (a, b, k) with 0 <= a <= 10, 0 <= b <= 13, and 2 <= k <= 4 such that E(a, b) is a perfect k-th power. Output this count as a single integer.",15
2_prompt03_s02,"Let p be the prime 3 and let u = 13, v = 1 be coprime positive integers with 3 not dividing u or v. For nonnegative integers a, b and integers k >= 2, define E(a, b) = u * 3^a + v * 3^b. Determine the number of ordered triples (a, b, k) with 0 <= a <= 11, 0 <= b <= 17, and 2 <= k <= 5 such that E(a, b) is a perfect k-th power. Output this count as a single integer.",18
20_prompt05_s01,"A school organizes students into 4 disjoint classes. Knowing is mutual and only occurs between students in different classes (there may be acquaintances and non-acquaintances between any two students in different classes). The following uniform intersection property holds:
- For any two students u and v chosen from two distinct classes, and for any third class, there are exactly 162 students in that third class who know both u and v, and exactly 72 students in that third class who know neither u nor v.
- Additionally, there is a regularity condition: every student knows exactly the same number d of students in each other class (d is the same for all students and for all target classes), but d is not given.
Determine the total number of students across all classes.",1800
20_prompt05_s02,"A school organizes students into 3 disjoint classes. Knowing is mutual and only occurs between students in different classes (there may be acquaintances and non-acquaintances between any two students in different classes). The following uniform intersection property holds:
- For any two students u and v chosen from two distinct classes, and for any third class, there are exactly 306 students in that third class who know both u and v, and exactly 34 students in that third class who know neither u nor v.
- Additionally, there is a regularity condition: every student knows exactly the same number d of students in each other class (d is the same for all students and for all target classes), but d is not given.
Determine the total number of students across all classes.",1632
20_prompt05_s03,"A school organizes students into 5 disjoint classes. Knowing is mutual and only occurs between students in different classes (there may be acquaintances and non-acquaintances between any two students in different classes). The following uniform intersection property holds:
- For any two students u and v chosen from two distinct classes, and for any third class, there are exactly 24 students in that third class who know both u and v, and exactly 384 students in that third class who know neither u nor v.
- Additionally, there is a regularity condition: every student knows exactly the same number d of students in each other class (d is the same for all students and for all target classes), but d is not given.
Determine the total number of students across all classes.",3000
20_prompt05_s04,"A school organizes students into 6 disjoint classes. Knowing is mutual and only occurs between students in different classes (there may be acquaintances and non-acquaintances between any two students in different classes). The following uniform intersection property holds:
- For any two students u and v chosen from two distinct classes, and for any third class, there are exactly 90 students in that third class who know both u and v, and exactly 10 students in that third class who know neither u nor v.
- Additionally, there is a regularity condition: every student knows exactly the same number d of students in each other class (d is the same for all students and for all target classes), but d is not given.
Determine the total number of students across all classes.",960
20_prompt05_s05,"A school organizes students into 7 disjoint classes. Knowing is mutual and only occurs between students in different classes (there may be acquaintances and non-acquaintances between any two students in different classes). The following uniform intersection property holds:
- For any two students u and v chosen from two distinct classes, and for any third class, there are exactly 32 students in that third class who know both u and v, and exactly 98 students in that third class who know neither u nor v.
- Additionally, there is a regularity condition: every student knows exactly the same number d of students in each other class (d is the same for all students and for all target classes), but d is not given.
Determine the total number of students across all classes.",1694
21_prompt01_s01,"In a math contest, positive integers x, y, z satisfy the system:
1) x^2 - 3 y^4 = z,
2) 3 z^4 + \dfrac{\displaystyle\sum_{k=1z+1}^{(1+1)z} \frac{2}{k}}{\displaystyle\sum_{k=0}^{z-1} \frac{1}{\left(k+1z+1\right)\left((1+1)z-k\right)}} = \dfrac{\displaystyle\sum_{i=1\cdot300129581589202302+1}^{(1+1)\cdot300129581589202302} \frac{2}{i}}{\displaystyle\sum_{i=0}^{300129581589202302-1} \frac{1}{\left(i+1\cdot300129581589202302+1\right)\left((1+1)\cdot300129581589202302-i\right)}}.
Find the maximum possible value of x + y + z.
After solving the above problem, please output your final answer in the following format:
### The final answer is: $\boxed{<your answer>}$",23570
21_prompt02_s01,"Let x, y, z be integers satisfying all of the following.
1) x^2 - 17 y^4 = z.
2) For fixed integers p ≥ 2 and r ≥ 1, define for each positive integer n the two finite sums
   S_{p,r}(n) = \sum_{k=0}^{n-1} \left( \frac{1}{k+n+ r} + \frac{1}{p n - k} \right),
   T_{p,r}(n) = \sum_{k=0}^{n-1} \frac{1}{(k+n+ r)(p n - k)}.
   These sums are well-defined for all positive integers n.
   With p = 2, r = 1, and K = 2, suppose
   (2+1)\,2\, z^4 + \frac{S_{2,1}(z)}{T_{2,1}(z)} = \frac{S_{2,1}(11219783456421)}{T_{2,1}(11219783456421)}.
3) Similarly, with p = 3, r = 2, and K = 3, suppose
   (3+1)\,3\, x^4 + \frac{S_{3,2}(x)}{T_{3,2}(x)} = \frac{S_{3,2}(25509222)}{T_{3,2}(25509222)}.
Find the maximum possible value of x + y + z.",1596
21_prompt02_s02,"Let x, y, z be integers satisfying all of the following.
1) x^2 - 3 y^4 = z.
2) For fixed integers p ≥ 2 and r ≥ 1, define for each positive integer n the two finite sums
   S_{p,r}(n) = \sum_{k=0}^{n-1} \left( \frac{1}{k+n+ r} + \frac{1}{p n - k} \right),
   T_{p,r}(n) = \sum_{k=0}^{n-1} \frac{1}{(k+n+ r)(p n - k)}.
   These sums are well-defined for all positive integers n.
   With p = 3, r = 2, and K = 2, suppose
   (3+1)\,2\, z^4 + \frac{S_{3,2}(z)}{T_{3,2}(z)} = \frac{S_{3,2}(2458914798015)}{T_{3,2}(2458914798015)}.
3) Similarly, with p = 2, r = 1, and K = 1, suppose
   (2+1)\,1\, x^4 + \frac{S_{2,1}(x)}{T_{2,1}(x)} = \frac{S_{2,1}(1679652)}{T_{2,1}(1679652)}.
Find the maximum possible value of x + y + z.",1092
21_prompt02_s03,"Let x, y, z be integers satisfying all of the following.
1) x^2 - 19 y^4 = z.
2) For fixed integers p ≥ 2 and r ≥ 1, define for each positive integer n the two finite sums
   S_{p,r}(n) = \sum_{k=0}^{n-1} \left( \frac{1}{k+n+ r} + \frac{1}{p n - k} \right),
   T_{p,r}(n) = \sum_{k=0}^{n-1} \frac{1}{(k+n+ r)(p n - k)}.
   These sums are well-defined for all positive integers n.
   With p = 2, r = 2, and K = 2, suppose
   (2+1)\,2\, z^4 + \frac{S_{2,2}(z)}{T_{2,2}(z)} = \frac{S_{2,2}(7190610370659)}{T_{2,2}(7190610370659)}.
3) Similarly, with p = 4, r = 2, and K = 2, suppose
   (4+1)\,2\, x^4 + \frac{S_{4,2}(x)}{T_{4,2}(x)} = \frac{S_{4,2}(17006166)}{T_{4,2}(17006166)}.
Find the maximum possible value of x + y + z.",1434
21_prompt02_s04,"Let x, y, z be integers satisfying all of the following.
1) x^2 - 26 y^4 = z.
2) For fixed integers p ≥ 2 and r ≥ 1, define for each positive integer n the two finite sums
   S_{p,r}(n) = \sum_{k=0}^{n-1} \left( \frac{1}{k+n+ r} + \frac{1}{p n - k} \right),
   T_{p,r}(n) = \sum_{k=0}^{n-1} \frac{1}{(k+n+ r)(p n - k)}.
   These sums are well-defined for all positive integers n.
   With p = 4, r = 2, and K = 1, suppose
   (4+1)\,1\, z^4 + \frac{S_{4,2}(z)}{T_{4,2}(z)} = \frac{S_{4,2}(18339660144)}{T_{4,2}(18339660144)}.
3) Similarly, with p = 3, r = 3, and K = 1, suppose
   (3+1)\,1\, x^4 + \frac{S_{3,3}(x)}{T_{3,3}(x)} = \frac{S_{3,3}(614684)}{T_{3,3}(614684)}.
Find the maximum possible value of x + y + z.",398
22_prompt05_s01,"Let nonnegative reals \(x_1, x_2\) and a nonnegative real \(c\) satisfy \(x_1+x_2+c>\sqrt{13}\) and \(x_1+x_2>0\). Determine the minimum value, correct to 10 decimal places, of

\[
\frac{\left(\prod_{i=1}^{2}(10+x_i^2)\right)\left(49+6(3c)^2+4(3c)\sqrt{3+3(3c)^2}\right)}{\left(7\sqrt{3}(3c)+14\sqrt{1+(3c)^2}\right)(x_1+x_2)}.
\]",90.4176920326
22_prompt05_s02,"Let nonnegative reals \(x_1,x_2,x_3\) and a nonnegative real \(c\) satisfy \(x_1+x_2+x_3>0\) and \(x_1+x_2+x_3+c>\sqrt{13}\). Determine the minimum value of

\[
\frac{\left(\prod_{i=1}^3 (8+x_i^2)\right)\left(49+6(6c)^2+4(6c)\sqrt{3+3(6c)^2}\right)}{\left(7\sqrt{3}(6c)+14\sqrt{1+(6c)^2}\right)(x_1+x_2+x_3)}.
\]",\(\displaystyle \frac{119808\sqrt{10}}{875}\approx 432.989899325\)
22_prompt05_s03,"Let nonnegative reals \(x_1,x_2,\dots,x_4,c\) satisfy \(x_1+x_2+\cdots+x_4>0\) and \(x_1+x_2+\cdots+x_4+c>\sqrt{13}\). Determine the minimum value of

\[
\frac{\left(\prod_{i=1}^4 (10+x_i^2)\right)\left(49+6(7c)^2+4(7c)\sqrt{3+3(7c)^2}\right)}{\left(7\sqrt{3}(7c)+14\sqrt{1+(7c)^2}\right)\left(x_1+x_2+\cdots+x_4\right)}.
\]",\(\frac{13312000\sqrt{70}}{16807}\approx 6626.7735308\)
22_prompt05_s05,"Let nonnegative reals x_1, x_2, ..., x_5 and a nonnegative real c satisfy x_1 + x_2 + ... + x_5 > 0 and x_1 + x_2 + ... + x_5 + c > \sqrt{13}. Determine the minimum value of

  [ (\prod_{i=1}^5 (5 + x_i^2)) * (49 + 6(7c)^2 + 4(7c)\sqrt{3 + 3(7c)^2}) ]
  / [ (7\sqrt{3}(7c) + 14\sqrt{1 + (7c)^2}) * (x_1 + x_2 + ... + x_5) ].","\(\displaystyle \frac{162500000\sqrt5}{137781} \approx 2637.23623971\), attained at \(x_1=\cdots=x_5=\frac{\sqrt5}{3}\) and \(c=\frac{\sqrt3}{7}\)."
22_prompt06_s04,"Let x, y, c be nonnegative real numbers with x + y > 0 satisfying x + y + c = 9.674040087505999. Define lambda = 2/5. Find the minimum value of the expression
E = ((64 + x^2)(64 + y^2)(sqrt(1 + c^2) - lambda*c)) / (x + y).
Give your final answer rounded to 9 decimal places.",722.466491341
23_prompt03_s01,"Let p=1901 be a prime with p ≡ 5 (mod 8). Define sequences (r_n) and (s_n) by r_0=1, s_0=0 and r_{n+1}=2 r_n + 3 s_n, s_{n+1}=r_n + 2 s_n, so that r_n + s_n\sqrt{3} = (2+\sqrt{3})^n. For the upper bound B=1297, consider all integer triples (x, y, n) with n odd and 1 ≤ n ≤ B that satisfy the Diophantine constraint x^3 + 1 = 2 p y^2 together with congruences r_n ≡ 2 (mod 8) and s_n ≡ -1 (mod p). Let V be the maximum possible value of x + y + n over all such triples. Determine V exactly (you may express it as an integer).",1266
23_prompt03_s02,"Let p=557 be a prime with p ≡ 5 (mod 8). Define sequences (r_n) and (s_n) by r_0=1, s_0=0 and r_{n+1}=2 r_n + 3 s_n, s_{n+1}=r_n + 2 s_n, so that r_n + s_n\sqrt{3} = (2+\sqrt{3})^n. For the upper bound B=1123, consider all integer triples (x, y, n) with n odd and 1 ≤ n ≤ B that satisfy the Diophantine constraint x^3 + 1 = 2 p y^2 together with congruences r_n ≡ 2 (mod 8) and s_n ≡ -1 (mod p). Let V be the maximum possible value of x + y + n over all such triples. Determine V exactly (you may express it as an integer).",1114
23_prompt03_s03,"Let p=277 be a prime with p ≡ 5 (mod 8). Define sequences (r_n) and (s_n) by r_0=1, s_0=0 and r_{n+1}=2 r_n + 3 s_n, s_{n+1}=r_n + 2 s_n, so that r_n + s_n\sqrt{3} = (2+\sqrt{3})^n. For the upper bound B=2747, consider all integer triples (x, y, n) with n odd and 1 ≤ n ≤ B that satisfy the Diophantine constraint x^3 + 1 = 2 p y^2 together with congruences r_n ≡ 2 (mod 8) and s_n ≡ -1 (mod p). Let V be the maximum possible value of x + y + n over all such triples. Determine V exactly (you may express it as an integer).",2714
23_prompt03_s04,"Let p=101 be a prime with p ≡ 5 (mod 8). Define sequences (r_n) and (s_n) by r_0=1, s_0=0 and r_{n+1}=2 r_n + 3 s_n, s_{n+1}=r_n + 2 s_n, so that r_n + s_n\sqrt{3} = (2+\sqrt{3})^n. For the upper bound B=2565, consider all integer triples (x, y, n) with n odd and 1 ≤ n ≤ B that satisfy the Diophantine constraint x^3 + 1 = 2 p y^2 together with congruences r_n ≡ 2 (mod 8) and s_n ≡ -1 (mod p). Let V be the maximum possible value of x + y + n over all such triples. Determine V exactly (you may express it as an integer).",2548
23_prompt03_s05,"Let p=1301 be a prime with p ≡ 5 (mod 8). Define sequences (r_n) and (s_n) by r_0=1, s_0=0 and r_{n+1}=2 r_n + 3 s_n, s_{n+1}=r_n + 2 s_n, so that r_n + s_n\sqrt{3} = (2+\sqrt{3})^n. For the upper bound B=2612, consider all integer triples (x, y, n) with n odd and 1 ≤ n ≤ B that satisfy the Diophantine constraint x^3 + 1 = 2 p y^2 together with congruences r_n ≡ 2 (mod 8) and s_n ≡ -1 (mod p). Let V be the maximum possible value of x + y + n over all such triples. Determine V exactly (you may express it as an integer).",2602
24_prompt02_s01,"Real numbers a_1, a_2, ..., a_7 satisfy the two constraints: (i) sum_{k=1}^7 |a_k| = 270, and (ii) sum_{k=1}^7 k|a_k| = 450. Determine the minimum possible value of sum_{k=1}^7 a_k^2.",28350
24_prompt02_s02,"Real numbers a_1, a_2, ..., a_22 satisfy the two constraints: (i) \(\sum_{k=1}^{22} |a_k| = 72\), and (ii) \(\sum_{k=1}^{22} k|a_k| = 120\). Determine the minimum possible value of \(\sum_{k=1}^{22} a_k^2\).",2016
24_prompt02_s03,"Real numbers a_1, a_2, ..., a_22 satisfy the two constraints: (i) sum_{k=1}^{22} |a_k| = 180; and (ii) sum_{k=1}^{22} k|a_k| = 360. Determine the minimum possible value of sum_{k=1}^{22} a_k^2.",9720
24_prompt02_s04,"Let 8 and 5 be integers with 8 >= 5 >= 2. Real numbers a_1, a_2, ..., a_8 satisfy the two constraints: (i) the sum of absolute values equals 600.0, that is, sum_{k=1}^n |a_k| = 600.0; and (ii) the weighted sum of absolute values equals 1400.0, that is, sum_{k=1}^n k*|a_k| = 1400.0. Determine the minimum possible value of sum_{k=1}^n a_k^2.",88000
24_prompt02_s05,"Let n=16. Real numbers a_1, a_2, ..., a_16 satisfy the two constraints: (i) sum_{k=1}^{16} |a_k| = 126, and (ii) sum_{k=1}^{16} k|a_k| = 336. Determine the minimum possible value of sum_{k=1}^{16} a_k^2.",3276
25_prompt01_s01,"In a math contest, there are 3 distinct shift values given by the list [13, 33, 27]. For positive integers a and b with gcd(a,b)=1 and a>1, define N_i = a/b + (a + k_i)/(b + k_i) for each k_i in the list. Among all such choices of a and b that make every N_i an integer simultaneously, determine the minimal possible value of the sum N_1 + N_2 + N_3. Provide the exact integer.",1499
25_prompt01_s02,"In a math contest, there are 4 distinct shift values given by the list [38, 5, 26, 39]. For positive integers a and b with gcd(a,b)=1 and a>1, define N_i = a/b + (a + k_i)/(b + k_i) for each k_i in the list. Among all such choices of a and b that make every N_i an integer simultaneously, determine the minimal possible value of the sum N_1 + N_2 + N_3 + N_4. Provide the exact integer.",59739
25_prompt01_s03,"In a math contest, there are 4 distinct shift values given by the list [15, 21, 35, 10]. For positive integers a and b with gcd(a,b)=1 and a>1, define N_i = a/b + (a + k_i)/(b + k_i) for each k_i in the list. Among all such choices of a and b that make every N_i an integer simultaneously, determine the minimal possible value of the sum N_1 + N_2 + N_3 + N_4. Provide the exact integer.",6703
25_prompt03_s01,"In a number theory round, fix integers k=5 and m=4 with m \ge 3. For positive integers a and b, define the Engel-type sum
S(a,b) = \sum_{i=0}^{m-1} \frac{a + i k}{b + i k}.
Let N be the number of ordered pairs (a,b) with 1 \le a \le 96 and 1 \le b \le 77 for which S(a,b) is an integer.
Compute N.
After solving the above problem, please summarize your final answer using the following format:
### The final answer is: <N>
The final answer should be given as precisely as possible.",84
25_prompt03_s02,"In a number theory round, fix integers k=2 and m=3 with m \ge 3. For positive integers a and b, define the Engel-type sum
S(a,b) = \sum_{i=0}^{m-1} \frac{a + i k}{b + i k}.
Let N be the number of ordered pairs (a,b) with 1 \le a \le 68 and 1 \le b \le 66 for which S(a,b) is an integer.
Compute N.
After solving the above problem, please summarize your final answer using the following format:
### The final answer is: <N>
The final answer should be given as precisely as possible.",77
26_prompt02_s01,"In a number theory contest, fix integers m=17, n=17, k=15 (each at least 2) and an upper bound U=25. Consider the ordered triples (r, s, t) of positive integers with r, s, t ≤ U that satisfy the exponential Diophantine equation 2^(m r) + 2^(n s) = 2^(k t). It is guaranteed that gcd((m n)/gcd(m, n), k) = 1 for the given parameters. Determine the exact number of such triples (r, s, t).",2
26_prompt02_s02,"In a number theory contest, fix integers m=7, n=14, k=9 (each at least 2) and an upper bound U=21. Consider the ordered triples (r, s, t) of positive integers with r, s, t ≤ U that satisfy the exponential Diophantine equation 2^(m r) + 2^(n s) = 2^(k t). It is guaranteed that gcd((m n)/gcd(m, n), k) = 1 for the given parameters. Determine the exact number of such triples (r, s, t).",1
26_prompt02_s03,"In a number theory contest, fix integers m=14, n=14, k=11 (each at least 2) and an upper bound U=35. Consider the ordered triples (r, s, t) of positive integers with r, s, t ≤ U that satisfy the exponential Diophantine equation 2^(m r) + 2^(n s) = 2^(k t). It is guaranteed that gcd((m n)/gcd(m, n), k) = 1 for the given parameters. Determine the exact number of such triples (r, s, t).",2
26_prompt02_s04,"In a number theory contest, fix integers m=2, n=13, k=7 (each at least 2) and an upper bound U=55. Consider the ordered triples (r, s, t) of positive integers with r, s, t ≤ U that satisfy the exponential Diophantine equation 2^(m r) + 2^(n s) = 2^(k t). It is guaranteed that gcd((m n)/gcd(m, n), k) = 1 for the given parameters. Determine the exact number of such triples (r, s, t).",1
26_prompt02_s05,"In a number theory contest, fix integers m=12, n=2, k=7 (each at least 2) and an upper bound U=50. Consider the ordered triples (r, s, t) of positive integers with r, s, t ≤ U that satisfy the exponential Diophantine equation 2^(m r) + 2^(n s) = 2^(k t). It is guaranteed that gcd((m n)/gcd(m, n), k) = 1 for the given parameters. Determine the exact number of such triples (r, s, t).",1
27_prompt01_s02,"Consider all integer triples (x, y, z) with x ≤ y ≤ z and |x|, |y|, |z| ≤ 20 that satisfy the Diophantine surface
x^2 + y^2 + z^2 + 3(xy + yz + zx) + 7(x + y + z) + 1 = 0,
and in addition meet the congruence filter x + 2y + 3z ≡ 3 (mod 4). How many such triples are there?",7
27_prompt01_s03,"Consider all integer triples (x, y, z) with x ≤ y ≤ z and |x|, |y|, |z| ≤ 13 that satisfy the Diophantine surface
x^2 + y^2 + z^2 + 3(xy + yz + zx) + 0(x + y + z) + 1 = 0,
and in addition meet the congruence filter x + 2y + 3z ≡ 1 (mod 2). How many such triples are there?",28
27_prompt01_s04,"Consider all integer triples (x, y, z) with x ≤ y ≤ z and |x|, |y|, |z| ≤ 23 that satisfy the Diophantine surface
x^2 + y^2 + z^2 + 3(xy + yz + zx) + 10(x + y + z) + 1 = 0,
and in addition meet the congruence filter x + 2y + 3z ≡ 0 (mod 3). How many such triples are there?",6
27_prompt01_s05,"Consider all integer triples (x, y, z) with x ≤ y ≤ z and |x|, |y|, |z| ≤ 24 that satisfy the Diophantine surface
x^2 + y^2 + z^2 + 3(xy + yz + zx) + -9(x + y + z) + 1 = 0,
and in addition meet the congruence filter x + 2y + 3z ≡ 3 (mod 4). How many such triples are there?",7
27_prompt02_s01,"Determine the number of ordered integer triples (x, y, z) satisfying the quadratic Diophantine equation
x^2 + y^2 + z^2 + 1(xy + yz + zx) + -8(x + y + z) + 22 = 0.
Your response must conclude with the line:
### The final answer is: <number>
where <number> is the exact count of such triples.",6
28_prompt07_s01,"For k ≥ 2, define f_{>h}(k) to be the product of the distinct prime factors of k that are strictly greater than 24 (by convention f_{>h}(1)=1, though 1 is not used here). Consider polynomials P(x) with rational coefficients such that all coefficients of 152881·P(x) are integers. Suppose 31 ≤ P(44) ≤ 53, and there are infinitely many positive integers n for which P(n) = f_{>h}(n). Determine the number of polynomials P(x) that satisfy these conditions.",7
28_prompt07_s02,"For k ≥ 2, define f_{>h}(k) to be the product of the distinct prime factors of k that are strictly greater than 16 (by convention f_{>h}(1)=1, though 1 is not used here). Consider polynomials P(x) with rational coefficients such that all coefficients of 169000·P(x) are integers. Suppose 23 ≤ P(11500) ≤ 43, and there are infinitely many positive integers n for which P(n) = f_{>h}(n). Determine the number of polynomials P(x) that satisfy these conditions.",9
28_prompt07_s03,"For k ≥ 2, define f_{>h}(k) to be the product of the distinct prime factors of k that are strictly greater than 28 (by convention f_{>h}(1)=1, though 1 is not used here). Consider polynomials P(x) with rational coefficients such that all coefficients of 182182·P(x) are integers. Suppose 46 ≤ P(30184) ≤ 63, and there are infinitely many positive integers n for which P(n) = f_{>h}(n). Determine the number of polynomials P(x) that satisfy these conditions.",6
28_prompt07_s04,"For k ≥ 2, define f_{>h}(k) to be the product of the distinct prime factors of k that are strictly greater than 29 (by convention f_{>h}(1)=1, though 1 is not used here). Consider polynomials P(x) with rational coefficients such that all coefficients of 4118114·P(x) are integers. Suppose 32 ≤ P(799799) ≤ 51, and there are infinitely many positive integers n for which P(n) = f_{>h}(n). Determine the number of polynomials P(x) that satisfy these conditions.",9
28_prompt07_s05,"For k ≥ 2, define f_{>h}(k) to be the product of the distinct prime factors of k that are strictly greater than 25 (by convention f_{>h}(1)=1, though 1 is not used here). Consider polynomials P(x) with rational coefficients such that all coefficients of 30576700·P(x) are integers. Suppose 27 ≤ P(2267650) ≤ 50, and there are infinitely many positive integers n for which P(n) = f_{>h}(n). Determine the number of polynomials P(x) that satisfy these conditions.",15
29_prompt02_s05,"In a math contest, 251 students explore a geometry–algebra hybrid. Let 251 be a prime greater than 100 with 251 \equiv 3 \pmod{8}. For complex numbers z_n (1 \le n \le 251), both the real and imaginary parts are nonzero. For each n, let d_n be the perpendicular distance from the point (n, |z_n|) to the line y = \tfrac{13}{8}x + 225, where \gcd(13,8)=1. A student then selects one index n at random with probability proportional to n; that is,
P[n]=\dfrac{n}{\sum_{m=1}^{251} m}.
Let p be the probability that the modulus |z_n| is a positive integer.

Suppose the following identity holds:
\[
\left(251-\sum_{i=1}^{251} i^{d_i}\right)^2+
\left(251-\sum_{i=1}^{251} i^{2d_i}\right)^2+
\left(251-\sum_{i=1}^{251} i^{3d_i}\right)^2=0.
\]

Among all choices of the complex numbers \{z_n\} consistent with the conditions, determine the maximum value of p, expressed in simplest form.",63/502
29_prompt10_s03,"Let 1373 be a prime greater than 100 with gcd(247, 11) = 1. For complex numbers z_n (1 ≤ n ≤ 1373), both the real and imaginary parts are nonzero. For each n, let d_n be the Euclidean distance from the point (n, |z_n|) to the line y = (247/11) x + 2719. Choose one complex number at random from {z_n}_{n=1}^1373; let p be the probability that its modulus is a positive integer. Suppose the following equality of power-sum constraints holds:

( 3004457/2184 - \sum_{i=1}^1373 i^{d_i} )^2 + ( 6584085145/4769856 - \sum_{i=1}^1373 i^{2 d_i} )^2 + ( 14466495343301/10417365504 - \sum_{i=1}^1373 i^{3 d_i} )^2 + ( 31935849794621137/22751526260736 - \sum_{i=1}^1373 i^{4 d_i} )^2 = 0.

Find the maximum possible value of p.

After solving the above problem, please output your final answer in the following format:
### The final answer is: $\boxed{<your answer>}$",### The final answer is: $\boxed{125/1373}$
29_prompt10_s04,"Let 1163 be a prime greater than 100 with gcd(157, 8) = 1. For complex numbers z_n (1 \le n \le 1163), both the real and imaginary parts are nonzero. For each n, let d_n be the Euclidean distance from the point (n, |z_n|) to the line y = (157/8)x + 1606. Choose one complex number at random from \{z_n\}_{n=1}^{1163}; let p be the probability that its modulus is a positive integer. Suppose the following equality holds:

(1163 - \sum_{i=1}^{1163} i^{d_i})^2 + (1163 - \sum_{i=1}^{1163} i^{2 d_i})^2 + (1163 - \sum_{i=1}^{1163} i^{3 d_i})^2 + (1163 - \sum_{i=1}^{1163} i^{4 d_i})^2 = 0.

Find the maximum possible value of p.

After solving the above problem, please output your final answer in the following format:
### The final answer is: $\\boxed{<your answer>}$",### The final answer is: $\boxed{146/1163}$
29_prompt12_s01,"In a math contest, let 397 be a prime greater than 363 with 397 ≡ 1 (mod 9). For complex numbers z_n (1 ≤ n ≤ 397), both the real and imaginary parts are nonzero. For each n, let d_n be the Euclidean distance from the point (n, |z_n|) to the line y = (37/9)x + 2404. Choose one z_n uniformly at random; let p denote the probability that its modulus |z_n| is a positive integer. Suppose that the following identity holds: (-157212 + ∑_{j=1}^{397} (2j − 1) − ∑_{i=1}^{397} i^{d_i})^2 + (-62727985 + ∑_{j=1}^{397} (3j^2 − j) − ∑_{i=1}^{397} i^{2d_i})^2 + (-24966053645 + ∑_{j=1}^{397} (4j^3 + 2j) − ∑_{i=1}^{397} i^{3d_i})^2 + (-9923859931130 + ∑_{j=1}^{397} (5j^4 − 3j^2 + 1) − ∑_{i=1}^{397} i^{4d_i})^2 = 0. Find the maximum possible value of p.",45/397
29_prompt16_s02,"Generalized problem family (harder variant of AIME-style extremal setup):

Let 547 be a prime greater than 285 with 547 \equiv 7 \pmod{9}. For complex numbers z_n (1 \le n \le 547), both the real and imaginary parts are nonzero. For each n, define d_n to be the Euclidean distance from the point (n, |z_n|) to the line

\[
y = \frac{1}{9}x + 2067.
\]

Choose one complex number at random from \{z_n\}_{n=1}^{547}; let p be the probability that its modulus is a positive integer. Suppose the following identity holds:

\[
\Big(2\cdot 547 - \sum_{i=1}^{547}(i^{d_i}+1)\Big)^2
+ \Big(4 + \sum_{k=2}^{547}(2k + 2) - \sum_{i=1}^{547}(i^{2d_i}+2i+1)\Big)^2
+ \Big(7 + \sum_{j=2}^{547}(3j^3 + 3j + 1) - \sum_{i=1}^{547}(i^{3d_i}+3i^3+3i)\Big)^2 = 0.
\]

Find the maximum value of p.

After solving the above problem, please output your final answer in the following format:
### The final answer is: \boxed{<your answer>}
Example:
### The final answer is: \boxed{\tfrac{21}{103}}
The final answer should be given as precisely as possible (using LaTeX symbols such as \sqrt, \frac, \pi, etc.). If the final answer involves a decimal approximation, it must be accurate to at least four decimal places.",### The final answer is: \boxed{\tfrac{61}{547}}
3_prompt03_s05,"In a math contest, there are 27 benchmarks to test a student's mastery of inequalities with ordered sequences. For each positive integer n in the set {1,2,...,27}, consider all nondecreasing sequences of positive reals a_1 \le a_2 \le \cdots \le a_n satisfying the balancing condition \sum_{k=1}^n a_k = \sum_{k=1}^n \frac{1}{a_k}. Fix the rational parameter \theta = \frac{1}{2}. Determine the complete set of all such n for which the inequality \prod_{k=1}^n a_k^{\,k + \theta} \ge 1 holds for every admissible sequence. After solving, please output the set (completely enumerating all elements) as your final answer in the format:\n### The final answer is: $\\boxed{\\{\\text{list all valid } n\\}}$","### The final answer is: $\boxed{\{1, 2\}}$"
3_prompt09_s05,"Let 0.786 be a fixed real in (0,1.5] and 1.035 be a fixed nonnegative real. Consider all nondecreasing sequences of positive reals {a_1 \le a_2 \le \cdots \le a_n} satisfying \(\sum_{k=1}^n a_k^{\rho} = \sum_{k=1}^n a_k^{-1}\). Determine all positive integers n for which, for every such sequence, the inequality \(\prod_{k=1}^n a_k^{\,k+\alpha} \ge 1\) must hold. After solving, please output the full set of such n in the exact format:
### The final answer is: $\boxed{\{n_1, n_2, \dots\}}$
(Use explicit enumeration with commas; do not use set-builder notation.)","### The final answer is: \boxed{\{1, 2, 3\}}"
3_prompt18_s05,"In a math contest, you are asked to analyze a weighted symmetry condition depending on two fixed integers 4 and 1. For each positive integer n, consider all nondecreasing sequences of positive reals a_1 \leq a_2 \leq \cdots \leq a_n that satisfy the weighted equality \(\sum_{k=1}^n k^{\,1}\,a_k = \sum_{k=1}^n \frac{k^{\,1}}{a_k}\). Determine all positive integers n for which, for every such sequence, the inequality \(\prod_{k=1}^n a_k^{\,k^{\,4}} \geq 1\) holds. After you determine the full set of all such n, output it in the required format: 
### The final answer is: $\boxed{\{n_1, n_2, \dots, n_t\}}$","### The final answer is: $\boxed{\{1, 2, 3, 4, 5, 6, 7\}}$"
30_prompt02_s01,"Let 89 and 149 be distinct primes, and let residues 86, 108, and 7920 be given integers. Consider positive integers p and q satisfying the congruences: p ≡ 86 (mod 89), q ≡ 108 (mod 149), and p ≡ 7920 (mod q^2). Let {a_n}, {b_n}, {c_n} be periodic sequences of rational numbers (of some period) such that for all n: [4 b_n + 1 - 3 sin(π a_n)]^2 + [4 c_n - 1 + 3 sin(π a_n)]^2 = 0, and |∑_{i=1}^{p} b_i^3| + |∑_{i=1}^{q} c_i^3| + |p − 3 ∑_{i=1}^{p} b_i| + |q − 3 ∑_{i=1}^{q} c_i^2| = 0. Among all such p, q and sequences, determine the minimum possible value of S = p + q + 2 a_p^2 + b_q^2 + c_q^2 + (a_p + a_{q−1})^2 + (b_p + c_q)^2.",626221
30_prompt02_s02,"Let 29 and 37 be distinct primes, and let residues 21, 35, and 1584 be given integers. Consider positive integers p and q satisfying the congruences p ≡ 21 (mod 29), q ≡ 35 (mod 37), and p ≡ 1584 (mod q^2). Let {a_n}, {b_n}, {c_n} be periodic sequences of rational numbers (of some period) such that for all n,
[4 b_n + 1 - 3 sin(π a_n)]^2 + [4 c_n - 1 + 3 sin(π a_n)]^2 = 0,
and
|∑_{i=1}^{p} b_i^3| + |∑_{i=1}^{q} c_i^3| + |p − 3 ∑_{i=1}^{p} b_i| + |q − 3 ∑_{i=1}^{q} c_i^2| = 0.
Among all such p, q and sequences, determine the minimum possible value of ⌈S⌉, where
S = p + q + 2 a_p^2 + b_q^2 + c_{p+q}^2 + (a_p + a_{q−1})^2 + (b_p + c_q)^2.",63865
30_prompt02_s03,"Let 79 and 17 be distinct primes, and let residues 17, 7, and 4347 be given integers. Consider positive integers p and q satisfying the congruences: p ≡ 17 (mod 79), q ≡ 7 (mod 17), and p ≡ 4347 (mod q^2). Let {a_n}, {b_n}, {c_n} be periodic sequences of rational numbers (of some period) such that for all n: [4 b_n + 1 - 3 sin(π a_n)]^2 + [4 c_n - 1 + 3 sin(π a_n)]^2 = 0, and |∑_{i=1}^{p} b_i^3| + |∑_{i=1}^{q} c_i^3| + |p − 3 ∑_{i=1}^{p} b_i| + |q − 3 ∑_{i=1}^{q} c_i^2| = 0. Among all such p, q and sequences, determine the minimum possible value of S = p + q + 2 a_p^2 + b_q^2 + c_{p+q}^2 + (a_p + a_{q−1})^2 + (b_p + c_q)^2.",1179298
30_prompt02_s04,"Let 17 and 43 be distinct primes, and let residues 8, 36, and 981 be given integers. Consider positive integers p and q satisfying the congruences: p ≡ 8 (mod 17), q ≡ 36 (mod 43), and p ≡ 981 (mod q^2). Let {a_n}, {b_n}, {c_n} be periodic sequences of rational numbers (of some period) such that for all n: [4 b_n + 1 - 3 sin(π a_n)]^2 + [4 c_n - 1 + 3 sin(π a_n)]^2 = 0, and |∑_{i=1}^{p} b_i^3| + |∑_{i=1}^{q} c_i^3| + |p − 3 ∑_{i=1}^{p} b_i| + |q − 3 ∑_{i=1}^{q} c_i^2| = 0. Among all such p, q and sequences, determine the minimum possible value of S = p + q + 2 a_p^2 + b_q^2 + c_{p+q}^2 + (a_p + a_{q−1})^2 + (b_p + c_q)^2.",21754
30_prompt02_s05,"Let 199 and 67 be distinct primes, and let residues 56, 37, and 3420 be given integers. Consider positive integers p and q satisfying the congruences: p ≡ 56 (mod 199), q ≡ 37 (mod 67), and p ≡ 3420 (mod q^2). Let {a_n}, {b_n}, {c_n} be periodic sequences of rational numbers (of some period) such that for all n: [4 b_n + 1 - 3 sin(π a_n)]^2 + [4 c_n - 1 + 3 sin(π a_n)]^2 = 0, and |∑_{i=1}^{p} b_i^3| + |∑_{i=1}^{q} c_i^3| + |p − 3 ∑_{i=1}^{p} b_i| + |q − 3 ∑_{i=1}^{q} c_i^2| = 0. Among all such p, q and sequences, determine the minimum possible value of ⌈S⌉, where S = p + q + 2 a_p^2 + b_q^2 + c_{p+q}^2 + (a_p + a_{q−1})^2 + (b_p + c_q)^2.",442207
31_prompt01_s01,"In a math contest, 1527 distinct points (a_i,b_i) with 1 ≤ i ≤ 1527 lie on the curve 3x^2 + 3y^2 = 40 + 4xy + 2(x+y)|x-y|. Let d_i be the distance from (a_i,b_i) to the line x + y = 14. For this configuration, it is known that all distances satisfy d_i ∈ [7.0710678118654755, 12.727922061357857].

Define the mapping G(m) = -4 + 0.5596080854789307 + 3·((m - 7.0710678118654755)/(12.727922061357857 - 7.0710678118654755)) + \sqrt{2}·1.1841010013380535·t(1 - t)(t - 1/2), where t = ((m - 7.0710678118654755)/(12.727922061357857 - 7.0710678118654755)). For each i, set r_i = ⌊G(d_i)⌋ (greatest integer ≤ G(d_i)).

It is given that \sum_{i=1}^1527 r_i = -5626 and \sum_{i=1}^1527 r_i^2 = 21548.

Find the maximum possible value of \sum_{i=1}^1527 r_i^4.

After solving the above problem, please output your final answer in the following format:
### The final answer is: $\boxed{<your answer>}$
Example:
### The final answer is: $\boxed{123}$
The final answer should be given as precisely as possible (using LaTeX symbols such as \sqrt, \frac, \pi, etc.). If the final answer involves a decimal approximation, it must be accurate to at least four decimal places.",333332
31_prompt01_s02,"In a math contest, 2876 distinct points (a_i,b_i) with 1 ≤ i ≤ 2876 lie on the curve 3x^2 + 3y^2 = 35 + 4xy + 2(x+y)|x-y|. Let d_i be the distance from (a_i,b_i) to the line x + y = 12. For this configuration, it is known that all distances satisfy d_i ∈ [5.656854249492381, 11.313708498984761].

Define the mapping G(m) = -4 + 0.2249722429085536 + 3·((m - 5.656854249492381)/(11.313708498984761 - 5.656854249492381)) + \sqrt{2}·1.7424878318363046·t(1 - t)(t - 1/2), where t = ((m - 5.656854249492381)/(11.313708498984761 - 5.656854249492381)). For each i, set r_i = ⌊G(d_i)⌋ (greatest integer ≤ G(d_i)).

It is given that \sum_{i=1}^2876 r_i = -8239 and \sum_{i=1}^2876 r_i^2 = 24295.

Find the maximum possible value of \sum_{i=1}^2876 r_i^4.

After solving the above problem, please output your final answer in the following format:
### The final answer is: $\boxed{<your answer>}$
Example:
### The final answer is: $\boxed{123}$
The final answer should be given as precisely as possible (using LaTeX symbols such as \sqrt, \frac, \pi, etc.). If the final answer involves a decimal approximation, it must be accurate to at least four decimal places.",227251
31_prompt01_s03,"In a math contest, 1620 distinct points (a_i,b_i) with 1 ≤ i ≤ 1620 lie on the curve 3x^2 + 3y^2 = 16 + 4xy + 2(x+y)|x-y|. Let d_i be the distance from (a_i,b_i) to the line x + y = 12. For this configuration, it is known that all distances satisfy d_i ∈ [4.242640687119286, 12.727922061357857].

Define the mapping G(m) = -4 + 0.22185829149758307 + 3·((m - 4.242640687119286)/(12.727922061357857 - 4.242640687119286)) + \sqrt{2}·0.7027552944409745·t(1 - t)(t - 1/2), where t = ((m - 4.242640687119286)/(12.727922061357857 - 4.242640687119286)). For each i, set r_i = ⌊G(d_i)⌋ (greatest integer ≤ G(d_i)).

It is given that \sum_{i=1}^1620 r_i = -3726 and \sum_{i=1}^1620 r_i^2 = 10176.

Find the maximum possible value of \sum_{i=1}^1620 r_i^4.

After solving the above problem, please output your final answer in the following format:
### The final answer is: $\boxed{<your answer>}$
Example:
### The final answer is: $\boxed{123}$
The final answer should be given as precisely as possible (using LaTeX symbols such as \sqrt, \frac, \pi, etc.). If the final answer involves a decimal approximation, it must be accurate to at least four decimal places.",111540
31_prompt01_s04,"In a math contest, 2978 distinct points (a_i,b_i) with 1 ≤ i ≤ 2978 lie on the curve 3x^2 + 3y^2 = 27 + 4xy + 2(x+y)|x-y|. Let d_i be the distance from (a_i,b_i) to the line x + y = 12. For this configuration, it is known that all distances satisfy d_i ∈ [4.242640687119286, 12.727922061357857].

Define the mapping G(m) = -4 + 0.3233707520678461 + 3·((m - 4.242640687119286)/(12.727922061357857 - 4.242640687119286)) + \sqrt{2}·1.192851468641389·t(1 - t)(t - 1/2), where t = ((m - 4.242640687119286)/(12.727922061357857 - 4.242640687119286)). For each i, set r_i = ⌊G(d_i)⌋ (greatest integer ≤ G(d_i)).

It is given that \sum_{i=1}^2978 r_i = -6644 and \sum_{i=1}^2978 r_i^2 = 17432.

Find the maximum possible value of \sum_{i=1}^2978 r_i^4.

After solving the above problem, please output your final answer in the following format:
### The final answer is: $\boxed{<your answer>}$
Example:
### The final answer is: $\boxed{123}$
The final answer should be given as precisely as possible (using LaTeX symbols such as \sqrt, \frac, \pi, etc.). If the final answer involves a decimal approximation, it must be accurate to at least four decimal places.",178928
31_prompt01_s05,"In a math contest, 2683 distinct points (a_i,b_i) with 1 ≤ i ≤ 2683 lie on the curve 3x^2 + 3y^2 = 24 + 4xy + 2(x+y)|x-y|. Let d_i be the distance from (a_i,b_i) to the line x + y = 16. For this configuration, it is known that all distances satisfy d_i ∈ [2.8284271247461903, 19.79898987322333].

Define the mapping G(m) = -4 + 0.49400623513333336 + 3·((m - 2.8284271247461903)/(19.79898987322333 - 2.8284271247461903)) + \sqrt{2}·0.9801834703007833·t(1 - t)(t - 1/2), where t = ((m - 2.8284271247461903)/(19.79898987322333 - 2.8284271247461903)). For each i, set r_i = ⌊G(d_i)⌋ (greatest integer ≤ G(d_i)).

It is given that \sum_{i=1}^2683 r_i = -9199 and \sum_{i=1}^2683 r_i^2 = 33635.

Find the maximum possible value of \sum_{i=1}^2683 r_i^4.

After solving the above problem, please output your final answer in the following format:
### The final answer is: $\boxed{<your answer>}$
Example:
### The final answer is: $\boxed{123}$
The final answer should be given as precisely as possible (using LaTeX symbols such as \sqrt, \frac, \pi, etc.). If the final answer involves a decimal approximation, it must be accurate to at least four decimal places.",497663
32_prompt06_s01,"Let x and y be positive rational numbers that satisfy the identity:
2 + sqrt(1 - 2 y) = y + ( -6 x + 315/152 + 315/152 sqrt(1 - 2 x) ) / ( 1 + sqrt(1 - 2 x) ) + cbrt( (1 + x^2)/2 + (1/6) * sqrt( 9 + 18 x^2 + 9 x^4 + (4/3) x^6 ) ) + cbrt( (1 + x^2)/2 - (1/6) * sqrt( 9 + 18 x^2 + 9 x^4 + (4/3) x^6 ) ).
Here cbrt denotes the real cube root. Given that kx and ky are both positive integers, find the minimum value of the positive integer k.
After solving the above problem, please output your final answer in the following format:
### The final answer is: $\boxed{<your answer>}$",2888
32_prompt06_s02,"Let x and y be positive rational numbers that satisfy the identity:
1 + sqrt(1 - 5 y) = y + ( -15 x + 2249/940 + 2249/940 sqrt(1 - 5 x) ) / ( 1 + sqrt(1 - 5 x) ) + cbrt( (1 + x^2)/2 + (1/6) * sqrt( 9 + 18 x^2 + 9 x^4 + (4/3) x^6 ) ) + cbrt( (1 + x^2)/2 - (1/6) * sqrt( 9 + 18 x^2 + 9 x^4 + (4/3) x^6 ) ).
Here cbrt denotes the real cube root. Given that kx and ky are both positive integers, find the minimum value of the positive integer k.
After solving the above problem, please output your final answer in the following format:
### The final answer is: $\boxed{<your answer>}$",44180
32_prompt06_s03,"Let x and y be positive rational numbers that satisfy the identity:
2 + sqrt(1 - 2 y) = y + ( -4 x + 653/296 + 653/296 sqrt(1 - 2 x) ) / ( 1 + sqrt(1 - 2 x) ) + cbrt( (1 + x^2)/2 + (1/6) * sqrt( 9 + 18 x^2 + 9 x^4 + (4/3) x^6 ) ) + cbrt( (1 + x^2)/2 - (1/6) * sqrt( 9 + 18 x^2 + 9 x^4 + (4/3) x^6 ) ).
Here cbrt denotes the real cube root. Given that kx and ky are both positive integers, find the minimum value of the positive integer k.
After solving the above problem, please output your final answer in the following format:
### The final answer is: $\boxed{<your answer>}$",10952
32_prompt06_s04,"Let x and y be positive rational numbers that satisfy the identity:
2 + sqrt(1 - 3 y) = y + ( -3 x + 159/76 + 159/76 sqrt(1 - 3 x) ) / ( 1 + sqrt(1 - 3 x) ) + cbrt( (1 + x^2)/2 + (1/6) * sqrt( 9 + 18 x^2 + 9 x^4 + (4/3) x^6 ) ) + cbrt( (1 + x^2)/2 - (1/6) * sqrt( 9 + 18 x^2 + 9 x^4 + (4/3) x^6 ) ).
Here cbrt denotes the real cube root. Given that kx and ky are both positive integers, find the minimum value of the positive integer k.
After solving the above problem, please output your final answer in the following format:
### The final answer is: $\boxed{<your answer>}$",4332
32_prompt06_s05,"Let x and y be positive rational numbers that satisfy the identity:
1 + sqrt(1 - 2 y) = y + ( -4 x + 113/136 + 113/136 sqrt(1 - 2 x) ) / ( 1 + sqrt(1 - 2 x) ) + cbrt( (1 + x^2)/2 + (1/6) * sqrt( 9 + 18 x^2 + 9 x^4 + (4/3) x^6 ) ) + cbrt( (1 + x^2)/2 - (1/6) * sqrt( 9 + 18 x^2 + 9 x^4 + (4/3) x^6 ) ).
Here cbrt denotes the real cube root. Given that kx and ky are both positive integers, find the minimum value of the positive integer k.
After solving the above problem, please output your final answer in the following format:
### The final answer is: $\boxed{<your answer>}$",2312
33_prompt02_s01,"An album contains 45 photos, each showing three people, subject to the following conditions: (1) In each photo, the person on the left is a full brother of the person in the middle, and the person on the right is the daughter of the person in the middle. (2) The person in the middle is different in each of the 45 photos. (3) No two people who appear in the album have a child in common. Additionally, any individual may appear as the left brother in at most 3 photos across the entire album. What is the minimum number of distinct people that must appear in this album?

After solving the above problem, please output your final answer in the following format:
### The final answer is: $\boxed{<your answer>}$
Example:
### The final answer is: $\boxed{123}$
The final answer should be given as precisely as possible.",76
33_prompt02_s05,"An album contains 45 photos, each showing three people, subject to the following conditions: (1) In each photo, the person on the left is a full brother of the person in the middle, and the person on the right is the daughter of the person in the middle. (2) The person in the middle is different in each of the 45 photos. (3) No two people who appear in the album have a child in common. Additionally, any individual may appear as the left brother in at most 3 photos across the entire album. What is the minimum number of distinct people that must appear in this album?

After solving the above problem, please output your final answer in the following format:
### The final answer is: $\boxed{<your answer>}$
Example:
### The final answer is: $\boxed{123}$
The final answer should be given as precisely as possible.",76
33_prompt03_s01,"An album contains 57 photos. Each photo shows a middle person (distinct across all photos), exactly 3 distinct full brothers of the middle person standing on the left, and exactly 1 distinct daughter of the middle person standing on the right. The following conditions hold: (i) In each photo, the brothers are full siblings of the middle person (they share both parents with the middle person), and the daughter is a daughter of the middle person; (ii) No two people who appear in the album are both parents of any common child (that is, among all people who appear, there is no pair who share a child). Among all albums satisfying these constraints, determine the minimum possible total number of distinct people that must appear. After solving the above problem, please output your final answer in the following format: ### The final answer is: $\boxed{<your answer>}$.",104
33_prompt03_s03,"An album contains 37 photos. Each photo shows three groups of people: a middle person (distinct across all photos), exactly 4 distinct full brothers of the middle standing on the left, and exactly 3 distinct daughters of the middle standing on the right. The following conditions hold: (i) In each photo, the brothers are full siblings of the middle (they share both parents with the middle), and the daughters are all daughters of the middle; (ii) No two people who appear in the album are both parents of any common child (i.e., among all people who appear, there is no pair who share a child). Among all albums satisfying these constraints, determine the minimum possible total number of distinct people that must appear. After solving the above problem, please output your final answer in the following format: ### The final answer is: $\boxed{<your answer>}$.",136
33_prompt04_s03,"An album contains 29 photos, each showing three people, subject to the following conditions: (1) In each photo, the person on the left is a full sister of the person in the middle, and the person on the right is the daughter of the person in the middle. (2) The person in the middle is different in each of the 29 photos. (3) No two people who appear in the album are co-parents of any child (i.e., no child has two appearing people as parents). What is the minimum number of distinct people that must appear in this album?",45
34_prompt02_s01,"In a math contest, you are given positive integers \(a=57\), \(b=7\), and \(c=2\). Determine the maximal constant \(C_{\max}\) such that for all real numbers \(x, y, z\) satisfying \(x+y+z=0\), the inequality

\[
a+b\,|xy+yz+zx|+c\,|xyz|\ge C_{\max}\,(|x|+|y|+|z|)
\]

holds.

After solving, please output your final answer in the following format:
### The final answer is: \boxed{<your answer>}
The final answer should be given as precisely as possible (using LaTeX symbols such as \(\sqrt{}\), \(\frac{}{}\), \(\pi\), etc.). If the final answer involves a decimal approximation, it must be accurate to at least four decimal places.",19.4649270290
34_prompt02_s02,"In a math contest, you are given the positive integers 5, 10, and 11 as coefficients. Determine the maximal constant \(C_{\max}\) such that for all real numbers \(x,y,z\) satisfying \(x+y+z=0\), the inequality

\[
5+10\,|xy+yz+zx|+11\,|xyz|\ge C_{\max}\,(|x|+|y|+|z|)
\]

holds. After solving, please output your final answer in the following format:
### The final answer is: \boxed{<your answer>}
The final answer should be given as precisely as possible (using LaTeX symbols such as \(\sqrt{}\), \(\frac{}{}\), \(\pi\), etc.). If the final answer involves a decimal approximation, it must be accurate to at least four decimal places.",6.8610667575
34_prompt02_s03,"In a math contest, let \(a=58\), \(b=13\), and \(c=3\). Determine the maximal constant \(C_{\max}\) such that for all real numbers \(x,y,z\) satisfying \(x+y+z=0\), the inequality

\[
a+b\,|xy+yz+zx|+c\,|xyz|\ge C_{\max} (|x|+|y|+|z|)
\]

holds. After solving, please output your final answer in the following format:
### The final answer is: \boxed{<your answer>}
The final answer should be given as precisely as possible. If the final answer involves a decimal approximation, it must be accurate to at least four decimal places.",25.6996338182
34_prompt02_s04,"In a math contest, let \(a=24\), \(b=15\), and \(c=11\). Determine the maximal constant \(C_{\max}\) such that for all real numbers \(x,y,z\) satisfying \(x+y+z=0\),
\[
a+b\,|xy+yz+zx|+c\,|xyz|\ge C_{\max}\,(|x|+|y|+|z|).
\]
Give \(C_{\max}\) to 10 decimal places.",18.7197339736
34_prompt02_s05,"In a math contest, you are given positive integers \(a=19\), \(b=14\), and \(c=5\). Determine the maximal constant \(C_{\max}\) such that for all real numbers \(x,y,z\), not all zero, satisfying \(x+y+z=0\), the inequality\n\n\[\na+b\,|xy+yz+zx|+c\,|xyz| \ge C_{\max}\,(|x|+|y|+|z|)\n\]\n\nholds. After solving, please output your final answer in the following format:\n### The final answer is: \\boxed{<your answer>}\nThe final answer should be given as precisely as possible (using LaTeX symbols such as \\sqrt, \\frac, \\pi, etc.). If the final answer involves a decimal approximation, it must be accurate to at least four decimal places.",15.1157224146
35_prompt01_s01,"Generalized take-and-split game with equalization. Fix an odd integer base 17 (with 17 >= 3). A positive integer n not exceeding 782026953426 is initially written on a blackboard. Two players alternate moves, with Player 1 going first. A move consists of selecting a pile of size k > 1 and replacing it by 17 nonnegative integers whose sum is k and whose pairwise differences are at most 1. Equivalently, if k = 17 q + r with 0 <= r < 17, then the move replaces k by r copies of q+1 and 17-r copies of q. Piles of size 0 or 1 cannot be split. The game ends when no move is possible; the player who makes the last move wins. Assuming optimal play, let us say that a starting value n is winning if Player 1 wins when starting from n. How many starting values n in {1, 2, ..., 782026953426} are winning? After solving, report: ### The final answer is: \boxed{<your answer>}.",167999491704
35_prompt01_s02,"Generalized take-and-split game with equalization. Fix an odd integer base 3 (with 3 >= 3). A positive integer n not exceeding 116271410450 is initially written on a blackboard. Two players alternate moves, with Player 1 going first. A move consists of selecting a pile of size k > 1 and replacing it by 3 nonnegative integers whose sum is k and whose pairwise differences are at most 1. Equivalently, if k = 3 q + r with 0 <= r < 3, then the move replaces k by r copies of q+1 and 3-r copies of q. Piles of size 0 or 1 cannot be split. The game ends when no move is possible; the player who makes the last move wins. Assuming optimal play, let us say that a starting value n is winning if Player 1 wins when starting from n. How many starting values n in {1, 2, ..., 116271410450} are winning? After solving, report: ### The final answer is: \boxed{<your answer>}.",69903602578
35_prompt01_s03,"Generalized take-and-split game with equalization. Fix an odd integer base 23 (with 23 >= 3). A positive integer n not exceeding 777806534726 is initially written on a blackboard. Two players alternate moves, with Player 1 going first. A move consists of selecting a pile of size k > 1 and replacing it by 23 nonnegative integers whose sum is k and whose pairwise differences are at most 1. Equivalently, if k = 23 q + r with 0 <= r < 23, then the move replaces k by r copies of q+1 and 23-r copies of q. Piles of size 0 or 1 cannot be split. The game ends when no move is possible; the player who makes the last move wins. Assuming optimal play, let us say that a starting value n is winning if Player 1 wins when starting from n. How many starting values n in {1, 2, ..., 777806534726} are winning? After solving, report: ### The final answer is: \boxed{<your answer>}.",665234493385
35_prompt01_s04,"Generalized take-and-split game with equalization. Fix an odd integer base 9 (with 9 >= 3). A positive integer n not exceeding 435220561571 is initially written on a blackboard. Two players alternate moves, with Player 1 going first. A move consists of selecting a pile of size k > 1 and replacing it by 9 nonnegative integers whose sum is k and whose pairwise differences are at most 1. Equivalently, if k = 9 q + r with 0 <= r < 9, then the move replaces k by r copies of q+1 and 9-r copies of q. Piles of size 0 or 1 cannot be split. The game ends when no move is possible; the player who makes the last move wins. Assuming optimal play, let us say that a starting value n is winning if Player 1 wins when starting from n. How many starting values n in {1, 2, ..., 435220561571} are winning? After solving, report: ### The final answer is: \boxed{<your answer>}.",118759943017
35_prompt01_s05,"Generalized take-and-split game with equalization. Fix an odd integer base 15 (with 15 >= 3). A positive integer n not exceeding 550657114849 is initially written on a blackboard. Two players alternate moves, with Player 1 going first. A move consists of selecting a pile of size k > 1 and replacing it by 15 nonnegative integers whose sum is k and whose pairwise differences are at most 1. Equivalently, if k = 15 q + r with 0 <= r < 15, then the move replaces k by r copies of q+1 and 15-r copies of q. Piles of size 0 or 1 cannot be split. The game ends when no move is possible; the player who makes the last move wins. Assuming optimal play, let us say that a starting value n is winning if Player 1 wins when starting from n. How many starting values n in {1, 2, ..., 550657114849} are winning? After solving, report: ### The final answer is: \boxed{<your answer>}.",54060974121
36_prompt02_s01,"On a 33×31 board, each square holds a black or white stone. An operation consists of selecting a single row and a single column and flipping the color of every stone in the selected row or the selected column (the intersection stone is flipped exactly once). Determine the smallest integer n such that there exists an initial arrangement of stones for which no sequence of such operations can produce a board with at least n black stones. Your answer should be exact.",993
36_prompt02_s05,"On an 35x6 board, each square holds a black or white stone. An operation consists of selecting a single row and a single column and flipping the color of every stone in the selected row or the selected column (the intersection stone is flipped exactly once). Determine the largest integer n such that, regardless of the initial arrangement of stones, there always exists a sequence of such operations after which the number of black stones on the board is at least n. After solving, please output your final answer in the following format:
### The final answer is: \boxed{<your answer>}
Your answer should be exact.",207
36_prompt03_s01,"On an 41×41 board (with 41 odd), a black or a white stone is placed on each square. An operation consists of choosing one row and one column and reversing the color of all stones lying in the union of that row and that column (the intersection square is reversed only once, like any other affected square). Find the largest integer N_max such that, regardless of the initial arrangement of stones, it is always possible to perform a sequence of such operations so that the number of black stones on the board is at least N_max. After solving the above problem, please output your final answer in the following format:
### The final answer is: \boxed{<your answer>}.
Example:
### The final answer is: \boxed{123}
The final answer should be given as precisely as possible (using LaTeX symbols such as \sqrt, \frac, \pi, etc.). If the final answer involves a decimal approximation, it must be accurate to at least four decimal places.",1641
36_prompt03_s02,"On an 37×37 board (with 37 odd), a black or a white stone is placed on each square. An operation consists of choosing one row and one column and reversing the color of all stones lying in the union of that row and that column (the intersection square is reversed only once, like any other affected square). Find the largest integer N_max such that, regardless of the initial arrangement of stones, it is always possible to perform a sequence of such operations so that the number of black stones on the board is at least N_max. After solving the above problem, please output your final answer in the following format:
### The final answer is: \boxed{<your answer>}.
Example:
### The final answer is: \boxed{123}
The final answer should be given as precisely as possible (using LaTeX symbols such as \sqrt, \frac, \pi, etc.). If the final answer involves a decimal approximation, it must be accurate to at least four decimal places.",1333
36_prompt03_s03,"On an 93×93 board (with 93 odd), a black or a white stone is placed on each square. An operation consists of choosing one row and one column and reversing the color of all stones lying in the union of that row and that column (the intersection square is reversed only once, like any other affected square). Find the largest integer N_max such that, regardless of the initial arrangement of stones, it is always possible to perform a sequence of such operations so that the number of black stones on the board is at least N_max. After solving the above problem, please output your final answer in the following format:
### The final answer is: \boxed{<your answer>}.
Example:
### The final answer is: \boxed{123}
The final answer should be given as precisely as possible (using LaTeX symbols such as \sqrt, \frac, \pi, etc.). If the final answer involves a decimal approximation, it must be accurate to at least four decimal places.",8557
37_prompt01_s01,"Geometry challenge. In triangle ABC with side lengths BC = 35, CA = 33, and AB = 16 (so that AB < AC < BC and the triangle inequality holds), let O be the circumcenter and let J be the excenter_b of triangle ABC (if 'incenter', then J is the incenter; if 'excenter_a', 'excenter_b', or 'excenter_c', then J is the excenter opposite A, B, or C, respectively). On the circumcircle, let M_b and M_c be the midpoints of the arcs AC and AB not containing the third vertex. Define S_b on the circumcircle so that JS_b is perpendicular to BS_b, and define S_c on the circumcircle so that JS_c is perpendicular to CS_c. Let H_a be the intersection of lines M_b S_c and M_c S_b. Define H_b and H_c analogously by cyclic permutations. The lines AH_a, BH_b, CH_c are pairwise non-parallel; let G be the centroid of the triangle formed by these three lines (if the three lines are concurrent, then G is their point of concurrency). Find the product P of the (positive) distances from point G to the lines JH_a, JH_b, JH_c. Report P as a decimal accurate to at least 1e-6.",343085.099376
37_prompt01_s03,"Geometry challenge. In triangle ABC with side lengths BC = 35, CA = 21, and AB = 19 (so that AB < AC < BC and the triangle inequality holds), let O be the circumcenter and let J be the excenter_c of triangle ABC (if 'incenter', then J is the incenter; if 'excenter_a', 'excenter_b', or 'excenter_c', then J is the excenter opposite A, B, or C, respectively). On the circumcircle, let M_b and M_c be the midpoints of the arcs AC and AB not containing the third vertex. Define S_b on the circumcircle so that JS_b is perpendicular to BS_b, and define S_c on the circumcircle so that JS_c is perpendicular to CS_c. Let H_a be the intersection of lines M_b S_c and M_c S_b. Define H_b and H_c analogously by cyclic permutations. The lines AH_a, BH_b, CH_c are pairwise non-parallel; let G be the centroid of the triangle formed by these three lines (if the three lines are concurrent, then G is their point of concurrency). Find the product P of the (positive) distances from point G to the lines JH_a, JH_b, JH_c. Report P as a decimal accurate to at least 1e-6.",7613.37755891
37_prompt01_s04,"Geometry challenge. In triangle ABC with side lengths BC = 30, CA = 25, and AB = 16 (so that AB < AC < BC and the triangle inequality holds), let O be the circumcenter and let J be the excenter_b of triangle ABC (if 'incenter', then J is the incenter; if 'excenter_a', 'excenter_b', or 'excenter_c', then J is the excenter opposite A, B, or C, respectively). On the circumcircle, let M_b and M_c be the midpoints of the arcs AC and AB not containing the third vertex. Define S_b on the circumcircle so that JS_b is perpendicular to BS_b, and define S_c on the circumcircle so that JS_c is perpendicular to CS_c. Let H_a be the intersection of lines M_b S_c and M_c S_b. Define H_b and H_c analogously by cyclic permutations. The lines AH_a, BH_b, CH_c are pairwise non-parallel; let G be the centroid of the triangle formed by these three lines (if the three lines are concurrent, then G is their point of concurrency). Find the product P of the (positive) distances from point G to the lines JH_a, JH_b, JH_c. Report P as a decimal accurate to at least 1e-6.",1359770.01468
37_prompt01_s05,"Geometry challenge. In triangle ABC with side lengths BC = 46, CA = 32, and AB = 30 (so that AB < AC < BC and the triangle inequality holds), let O be the circumcenter and let J be the excenter_a of triangle ABC (if 'incenter', then J is the incenter; if 'excenter_a', 'excenter_b', or 'excenter_c', then J is the excenter opposite A, B, or C, respectively). On the circumcircle, let M_b and M_c be the midpoints of the arcs AC and AB not containing the third vertex. Define S_b on the circumcircle so that JS_b is perpendicular to BS_b, and define S_c on the circumcircle so that JS_c is perpendicular to CS_c. Let H_a be the intersection of lines M_b S_c and M_c S_b. Define H_b and H_c analogously by cyclic permutations. The lines AH_a, BH_b, CH_c are pairwise non-parallel; let G be the centroid of the triangle formed by these three lines (if the three lines are concurrent, then G is their point of concurrency). Find the product P of the (positive) distances from point G to the lines JH_a, JH_b, JH_c. Report P as a decimal accurate to at least 1e-6.",199648.054026
37_prompt02_s01,"In triangle ABC with AB < AC < BC and side lengths BC = 68, CA = 41, and AB = 31, let O and I be its circumcenter and incenter, respectively. Let M_b and M_c be the midpoints of the arcs AC and AB (not containing the opposite vertices) on the circumcircle. For each vertex, define S_b on the circumcircle such that IS_b is perpendicular to BS_b, and S_c such that IS_c is perpendicular to CS_c; define H_a as the intersection of lines M_b S_c and M_c S_b, and define H_b, H_c analogously. Assume the lines AH_a, BH_b, and CH_c are pairwise non-parallel. Let G_k be the unique point on segment OI such that the ratio OG_k:OI equals 9/13. Compute the numeric value of the product of the distances from G_k to the lines IH_a, IH_b, and IH_c. Give your answer as a real number.",36.3768775603
38_prompt01_s02,"In a d-dimensional Euclidean space, consider 6 closed convex sets K_1, ..., K_6. A point p is called encapsulated if there exists a ball centered at p with sufficiently small radius such that every point in this ball except p is contained in at least one of the sets K_i. Let S be the set of all encapsulated points with respect to these 6 convex sets. Over all possible choices of the sets, let f(6, 6) = max |S| depend only on the parameters 6 and 6. Determine the exact value of f(6, 6).",19
38_prompt01_s03,"In a d-dimensional Euclidean space, consider 8 closed convex sets K_1, ..., K_8. A point p is called encapsulated if there exists a ball centered at p with sufficiently small radius such that every point in this ball except p is contained in at least one of the sets K_i. Let S be the set of all encapsulated points with respect to these 8 convex sets. Over all possible choices of the sets, let f(3, 8) = max |S| depend only on the parameters 3 and 8. Determine the exact value of f(3, 8).",10
38_prompt01_s05,"In a d-dimensional Euclidean space, consider 5 closed convex sets K_1, ..., K_5. A point p is called encapsulated if there exists a ball centered at p with sufficiently small radius such that every point in this ball except p is contained in at least one of the sets K_i. Let S be the set of all encapsulated points with respect to these 5 convex sets. Over all possible choices of the sets, let f(4, 5) = max |S| depend only on the parameters 4 and 5. Determine the exact value of f(4, 5).",11
38_prompt03_s01,"In a d-dimensional Euclidean space, we modify the encapsulation definition as follows: fix an orthonormal set of 2 global directions. For three convex sets K_1, K_2, K_3, a point p is called q-encapsulated if there exists a sufficiently small radius r such that every point of the open ball B(p, r) except p itself and except those lying on any of the 2 straight lines through p in the fixed directions belongs to K_1 ∪ K_2 ∪ K_3. The contact definition remains the same: p contacts K if p is outside K but every neighborhood of p meets K. Let S be the set of all q-encapsulated points for K_1, K_2, K_3 in ℝ^8. Among all choices of three convex sets, determine the maximum possible cardinality of S, denoted g(d, q). Compute the exact value of g(d, q) for d = 8 and q = 2, and then summarize your final answer in the required format: '### The final answer is: <Your answer>'.",10
38_prompt03_s02,"In a d-dimensional Euclidean space, we modify the encapsulation definition as follows: fix an orthonormal set of 15 global directions. For three convex sets K_1, K_2, K_3, a point p is called q-encapsulated if there exists a sufficiently small radius r such that every point of the open ball B(p, r) except p itself and except those lying on any of the 15 straight lines through p in the fixed directions belongs to K_1 \cup K_2 \cup K_3. Let S be the set of all q-encapsulated points for K_1, K_2, K_3 in \mathbb{R}^{23}. Among all choices of three convex sets, determine the maximum possible cardinality of S, denoted g(d, q). Compute the exact value of g(d, q) for d = 23 and q = 15, and then summarize your final answer in the required format: '### The final answer is: <Your answer>'.",### The final answer is: the cardinality of the continuum
39_prompt01_s05,"Let an overpartition of a positive integer be a non-increasing sequence of positive integers in which, for each distinct part size, the first occurrence may be marked as overlined. For the given parameters n = 33, l = 4, r = 2, and s = 5, consider the family F_{l,r,s}(n) counting overpartitions of weight n subject to all of the following constraints:
- No non-overlined part may be divisible by l.
- If a part size i is divisible by l, it may appear at most once and it must be overlined (if it appears at all).
- If a part size i is not divisible by l, its total multiplicity is at most r. If it appears at least once, its first occurrence may be overlined according to the rule: only odd sizes may be overlined.
- Exactly s distinct part sizes are overlined in the partition (equivalently: the total number of overlined parts equals s, since at most one overline is permitted per size).
Compute F_{l,r,s}(n) modulo 32. Provide your final answer precisely as: The final answer is: <integer>.",The final answer is: 20.
39_prompt02_s04,"Let l = 6. Define the overpartition function R_l_star(n) to be the number of overpartitions of n in which non-overlined parts are not allowed to be divisible by l (overlined parts are unrestricted). It is known that the generating function satisfies sum_{n>=0} R_l_star(n) q^n = (prod_{m>=1} (1 - q^{2m})) (prod_{m>=1} (1 - q^{lm})) / (prod_{m>=1} (1 - q^m))^2. Fix an integer tau = 7 and work modulo M = 2^{tau}. Let k = 1, and define the arithmetic progression parameters D = 486 and A = 344, where D = 18 * 3^{2k+1} and A = (153 * 3^{2k} - 1) / 4 (both already simplified to integers here). For N = 6, compute the alternating progression sum S = sum_{j=0}^{N} (-1)^j R_l_star(A + D * j) modulo M. Report S as an integer in [0, M - 1].",0
39_prompt08_s02,"In a combinatorics olympiad, define F(n; l, m, s, r, h, t) to be the number of overpartitions of n with all of the following constraints: (i) every non-overlined part is not divisible by l; (ii) every overlined part is not divisible by m; (iii) the total number of distinct overlined part sizes is congruent to r modulo s; (iv) the sum of the distinct overlined part sizes is congruent to t modulo h; (v) the largest part is congruent to 4 modulo 5; and (vi) the total number of parts equal to 1 lies in the interval [2, 4]. Recall that an overpartition of n is a partition of n in which the first occurrence of each distinct part may be overlined, and repetitions of a part after the first occurrence are never overlined. Determine F(25; 3, 5, 3, 2, 4, 2) modulo 64.",40
39_prompt08_s03,"In a combinatorics olympiad, define F(n; l, m, s, r, h, t) to be the number of overpartitions of n with all of the following constraints: (i) every non-overlined part is not divisible by l; (ii) every overlined part is not divisible by m; (iii) the total number of distinct overlined part sizes is congruent to r modulo s; (iv) the sum of the distinct overlined part sizes is congruent to t modulo h; (v) the largest part is congruent to 3 modulo 5; and (vi) the total number of parts equal to 1 lies in the interval [1, 1]. Recall that an overpartition of n is a partition of n in which the first occurrence of each distinct part may be overlined, and repetitions of a part after the first occurrence are never overlined. Determine F(25; 3, 4, 3, 2, 4, 2) modulo 64.",17
39_prompt08_s04,"In a combinatorics olympiad, define F(n; l, m, s, r, h, t) to be the number of overpartitions of n with all of the following constraints: (i) every non-overlined part is not divisible by l; (ii) every overlined part is not divisible by m; (iii) the total number of distinct overlined part sizes is congruent to r modulo s; (iv) the sum of the distinct overlined part sizes is congruent to t modulo h; (v) the largest part is congruent to 2 modulo 3; and (vi) the total number of parts equal to 1 lies in the interval [0, 3]. Recall that an overpartition of n is a partition of n in which the first occurrence of each distinct part may be overlined, and repetitions of a part after the first occurrence are never overlined. Determine F(20; 3, 4, 4, 2, 4, 1) modulo 128.",38
4_prompt01_s01,"In a math contest, 14 students independently choose numbers \(x_1, x_2, \dots, x_{14}\), where each \(x_i\) must be either \(0\) or \(1\). Before any choices are made, you may select any twice-differentiable function \(f:[0,1] \to \mathbb{R}\). The contest uses fixed positive integer weights \(w_1, w_2, \dots, w_{14}\), which are given as the list \([62, 24, 96, 76, 12, 10, 28, 94, 26, 58, 18, 80, 20, 84]\). Your goal is to minimize, over all admissible choices of \(f\), the worst-case absolute error

\[
M = \max_{(x_1,\ldots,x_{14})\in\{0,1\}^{14}} \left|\sum_{i=1}^{14} f(x_i) - \left(\sum_{i=1}^{14} w_i x_i\right)^2\right|.
\]

Determine the exact minimum possible value of \(M\) for the provided weights, and present your result in the format:
### The final answer is: \(\boxed{<your answer>}\).",149126.000000
4_prompt01_s02,"In a math contest, 8 students independently choose numbers $x_1,x_2,\dots,x_8$ in the set $\{0,1\}$. Before any choices are made, you may select any twice-differentiable function $f:[0,1]\to\mathbb{R}$. The contest uses fixed positive integer weights $w_1,w_2,\dots,w_8$, which are given as the list $[175,235,35,75,20,110,155,140]$. Your goal is to minimize, over all admissible choices of $f$, the worst-case absolute error

$$M=\max_{(x_1,\ldots,x_8)\in\{0,1\}^8}\left|\sum_{i=1}^8 f(x_i)-\left(\sum_{i=1}^8 w_i x_i\right)^2\right|.$$ 

Determine the exact minimum possible value of $M$ for the provided weights, and present your result in the format:
### The final answer is: $\boxed{<your answer>}$.","A lower bound comes from vectors with exactly five 1s: the smallest possible weighted sum is $20+35+75+110+140=380$, and the largest is $235+175+155+140+110=815$. Since $\sum f(x_i)$ depends only on the number of 1s, any such choice must incur error at least
$$\frac{815^2-380^2}{2}=\frac{519825}{2}.$$ 
This bound is attained by the linear function
$$f(x)=127875x-\frac{470125}{16},$$
for which a binary vector with $k$ ones gives
$$\sum_{i=1}^8 f(x_i)=127875k-\frac{470125}{2}.$$ 
Checking $k=0,1,\dots,8$ shows the error is never more than $\frac{519825}{2}$, with equality attained for some 5-element and 6-element subsets. Therefore the exact minimum is
### The final answer is: $\boxed{\frac{519825}{2}}$."
4_prompt01_s03,"In a math contest, 8 students independently choose real numbers x_1, x_2, ..., x_8 in the interval [0,1]. Before any choices are made, you may select any twice-differentiable function f:[0,1] \to \mathbb{R}. The contest uses fixed positive integer weights w_1, w_2, ..., w_8, which are given as the list [3, 24, 12, 8, 27, 9, 25, 30]. Your goal is to minimize, over all admissible choices of f, the worst-case absolute error

M = \max_{(x_1,\ldots,x_8)\in[0,1]^8} \left|\sum_{i=1}^8 f(x_i) - \left(\sum_{i=1}^8 w_i x_i\right)^2\right|.

Determine the exact minimum possible value of M for the provided weights, and present your result in the format:
### The final answer is: $\boxed{<your answer>}$.",5394.000000
4_prompt01_s04,"In a math contest, 9 students independently choose real numbers x_1, x_2, ..., x_9 in the interval [0,1]. Before any choices are made, you may select any twice-differentiable function f:[0,1] \to \mathbb{R}. The contest uses fixed positive integer weights w_1, w_2, ..., w_9, which are given as the list [37, 5, 21, 22, 4, 35, 46, 10, 28]. Your goal is to minimize, over all admissible choices of f, the worst-case absolute error

M = \max_{(x_1,\ldots,x_9)\in[0,1]^9} \left|\sum_{i=1}^9 f(x_i) - \left(\sum_{i=1}^9 w_i x_i\right)^2\right|.

Determine the exact minimum possible value of M for the provided weights, and present your result in the format:
### The final answer is: $\boxed{<your answer>}$.",13810.500000
4_prompt01_s05,"In a math contest, 10 students independently choose real numbers x_1, x_2, ..., x_10 in the interval [0,1]. Before any choices are made, you may select any twice-differentiable function f:[0,1] \to \mathbb{R}. The contest uses fixed positive integer weights w_1, w_2, ..., w_10, which are given as the list [65, 35, 210, 115, 105, 40, 90, 195, 80, 15]. Your goal is to minimize, over all admissible choices of f, the worst-case absolute error

M = \max_{(x_1,\ldots,x_10)\in[0,1]^10} \left|\sum_{i=1}^10 f(x_i) - \left(\sum_{i=1}^10 w_i x_i\right)^2\right|.

Determine the exact minimum possible value of M for the provided weights, and present your result in the format:
### The final answer is: $\boxed{<your answer>}$.",277350.000000
40_prompt01_s01,"On a circular table with 42 cups labeled 0 through 41, all initially upright, you may perform operations of the following kind: choose any contiguous block of exactly 3 cups (wrapping around the circle is allowed) and flip those cups. Blocks chosen at different operations may have different starting positions. If it is possible to end with all cups upside down in m operations, determine the minimum possible m; otherwise, answer with -1.",14
40_prompt01_s02,"On a circular table with 132 cups labeled 0 through 131, all initially upright, you may perform operations of the following kind: choose any contiguous block of exactly 33 cups (wrapping around the circle is allowed) and flip those cups. Blocks chosen at different operations may have different starting positions. If it is possible to end with all cups upside down in m operations, determine the minimum possible m; otherwise, answer with -1.",4
40_prompt01_s03,"On a circular table with 52 cups labeled 0 through 51, all initially upright, you may perform operations of the following kind: choose any contiguous block of exactly 13 cups (wrapping around the circle is allowed) and flip those cups. Blocks chosen at different operations may have different starting positions. If it is possible to end with all cups upside down in m operations, determine the minimum possible m; otherwise, answer with -1.",4
40_prompt01_s04,"On a circular table with 176 cups labeled 0 through 175, all initially upright, you may perform operations of the following kind: choose any contiguous block of exactly 165 cups (wrapping around the circle is allowed) and flip those cups. Blocks chosen at different operations may have different starting positions. If it is possible to end with all cups upside down in m operations, determine the minimum possible m; otherwise, answer with -1.",16
40_prompt02_s01,"There are 117 cups on a table, all initially upright. In one operation you may choose exactly 5 cups or exactly 32 cups and turn them over. If it is possible to make all 117 cups end up upside down, determine the minimum number m of operations required. Give your answer as an integer m.",5
41_prompt04_s01,"In a number theory contest, you are given an odd integer 81 ≥ 3 and target counts 590115309 and 240837143 with r_count > b_count ≥ 1. You may choose a positive integer x, coprime to 81, and a consecutive interval [a+1, ..., a+b]. Let A_x be the set of integers y with y^2 ≡ 1 (mod x). Define red points as those y ∈ A_x with y ≡ −1 (mod 81) and blue points as those y ∈ A_x with y ≡ 1 (mod 81). You must also enforce that the exact power of 2 dividing x is 2^1 (that is, 2^1 | x and 2^{two_exp+1} ∤ x), and that the odd part of x is squarefree. Determine the minimum number N_min of distinct prime factors of x (counting 2 once) that guarantees one can construct such an x and interval [a+1, ..., a+b] with exactly 590115309 red and exactly 240837143 blue points.",31
41_prompt04_s03,"In a number theory contest, you are given an odd integer 119 ≥ 3 and target counts 938107825 and 656954608 with r_count > b_count ≥ 1. You may choose a positive integer x, coprime to 119, and a consecutive interval [a+1, ..., a+b]. Let A_x be the set of integers y with y^2 ≡ 1 (mod x). Define red points as those y ∈ A_x with y ≡ −1 (mod 119) and blue points as those y ∈ A_x with y ≡ 1 (mod 119). You must also enforce that the exact power of 2 dividing x is 2^2 (that is, 2^2 | x and 2^{two_exp+1} ∤ x), and that the odd part of x is squarefree. Determine the minimum number N_min of distinct prime factors of x (counting 2 once) that guarantees one can construct such an x and interval [a+1, ..., a+b] with exactly 938107825 red and exactly 656954608 blue points.",30
41_prompt06_s01,"In a number theory contest, let 185 and 13 be odd, coprime integers with m, n >= 3. Fix residue classes 156 modulo m and 1 modulo n, and also distinct residue classes 147 modulo m and 2 modulo n. Determine the minimal integer t such that there exist a positive integer x that is the product of t distinct primes (with 2 among them) and gcd(x, m*n) = 1, and some interval of consecutive integers [a+1, a+b] that contains exactly 783399 integers y satisfying y^2 ≡ 1 (mod x), y ≡ 156 (mod m), y ≡ 1 (mod n), and exactly 2155 integers z satisfying z^2 ≡ 1 (mod x), z ≡ 147 (mod m), z ≡ 2 (mod n). Your final answer should be the minimal t.",21
41_prompt06_s02,"In a number theory contest, let m = 81 and n = 103. Fix the residue classes 72 (mod m), 77 (mod n), and also 14 (mod m), 97 (mod n). Let x be the product of t distinct primes, with 2 among them, and gcd(x,mn) = 1. Suppose there exists an interval of consecutive integers [a+1, a+b] that contains exactly 832974 integers y such that y^2 ≡ 1 (mod x), y ≡ 72 (mod m), y ≡ 77 (mod n), and exactly 4804 integers z such that z^2 ≡ 1 (mod x), z ≡ 14 (mod m), z ≡ 97 (mod n). Determine the smallest value of t that must hold.",21
41_prompt06_s04,"In a number theory contest, let 43 and 123 be odd, coprime integers with m, n >= 3. Fix residue classes 26 modulo m and 105 modulo n, and also distinct residue classes 18 modulo m and 93 modulo n. Determine the minimal integer t such that there exist a positive integer x that is the product of t distinct primes (with 2 among them) and gcd(x, m*n) = 1, and some interval of consecutive integers [a+1, a+b] that contains exactly 154666 integers y satisfying y^2 ≡ 1 (mod x), y ≡ 26 (mod m), y ≡ 105 (mod n), and exactly 149 integers z satisfying z^2 ≡ 1 (mod x), z ≡ 18 (mod m), z ≡ 93 (mod n). Your final answer should be the minimal t.",19
42_prompt01_s01,"A point performs a two-phase biased random walk on the infinite integer line, starting at the origin. For the first 5 moves, each step is +1 with probability p_1 = 18/32 and −1 with probability 1 − p_1. After those first 5 moves, every subsequent step is +1 with probability p_2 = 19/32 and −1 with probability 1 − p_2. For integers n ≥ 2 and m ≥ 2, let X be the probability that the point is at position s = 7 after n moves under this two-phase rule, where the first min(n, 5) steps use p_1 and the next max(0, n − 5) steps use p_2. Let Y be the probability that the point is at position t = 7 after m moves governed entirely by the single-phase rule with probability p_2 of stepping right at each step.

Determine all ordered pairs (n, m) with 2 ≤ n ≤ 22 and m ∈ {3, 5, 7, 9, 11, 13} such that X > (1 − p_1) · Y. Make explicit any parity feasibility constraints you use. After solving, summarize your final answer using the format:

The final answer is: {(n_1, m_1), (n_2, m_2), ...}

(Your set should be presented in increasing lexicographic order.)","The final answer is: {(7, 3), (7, 5), (7, 7), (9, 3), (9, 5), (9, 7), (9, 9), (9, 11), (9, 13), (11, 3), (11, 5), (11, 7), (11, 9), (11, 11), (11, 13), (13, 3), (13, 5), (13, 7), (13, 9), (13, 11), (13, 13), (15, 3), (15, 5), (15, 7), (15, 9), (15, 11), (15, 13), (17, 3), (17, 5), (17, 7), (17, 9), (17, 11), (17, 13), (19, 3), (19, 5), (19, 7), (19, 9), (19, 11), (19, 13), (21, 3), (21, 5), (21, 7), (21, 9), (21, 11), (21, 13)}"
42_prompt01_s04,"A point performs a two-phase biased random walk on the infinite integer line, starting at the origin. For the first 7 moves, each step is +1 with probability p_1 = 21/35 and −1 with probability 1 − p_1. After those first 7 moves, every subsequent step is +1 with probability p_2 = 26/35 and −1 with probability 1 − p_2. For integers n ≥ 2 and m ≥ 3, let X be the probability that the point is at position s = 6 after n moves under this two-phase rule, where the first min(n, 7) steps use p_1 and the next max(0, n − 7) steps use p_2. Let Y be the probability that the point is at position t = 5 after m moves governed entirely by the single-phase rule with probability p_2 of stepping right at each step.

Determine all ordered pairs (n, m) with 2 ≤ n ≤ 32 and 3 ≤ m ≤ 13, where m is odd, such that X > (1 − p_1) · Y. Make explicit any parity feasibility constraints you use. After solving, summarize your final answer using the format:

The final answer is: {(n_1, m_1), (n_2, m_2), ...}

(Your set should be presented in increasing lexicographic order.)","The final answer is: {(6, 3), (8, 3), (8, 5), (8, 11), (8, 13), (10, 3), (10, 5), (10, 7), (10, 9), (10, 11), (10, 13), (12, 3), (12, 5), (12, 7), (12, 9), (12, 11), (12, 13), (14, 3), (14, 5), (14, 7), (14, 9), (14, 11), (14, 13), (16, 3), (16, 5), (16, 7), (16, 9), (16, 11), (16, 13), (18, 3), (18, 5), (18, 7), (18, 9), (18, 11), (18, 13), (20, 3), (20, 5), (20, 7), (20, 9), (20, 11), (20, 13), (22, 3), (22, 5), (22, 7), (22, 9), (22, 11), (22, 13), (24, 3), (24, 5), (24, 7), (24, 9), (24, 11), (24, 13), (26, 3), (26, 5), (26, 13), (28, 3), (30, 3), (32, 3)}"
42_prompt04_s05,"A biased random walk M on the integers starts at S_0 = 0. At each step, M moves +1 with probability p = 15/24 (so p > 1/2) and −1 with probability 1−p. Fix integers a = 3, b = 3, a lower barrier −h with h = 1 (the walk must satisfy S_k ≥ −h for all k), and an upper barrier u = 5 (the walk must satisfy S_k ≤ u for all k). Let P be the probability that after n = 23 steps the walk is at position a and has never gone below −h. Let Q be the probability that after m steps the walk is at position b and has never exceeded u. Subject to the parity constraint m ≡ b (mod 2), determine the smallest m in the interval [3, 37] such that P > (1−p)·Q. If no such m exists in this interval, answer ""No solution"". After solving, summarize as: ### The final answer is: m = <value> (or ""No solution"").",### The final answer is: m = 13
42_prompt10_s01,"Consider a biased simple random walk on the integers starting at 0: at each step it moves +1 with probability p and −1 with probability 1−p. Take n=24, a=4, m=21, and b=3. Let X be the probability that after n steps the walk is exactly at position a and has stayed nonnegative at all times up to step n. Let Y be the analogous probability that after m steps the walk is exactly at position b and has stayed nonnegative at all times up to step m. For p in [0.705,1), determine the minimal integer L such that for all such p, X > (1−p)^L Y.",1
42_prompt10_s02,"Consider a biased simple random walk on the integers starting at 0: at each step it moves +1 with probability p and -1 with probability 1-p. Fix n=52, m=40, a=22, and b=14. Let X be the probability that after n steps the walk is exactly at position a and has stayed nonnegative at all intermediate times (that is, its position is always >= 0 up to step n). Let Y be the analogous probability for m steps and endpoint b. For p in [0.822,1), determine the smallest integer L such that X > (1-p)^L Y for every such p.",2
43_prompt12_s05,"Let a=3 be fixed. For a positive integer x, define f_a(x) to be the number of integers in the list 1, 2, 3, ..., ⌊x/a⌋ that are coprime to x. If p_1, p_2, ..., p_k are distinct primes and x = p_1^{α_1} p_2^{α_2} ⋯ p_k^{α_k}, then define g(x) = max{p_1^{α_1}, p_2^{α_2}, ..., p_k^{α_k}} (the largest prime power dividing x). For a positive integer z, let h(z) be the least positive integer m such that z divides m!. Determine all integers b with 2 ≤ b ≤ 790 such that f_a(b) = h(g(b^3)). Report your answer as an explicitly enumerated set in the exact format: ### The final answer is: $\boxed{\{\text{list all such } b\}}$.","### The final answer is: $\boxed{\{112, 144, 361, 722\}}$"
43_prompt13_s01,"Let f(x), g_r(x), and h(x) be functions on positive integers defined as follows. For a positive integer x, f(x) is the number of integers in the list 1, 2, 3, ..., \lfloor x/2 \rfloor that are coprime to x. If the prime factorization of y is y = p_1^{\alpha_1} p_2^{\alpha_2} \cdots p_k^{\alpha_k}, then g_r(y) is the multiset { p_1^{\alpha_1 r}, p_2^{\alpha_2 r}, ..., p_k^{\alpha_k r} }. Let G_top(y, 2) denote the product of the two largest elements of g_r(y) by numerical value; if y has only one distinct prime factor, take G_top(y, 2) to be the single element of g_r(y). For a positive integer z, define h(z) to be the least positive integer m such that z divides m!.

Given integers r = 4, an upper search bound 230, and an offset s = 9, find all integers b with 2 \le b \le 230 such that

f(b) = h(G_top(b, 2)) - s.

After solving the above problem, please output a set (completely enumerating all elements) as your final answer in the following format:
### The final answer is: $\boxed{\{<your answer>\}}$
Example:
### The final answer is: $\boxed{\{101, 102, 103, 104, 105, 106, 107, 108, 109, 110\}}$","### The final answer is: $\boxed{\{4, 81, 108, 162\}}$"
43_prompt13_s04,"Let f(x), g_r(x), and h(x) be functions on positive integers defined as follows. For a positive integer x, f(x) is the number of integers in the list 1, 2, 3, ..., ⌊x/2⌋ that are coprime to x. If the prime factorization of y is y = p_1^{\alpha_1} p_2^{\alpha_2} \cdots p_k^{\alpha_k}, then g_r(y) is the multiset { p_1^{\alpha_1 r}, p_2^{\alpha_2 r}, ..., p_k^{\alpha_k r} }. Let G_top(y, 2) denote the product of the two largest elements of g_r(y) by numerical value; if y has only one distinct prime factor, take G_top(y, 2) to be the single element of g_r(y). For a positive integer z, define h(z) to be the least positive integer m such that z divides m!.

Given integers r = 3, an upper search bound 201, and an offset s = 4, find all integers b with 2 ≤ b ≤ 201 such that

f(b) = h(G_top(b, 2)) − s.

After solving the above problem, please output a set (completely enumerating all elements) as your final answer in the following format:
### The final answer is: $\boxed{\{<your answer>\}}$
Example:
### The final answer is: $\boxed{\{101, 102, 103, 104, 105, 106, 107, 108, 109, 110\}}$",### The final answer is: $\boxed{\{64\}}$
43_prompt16_s01,"Let F_r(x), G_s(y), and H_\lambda(z) be functions on positive integers defined as follows. For a fixed integer r \ge 2, let F_r(x) be the number of integers in the list 1, 2, 3, \dots, \lfloor x/r \rfloor that are coprime to x. For a positive integer y with prime factorization y=\prod p_i^{\alpha_i}, define G_s(y)=\max_i p_i^{s\alpha_i}. For a prime power z=p^e (p prime, e\ge 1), define H_\lambda(z) to be the least positive integer m such that the p-adic valuation v_p(m!)\ge \lambda e. Determine all integers b with 1<b\le 132004 such that F_{415}(b)=H_3(G_3(b)). After solving, please output the complete set of such b in the exact format: ### The final answer is: $\boxed{\{b_1, b_2, \dots, b_t\}}$","### The final answer is: $\boxed{\{52325, 58077, 60544, 62775, 65875, 66625, 68992, 69741, 70144, 70720, 74115, 78975, 80896, 84672, 87400, 88064, 88400, 89817, 93555, 100352, 101760, 108702, 110484, 117126, 124000, 131072\}}$"
43_prompt16_s02,"Let F_{137}(x), G_2(y), and H_1(z) be functions on positive integers defined as follows. For a positive integer x, let F_{137}(x) be the number of integers in the list 1, 2, 3, ..., \lfloor x/137 \rfloor that are coprime to x. For a positive integer y with prime factorization y = \prod p_i^{\alpha_i}, define G_2(y) = \max_i p_i^{2\alpha_i}. For a prime power z = p^e (p prime, e \ge 1), define H_1(z) to be the least positive integer m such that the p-adic valuation v_p(m!) \ge e. Determine all integers b with 1 < b \le 17104 such that F_{137}(b) = H_1(G_2(b^2)). After solving, please output the complete set of such b in the exact format: ### The final answer is: $\boxed{\{b_1, b_2, \dots, b_t\}}$","### The final answer is: $\boxed{\{8800, 9472, 9920, 10725, 11200, 11712, 12691, 13189, 14300, 14400, 14850, 15228, 16128, 16384\}}$"
44_prompt01_s03,"Let N be a positive integer with N divisible by 6, and let r be an integer in {0,1,2}. Consider the sum S = \sum_{n=0}^{\left\lfloor\frac{N-r}{3}\right\rfloor} (-1)^n \binom1674{3n + r}. Define a = \log_{3}\left(\frac{ 1 }{ 1 } \cdot S\right), where 1/1 is a rational scaling factor provided below.
Constraints for this instance:
- If r = 0, then N \equiv 0 \pmod{12} and the scale is 1/1 = 1/2.
- If r \in \{1,2\}, then N \equiv 6 \pmod{12} and the scale is 1/1 = 1.
Under these constraints, the quantity inside the logarithm is a positive integral power of 3, so a is a positive integer.
Compute the sum of the distinct prime factors of the integer P = a^2 + (a - 2)^4.
After solving, output your final answer in the format:
### The final answer is: \boxed{<your answer>} 
with exact arithmetic (use LaTeX symbols when appropriate and at least four decimal places if using decimals).",### The final answer is: \boxed{15118714003}
44_prompt02_s01,"In a math contest, let n = 96 (a positive integer multiple of 24). Consider the alternating 3-step binomial sum S = \(\sum_{k=0}^{n/3}(-1)^k\binom96{3k}\). Define \(a = \log_3\!\left(\frac{1}{2}S\right)\), which is guaranteed to be a positive integer for this n. Let e = 6 (an even exponent). Now form the integer \(X = a^2 + (a - 1)^e\). Calculate the sum of the distinct prime factors of X.
After solving the above problem, please output your final answer in the following format:
### The final answer is: \(\boxed{<your answer>}\)
Example:
### The final answer is: \(\boxed{123}\)",### The final answer is: \boxed{1894859826}
44_prompt02_s05,"In a math contest, let n = 96 (a positive integer multiple of 24). Consider the alternating 3-step binomial sum S = \(\sum_{k=0}^{n/3}(-1)^k\binom96{3k}\). Define \(a = \log_3\!\left(\frac{1}{2}S\right)\), which is guaranteed to be a positive integer for this n. Let e = 6 (an even exponent). Now form the integer \(X = a^2 + (a - 1)^e\). Calculate the sum of the distinct prime factors of X.
After solving the above problem, please output your final answer in the following format:
### The final answer is: \(\boxed{<your answer>}\)
Example:
### The final answer is: \(\boxed{123}\)",### The final answer is: \boxed{1894859826}
44_prompt03_s01,"Let a be defined by a = log_3(-3 * sum_{k=0}^{\left\lfloor\frac{n - r}{3}\right\rfloor} (-1)^k \binom240{3k + r}). For E = a^2 + (a - u)^4 + (a + v)^3, compute the sum of the distinct prime factors of E. Here n = 240, r = 2, u = 1, and v = 1.",479644
44_prompt03_s02,"Let a be defined by a = log_3(-3 * sum_{k=0}^{\left\lfloor\frac{n - r}{3}\right\rfloor} (-1)^k \binom72{3k + r}). For E = a^2 + (a - u)^4 + (a + v)^3, compute the sum of the distinct prime factors of E. Here n = 72, r = 2, u = 1, and v = 4.",13183
45_prompt01_s01,"In a number theory challenge, you are given three parameters u=23, v=25 (both odd and coprime), and K=14. Define a sequence of n positive integers a_1, a_2, ..., a_n with each a_i ≤ 2^14. We say the sequence has the weighted anti-balance property if for any 1 ≤ i < j ≤ n, there is no non-empty proper subset A ⊂ {i, i+1, ..., j} such that
v · (∑_{k ∈ A} a_k) = u · (∑_{k ∈ {i, i+1, ..., j} \ A} a_k).
Find the largest possible n (as a function of u, v, and K) for which such a sequence exists.

After solving the above problem, please output your final answer in the following format:
### The final answer is: \boxed{<your answer>}
Example:
### The final answer is: \boxed{123}",786431
45_prompt01_s03,"In a number theory challenge, you are given three parameters u=7, v=27 (both odd and coprime), and K=10. Define a sequence of n positive integers a_1, a_2, ..., a_n with each a_i ≤ 2^10. We say the sequence has the weighted anti-balance property if for any 1 ≤ i < j ≤ n, there is no non-empty proper subset A ⊂ {i, i+1, ..., j} such that
v · (∑_{k ∈ A} a_k) = u · (∑_{k ∈ {i, i+1, ..., j} \ A} a_k).
Find the largest possible n (as a function of u, v, and K) for which such a sequence exists.

After solving the above problem, please output your final answer in the following format:
### The final answer is: \boxed{<your answer>}
Example:
### The final answer is: \boxed{123}",34815
45_prompt01_s04,"In a number theory challenge, you are given three parameters u=5, v=7 (both odd and coprime), and K=12. Define a sequence of n positive integers a_1, a_2, ..., a_n with each a_i ≤ 2^12. We say the sequence has the weighted anti-balance property if for any 1 ≤ i < j ≤ n, there is no non-empty proper subset A ⊂ {i, i+1, ..., j} such that
v · (∑_{k ∈ A} a_k) = u · (∑_{k ∈ {i, i+1, ..., j} \ A} a_k).
Find the largest possible n (as a function of u, v, and K) for which such a sequence exists.

After solving the above problem, please output your final answer in the following format:
### The final answer is: \boxed{<your answer>}
Example:
### The final answer is: \boxed{123}",49151
45_prompt01_s05,"In a number theory challenge, you are given three parameters u=7, v=9 (both odd and coprime), and K=16. Define a sequence of n positive integers a_1, a_2, ..., a_n with each a_i ≤ 2^16. We say the sequence has the weighted anti-balance property if for any 1 ≤ i < j ≤ n, there is no non-empty proper subset A ⊂ {i, i+1, ..., j} such that
v · (∑_{k ∈ A} a_k) = u · (∑_{k ∈ {i, i+1, ..., j} \ A} a_k).
Find the largest possible n (as a function of u, v, and K) for which such a sequence exists.

After solving the above problem, please output your final answer in the following format:
### The final answer is: \boxed{<your answer>}
Example:
### The final answer is: \boxed{123}",1048575
45_prompt02_s04,"In a math contest, there are 16383 tokens available, each labeled with a positive integer value not exceeding 512. Consider any sequence of None positive integers a_1, a_2, ..., a_None, each at most 512. For fixed coprime odd integers 17 and 15, define the following strengthened balance condition over every contiguous block: for any indices 1 ≤ i < j ≤ None, there is no non-empty proper subset A of {i, i+1, ..., j} such that 17 * (sum of a_k over k in A) equals 15 * (sum of a_k over k in {i, ..., j} \ A). Determine the largest possible None for which such a sequence can exist. Your final output must be in the format: '### The final answer is: $\boxed{<answer>}$'.",### The final answer is: \oxed{16383}
46_prompt01_s02,"In a math contest, a miner explores a 3-dimensional hypercubic grid of mud blocks of side length 3 (so there are 3^3 blocks in total). He starts from one block and digs consecutively through face-adjacent blocks until all blocks are dug out, forming a Hamiltonian path. We say he ""dug a straight line"" once if, at some point along his consecutive path, there are exactly 3 consecutive dug blocks that are collinear along a single coordinate axis (i.e., an axis-parallel straight run of length 3). Among all possible such Hamiltonian paths, determine the maximum possible number of times he can ""dig a straight line."" After solving the above problem, please summarize your final answer using the following format:
### The final answer is: <Your answer>",11
46_prompt01_s03,"In a math contest, a miner explores a 3-dimensional hypercubic grid of mud blocks of side length 3 (so there are 3^3 blocks in total). He starts from one block and digs consecutively through face-adjacent blocks until all blocks are dug out, forming a Hamiltonian path. We say he ""dug a straight line"" once if, at some point along his consecutive path, there are exactly 3 consecutive dug blocks that are collinear along a single coordinate axis (i.e., an axis-parallel straight run of length 3). Among all possible such Hamiltonian paths, determine the maximum possible number of times he can ""dig a straight line."" After solving the above problem, please summarize your final answer using the following format:
### The final answer is: <Your answer>",11
46_prompt01_s05,"In a math contest, a miner explores a 3-dimensional hypercubic grid of mud blocks of side length 7 (so there are 7^3 blocks in total). He starts from one block and digs consecutively through face-adjacent blocks until all blocks are dug out, forming a Hamiltonian path. We say he ""dug a straight line"" once if, at some point along his consecutive path, there are exactly 7 consecutive dug blocks that are collinear along a single coordinate axis (i.e., an axis-parallel straight run of length 7). Among all possible such Hamiltonian paths, determine the maximum possible number of times he can ""dig a straight line."" After solving the above problem, please summarize your final answer using the following format:
### The final answer is: <Your answer>",51
46_prompt02_s01,"A miner must dig through all blocks of a 3-dimensional grid of size 3\times 3\times 3, visiting each block exactly once via moves that change exactly one coordinate by \pm 1 (face-adjacent moves only). Along his entire dig order, define a ""straight 3-line"" as any subsequence of 3 consecutive visited blocks such that the 2 consecutive moves are along the same coordinate axis in the same direction, so the 3 visited blocks lie on a single axis-aligned line. Overlapping subsequences are counted separately by their starting position. Determine the exact maximum possible number of straight 3-lines the miner can achieve.",11
46_prompt02_s02,"A miner must dig through all blocks of a k-dimensional grid of size n by n by ... by n (k times), visiting each block exactly once via moves that change exactly one coordinate by ±1 (face-adjacent moves only). Along his entire dig order, define a ""straight n-line"" as any subsequence of n consecutive digs that all proceed along the same coordinate axis in the same direction, so the visited n+1 blocks lie on a single axis-aligned line. Overlapping subsequences are counted separately by their starting step. Given integers 3 and 3 with k ≥ 3 and n ≥ 3, determine the exact maximum possible number of straight n-lines the miner can achieve. After solving, please summarize your final answer using the following format: The final answer is: <Your answer>.",11
47_prompt01_s01,"Graph family generalization: Consider a simple graph G on 95 vertices with the property that any two non-adjacent vertices have exactly 3 common neighbors. There exist adjacent vertices v1 and v2 that share no common neighbors, and d(v1) = 15. Define M to be the maximum possible value of d(v2) − d(v1) among all graphs satisfying these conditions (set M = 0 if no such graph exists). Let a be the smallest positive real root of the equation H(x) = M · T(x), where H(x) = (x^3 − 16 x^2 − 1)(x^3 + 4 x^2 + 11 x + 8) and T(x) = 2x^2 − 3x + 5 − M. Compute the remainder of the closest integer to a^{88} when divided by 10^{6}. Output your final answer in the format: ### The final answer is: \boxed{<integer remainder>}.",636160
47_prompt01_s02,"Graph family generalization: Consider a simple graph G on 89 vertices with the property that any two non-adjacent vertices have exactly 3 common neighbors. There exist adjacent vertices v1 and v2 that share no common neighbors, and d(v1) = 16. Define M to be the maximum possible value of d(v2) − d(v1) among all graphs satisfying these conditions (set M = 0 if no such graph exists). Let a be the smallest positive real root of the equation H(x) = M · T(x), where H(x) = (x^3 − 14 x^2 − 1)(x^3 + 3 x^2 + 3 x + 13) and T(x) = 2x^2 − 3x + 5 − M. Compute the remainder of the closest integer to a^{88} when divided by 10^{5}. Output your final answer in the format: ### The final answer is: \boxed{<integer remainder>}.",16080
47_prompt01_s03,"Graph family generalization: Consider a simple graph G on 92 vertices with the property that any two non-adjacent vertices have exactly 5 common neighbors. There exist adjacent vertices v1 and v2 that share no common neighbors, and d(v1) = 14. Define M to be the maximum possible value of d(v2) − d(v1) among all graphs satisfying these conditions (set M = 0 if no such graph exists). Let a be the smallest positive real root of the equation H(x) = M · T(x), where H(x) = (x^3 − 10 x^2 − 1)(x^3 + 4 x^2 + 10 x + 5) and T(x) = 2x^2 − 3x + 5 − M. Compute the remainder of the closest integer to a^{110} when divided by 10^{6}. Output your final answer in the format: ### The final answer is: \boxed{<integer remainder>}.",403500
47_prompt01_s04,"Graph family generalization: Consider a simple graph G on 117 vertices with the property that any two non-adjacent vertices have exactly 4 common neighbors. There exist adjacent vertices v1 and v2 that share no common neighbors, and d(v1) = 9. Define M to be the maximum possible value of d(v2) − d(v1) among all graphs satisfying these conditions (set M = 0 if no such graph exists). Let a be the smallest positive real root of the equation H(x) = M · T(x), where H(x) = (x^3 − 15 x^2 − 1)(x^3 + 2 x^2 + 6 x + 7) and T(x) = 2x^2 − 3x + 5 − M. Compute the remainder of the closest integer to a^{146} when divided by 10^{4}. Output your final answer in the format: ### The final answer is: \boxed{<integer remainder>}.",2950
47_prompt02_s01,"Consider a finite simple graph G on 57 vertices. For any two non-adjacent vertices, they have exactly 3 common neighbors. There exist adjacent vertices v_1 and v_2 with no common neighbors, and d(v_1) = 13. Define M = max(d(v_2) − d(v_1)) if such a graph G exists, and M = 0 otherwise. Let a be the smallest positive real root of the equation P(x) = M · Q(x), where P(x) = x^3 − 11x^2 − 3 and Q(x) = 2x^3 − 11x^2 + 6x − 30 − M. Compute the remainder of the closest integer to a^{77} when divided by 1000. After solving, output your final answer in the following format:
### The final answer is: \boxed{<answer>}",501
48_prompt01_s01,"A city is modeled as an 6×6 square grid of blocks. The city adopts a k‑tuple total domination regulation: for every block in the grid (including blocks that host a booth), at least 1 of its four orthogonally adjacent blocks (up, down, left, right) must contain a security booth. Determine the minimum number of security booths required to meet the regulation throughout the city. After solving the problem, please output your final answer in the following format:
### The final answer is: $\boxed{<your answer>}$
Example:
### The final answer is: $\boxed{123}$
The final answer should be given as precisely as possible (using LaTeX symbols such as \sqrt, \frac, \pi, etc.). If the final answer involves a decimal approximation, it must be accurate to at least four decimal places.",12
48_prompt01_s02,"A city is modeled as an 5×5 square grid of blocks. The city adopts a k‑tuple total domination regulation: for every block in the grid (including blocks that host a booth), at least 1 of its four orthogonally adjacent blocks (up, down, left, right) must contain a security booth. Determine the minimum number of security booths required to meet the regulation throughout the city. After solving the problem, please output your final answer in the following format:
### The final answer is: $\boxed{<your answer>}$
Example:
### The final answer is: $\boxed{123}$
The final answer should be given as precisely as possible (using LaTeX symbols such as \sqrt, \frac, \pi, etc.). If the final answer involves a decimal approximation, it must be accurate to at least four decimal places.",9
48_prompt01_s03,"A city is modeled as an 8×5 square grid of blocks. The city adopts a k‑tuple total domination regulation: for every block in the grid (including blocks that host a booth), at least 1 of its four orthogonally adjacent blocks (up, down, left, right) must contain a security booth. Determine the minimum number of security booths required to meet the regulation throughout the city. After solving the problem, please output your final answer in the following format:
### The final answer is: $\boxed{<your answer>}$
Example:
### The final answer is: $\boxed{123}$
The final answer should be given as precisely as possible (using LaTeX symbols such as \sqrt, \frac, \pi, etc.). If the final answer involves a decimal approximation, it must be accurate to at least four decimal places.",14
48_prompt01_s04,"A city is modeled as an 8×5 square grid of blocks. The city adopts a k‑tuple total domination regulation: for every block in the grid (including blocks that host a booth), at least 2 of its four orthogonally adjacent blocks (up, down, left, right) must contain a security booth. Determine the minimum number of security booths required to meet the regulation throughout the city. After solving the problem, please output your final answer in the following format:
### The final answer is: $\boxed{<your answer>}$
Example:
### The final answer is: $\boxed{123}$
The final answer should be given as precisely as possible (using LaTeX symbols such as \sqrt, \frac, \pi, etc.). If the final answer involves a decimal approximation, it must be accurate to at least four decimal places.",26
48_prompt01_s05,"A city is modeled as an 6×6 square grid of blocks. The city adopts a k‑tuple total domination regulation: for every block in the grid (including blocks that host a booth), at least 2 of its four orthogonally adjacent blocks (up, down, left, right) must contain a security booth. Determine the minimum number of security booths required to meet the regulation throughout the city. After solving the problem, please output your final answer in the following format:
### The final answer is: $\boxed{<your answer>}$
Example:
### The final answer is: $\boxed{123}$
The final answer should be given as precisely as possible (using LaTeX symbols such as \sqrt, \frac, \pi, etc.). If the final answer involves a decimal approximation, it must be accurate to at least four decimal places.",24
49_prompt01_s01,"On an infinite integer lattice, every point hosts a lamp with two states: on/off. Pressing the lamp at integer coordinates \((x,y)\) toggles every lamp with first coordinate \(x\) and every lamp with second coordinate \(y\), with the pressed lamp toggled only once. Let \(f(x)=x^2-39x-47\) and \(g(x)=85x+168\). Assume the quartic equation \(f(f(x))=g(x)\) has four real roots \(r_1<r_2<r_3<r_4\). You may press lamps only at points \((x,y)\) satisfying \(1\le x\le 17\) and \(1\le y\le r_2+r_3\). Regardless of the initial configuration of all lamps on the plane, determine the minimum number of lamps that you can guarantee to be lit inside this operable rectangle after optimal pressing. Give your answer in the format:
### The final answer is: \\boxed{<your answer>}",627
49_prompt01_s02,"On an infinite integer lattice, every point hosts a lamp with two states: on/off. Pressing the lamp at integer coordinates (x, y) toggles all lamps in row x and all lamps in column y (the pressed lamp toggles exactly once). Let f(x)=x^2-5x-6 and g(x)=11x+5. Assume the quartic equation f(f(x))=g(x) has four real roots r_1<r_2<r_3<r_4. You may press lamps only at points (x,y) satisfying 1 ≤ x ≤ 9 and 1 ≤ y ≤ (r_2+r_3). Regardless of the initial configuration of all lamps on the plane, determine the minimum number of lamps that you can guarantee to be lit inside this operable rectangle after optimal pressing. Give your answer in the format:
### The final answer is: \boxed{<your answer>}",34
49_prompt01_s03,"On an infinite integer lattice, every point hosts a lamp with two states: on/off. Pressing the lamp at integer coordinates (x, y) toggles all lamps in row x and all lamps in column y (the pressed lamp toggles exactly once). Let f(x) = x^2 - 13x - 114 and g(x) = 33x + 64. Assume the quartic equation f(f(x)) = g(x) has four real roots r_1 < r_2 < r_3 < r_4. You may press lamps only at points (x, y) satisfying 1 ≤ x ≤ 13 and 1 ≤ y ≤ r_2 + r_3. Regardless of the initial configuration of all lamps on the plane, determine the minimum number of lamps that you can guarantee to be lit inside this operable rectangle after optimal pressing. Give your answer in the format:
### The final answer is: \boxed{<your answer>}",150
49_prompt01_s04,"On an infinite integer lattice, every point hosts a lamp with two states: on/off. Pressing the lamp at integer coordinates (x, y) toggles all lamps in row x and all lamps in column y (the pressed lamp toggles exactly once). Let f(x) = x^2 - 45 x + 113 and g(x) = 95 x + 141. Assume the quartic equation f(f(x)) = g(x) has four real roots r_1 < r_2 < r_3 < r_4. You may press lamps only at points (x, y) satisfying 1 ≤ x ≤ 21 and 1 ≤ y ≤ (r_2 + r_3). Regardless of the initial configuration of all lamps on the plane, determine the minimum number of lamps that you can guarantee to be lit inside this operable rectangle after optimal pressing. Give your answer in the format:
### The final answer is: \boxed{<your answer>}",902
49_prompt01_s05,"On an infinite integer lattice, every point hosts a lamp with two states: on/off. Pressing the lamp at integer coordinates (x, y) toggles all lamps in row x and all lamps in column y (the pressed lamp toggles exactly once). Let f(x) = x^2 - 17x - 176 and g(x) = 39x + 57. Assume the quartic equation f(f(x)) = g(x) has four real roots r_1 < r_2 < r_3 < r_4. You may press lamps only at points (x, y) satisfying 1 ≤ x ≤ 23 and 1 ≤ y ≤ r_2 + r_3. Regardless of the initial configuration of all lamps on the plane, determine the minimum number of lamps that you can guarantee to be lit inside this operable rectangle after optimal pressing. Give your answer in the format:
### The final answer is: \boxed{<your answer>}",### The final answer is: \boxed{360}
5_prompt02_s04,"Consider the sequence {a_n} of positive real numbers with a_1 = 7.0357142857, which satisfies the implicit recurrence for all n ≥ 1: T_{8}(a_{n+1}) = a_n, where T_k(x) is the Chebyshev polynomial of the first kind defined by T_0(x) = 1, T_1(x) = x, and T_{k+1}(x) = 2x T_k(x) − T_{k-1}(x). Find a closed-form expression for a_n in terms of n. After solving, please output your final answer in the format: ### The final answer is: \boxed{<your answer>}","\cosh\left(\frac{\operatorname{arcosh}\,7.0357142857}{8^{\,n-1}}\right)"
50_prompt06_s01,"In a math contest, consider the monic degree-6 polynomial f(x) = (x^2 - 48x - 2)(x^4 + 2). Let \alpha be the smallest positive real root of f(x)=0 (i.e., the positive root of x^2 - 48x - 2=0). Let the exponent be n = 31. Define the composite modulus 406847 = 19^{ {e1} } \cdot 23^{ {e2} } \cdot 7^{ {e3} }. Set N to be the remainder when the nearest integer to \alpha^31 is divided by 406847. Three inspectors evaluate an ID m using modular rules: Inspector A accepts m iff its residue modulo 19^{ {e1} } is a non-zero 3-th power residue; Inspector B uses modulo 23^{ {e2} } with 7-th power residues; Inspector C uses modulo 7^{ {e3} } with 3-th power residues. An ID is qualified iff all three inspectors pass it. Let M = 4 \cdot 406847. Within the range 1 \le m \le M, how many qualified IDs are there? After solving, please output your final answer in the format: ### The final answer is: \boxed{<answer>}.",140448
50_prompt06_s02,"In a math contest, consider the monic degree-6 polynomial f(x) = (x^2 - 73x - 5)(x^4 + 3). Let \alpha be the smallest positive real root of f(x)=0 (i.e., the positive root of x^2 - 73x - 5=0). Let the exponent be n = 31. Define the composite modulus 804287 = 17^{ {e1} } \cdot 23^{ {e2} } \cdot 11^{ {e3} }. Set N to be the remainder when the nearest integer to \alpha^31 is divided by 804287. Three inspectors evaluate an ID m using modular rules: Inspector A accepts m iff its residue modulo 17^{ {e1} } is a non-zero 12-th power residue; Inspector B uses modulo 23^{ {e2} } with 14-th power residues; Inspector C uses modulo 11^{ {e3} } with 10-th power residues. An ID is qualified iff all three inspectors pass it. Let M = 2 \cdot 804287. Within the range 1 \le m \le M, how many qualified IDs are there? After solving, please output your final answer in the format: ### The final answer is: \boxed{<answer>}.",16456
50_prompt06_s03,"In a math contest, consider the monic degree-6 polynomial f(x) = (x^2 - 37x - 4)(x^4 + 4). Let \alpha be the smallest positive real root of f(x)=0 (i.e., the positive root of x^2 - 37x - 4=0). Let the exponent be n = 22. Define the composite modulus 87451 = 31^{ {e1} } \cdot 7^{ {e2} } \cdot 13^{ {e3} }. Set N to be the remainder when the nearest integer to \alpha^22 is divided by 87451. Three inspectors evaluate an ID m using modular rules: Inspector A accepts m iff its residue modulo 31^{ {e1} } is a non-zero 9-th power residue; Inspector B uses modulo 7^{ {e2} } with 5-th power residues; Inspector C uses modulo 13^{ {e3} } with 4-th power residues. An ID is qualified iff all three inspectors pass it. Let M = 2 \cdot 87451. Within the range 1 \le m \le M, how many qualified IDs are there? After solving, please output your final answer in the format: ### The final answer is: \boxed{<answer>}.",11160
50_prompt06_s04,"In a math contest, consider the monic degree-6 polynomial f(x) = (x^2 - 31x - 2)(x^4 + 2). Let \alpha be the smallest positive real root of f(x)=0 (i.e., the positive root of x^2 - 31x - 2=0). Let the exponent be n = 27. Define the composite modulus 237367 = 19^{ {e1} } \cdot 31^{ {e2} } \cdot 13^{ {e3} }. Set N to be the remainder when the nearest integer to \alpha^27 is divided by 237367. Three inspectors evaluate an ID m using modular rules: Inspector A accepts m iff its residue modulo 19^{ {e1} } is a non-zero 13-th power residue; Inspector B uses modulo 31^{ {e2} } with 27-th power residues; Inspector C uses modulo 13^{ {e3} } with 9-th power residues. An ID is qualified iff all three inspectors pass it. Let M = 4 \cdot 237367. Within the range 1 \le m \le M, how many qualified IDs are there? After solving, please output your final answer in the format: ### The final answer is: \boxed{<answer>}.",89280
50_prompt06_s05,"In a math contest, consider the monic degree-6 polynomial f(x) = (x^2 - 45x - 4)(x^4 + 4). Let \alpha be the smallest positive real root of f(x)=0 (i.e., the positive root of x^2 - 45x - 4=0). Let the exponent be n = 39. Define the composite modulus 42757 = 11^{ {e1} } \cdot 13^{ {e2} } \cdot 23^{ {e3} }. Set N to be the remainder when the nearest integer to \alpha^39 is divided by 42757. Three inspectors evaluate an ID m using modular rules: Inspector A accepts m iff its residue modulo 11^{ {e1} } is a non-zero 8-th power residue; Inspector B uses modulo 13^{ {e2} } with 8-th power residues; Inspector C uses modulo 23^{ {e3} } with 7-th power residues. An ID is qualified iff all three inspectors pass it. Let M = 4 \cdot 42757. Within the range 1 \le m \le M, how many qualified IDs are there? After solving, please output your final answer in the format: ### The final answer is: \boxed{<answer>}.",17160
6_prompt01_s01,"In a math contest, 104 positive real numbers x_1, x_2, ..., x_104 are chosen so that for every 1 <= k < m <= 104 the following parity-dependent pairwise constraints hold:
- If k and m have the same parity, then x_k + x_m >= k m + 6.
- If k and m have opposite parity, then x_k + x_m >= k m + 8.
Determine the exact minimum possible value of S = x_1 + x_2 + ... + x_104. After solving, output your final value in the format: ### The final answer is: \boxed{<value>}.",190580
6_prompt01_s02,"In a math contest, 34 positive real numbers x_1, x_2, ..., x_34 are chosen so that for every 1 <= k < m <= 34 the following parity-dependent pairwise constraints hold:
- If k and m have the same parity, then x_k + x_m >= k m + 6.
- If k and m have opposite parity, then x_k + x_m >= k m + 8.
Determine the exact minimum possible value of S = x_1 + x_2 + ... + x_34. After solving, output your final value in the format: ### The final answer is: \boxed{<value>}.",6970
6_prompt01_s03,"In a math contest, 58 positive real numbers x_1, x_2, ..., x_58 are chosen so that for every 1 <= k < m <= 58 the following parity-dependent pairwise constraints hold:
- If k and m have the same parity, then x_k + x_m >= k m + 1.
- If k and m have opposite parity, then x_k + x_m >= k m + 8.
Determine the exact minimum possible value of S = x_1 + x_2 + ... + x_58. After solving, output your final value in the format: ### The final answer is: \boxed{<value>}.",33582
6_prompt01_s04,"In a math contest, 20 positive real numbers x_1, x_2, ..., x_20 are chosen so that for every 1 <= k < m <= 20 the following parity-dependent pairwise constraints hold:
- If k and m have the same parity, then x_k + x_m >= k m + 3.
- If k and m have opposite parity, then x_k + x_m >= k m + 6.
Determine the exact minimum possible value of S = x_1 + x_2 + ... + x_20. After solving, output your final value in the format: ### The final answer is: \boxed{<value>}.",1490
6_prompt01_s05,"In a math contest, 94 positive real numbers x_1, x_2, ..., x_94 are chosen so that for every 1 <= k < m <= 94 the following parity-dependent pairwise constraints hold:
- If k and m have the same parity, then x_k + x_m >= k m + 1.
- If k and m have opposite parity, then x_k + x_m >= k m + 4.
Determine the exact minimum possible value of S = x_1 + x_2 + ... + x_94. After solving, output your final value in the format: ### The final answer is: \boxed{<value>}.",140812
7_prompt01_s04,"Let E(n) = \left\lfloor \dfrac{n!}{(n+1)(n+2)} \right\rfloor. For a fixed power-of-two modulus M = 2^{6}, determine, by complete enumeration, the full set of distinct residues that E(n) attains modulo M as n ranges over the integers n \in \{128, 128+1, \dots, 1930\}. Your final answer must be presented as a fully enumerated set in the format:
### The final answer is: $\boxed{\{r_1, r_2, \dots\}}$
where each r_i is an integer in [0, M-1] and the set contains no duplicates.","### The final answer is: $\boxed{\{0, 2, 4, 6, 8, 10, 12, 14, 16, 18, 20, 22, 24, 26, 28, 30, 32, 34, 36, 38, 40, 42, 44, 46, 48, 50, 52, 54, 56, 58, 60, 62\}}$"
7_prompt02_s01,"In a math contest, 103 students study a family of residue problems. For integers n with 21 \le n \le 111, define A(n):=\left\lfloor\dfrac{n!}{(n+1)(n+2)}\right\rfloor. Determine the complete set of values taken by the expression A(n) - \left\lfloor\dfrac{A(n)}{64}\right\rfloor\cdot 64 as n varies over all integers in the interval [21, 111]. As your final answer, output the set (completely enumerating all elements) in the format: ### The final answer is: $\boxed{\{\text{all elements}\}}$.","### The final answer is: \boxed{\{0, 2, 14, 16, 20, 22, 24, 26, 28, 30, 32, 36, 38, 40, 42, 44, 46, 50, 52, 54, 56\}}"
7_prompt02_s02,"In a math contest, 44 students study a family of residue problems. For integers n with 18 \le n \le 132, define A(n):=\left\lfloor\dfrac{n!}{(n+1)(n+2)}\right\rfloor. Determine the complete set of values taken by the expression A(n) - \left\lfloor\dfrac{A(n)}{64}\right\rfloor\cdot 64 as n varies over all integers in the interval [18, 132]. As your final answer, output the set (completely enumerating all elements) in the format: ### The final answer is: $\boxed{\{\text{all elements}\}}$.","### The final answer is: \boxed{\{0, 2, 14, 16, 20, 22, 24, 26, 28, 30, 32, 36, 38, 40, 42, 44, 46, 50, 52, 54, 56, 62\}}"
7_prompt02_s04,"In a math contest, 170 students study a family of residue problems. For integers n with 19 \le n \le 114, define A(n):=\left\lfloor\dfrac{n!}{(n+1)(n+2)}\right\rfloor. Determine the complete set of values taken by the expression A(n) - \left\lfloor\dfrac{A(n)}{32}\right\rfloor\cdot 32 as n varies over all integers in the interval [19, 114]. As your final answer, output the set (completely enumerating all elements) in the format: ### The final answer is: $\boxed{\{\text{all elements}\}}$.","### The final answer is: \boxed{\{0, 2, 4, 6, 8, 10, 12, 14, 16, 18, 20, 22, 24, 26, 28, 30\}}"
7_prompt03_s05,"In a math contest, for each positive integer n, define F(n) = \left\lfloor \dfrac{n!}{(n+1)(n+2)} \right\rfloor. Fix an integer s = 5 \ge 5. Determine the complete set of all possible values of
F(n) - 2^{s} \cdot \left\lfloor \dfrac{F(n)}{2^{s}} \right\rfloor
as n ranges over all positive integers. (Equivalently, determine all possible residues of F(n) modulo 2^{s}.)

After solving the above problem, please output a set (completely enumerating all elements) as your final answer in the following format:
### The final answer is: $\boxed{\{<your answer>\}}$
Example:
### The final answer is: $\boxed{\{0, 2, 4, \dots, 2^{s}-2\}}$","### The final answer is: $\boxed{\{0, 2, 4, 6, 8, 10, 12, 14, 16, 18, 20, 22, 24, 26, 28, 30\}}$"
8_prompt04_s04,"In a math contest, an odd integer 7 (chosen from {5,7,9}) is fixed. Let a be any positive integer (interpreted in radians), and let x, y, z be positive real numbers. Consider the quantity

Q = \Bigg( \frac{2^{7-1} (\cos a)^{7} - \cos(7a)}{\big(2\cos a + \cos(3a)\big)\big( {q0} + 4(\cos a)^2 + 0(\cos a)^4 \big)} \Bigg) \cdot \Bigg( \frac{x^{\,{p}}\,y^{\,{q}} + y^{\,{p}}\,z^{\,{q}}}{x^{\,{p+q}} + y^{\,{p+q}} + z^{\,{p+q}}} \Bigg).

Find the maximum value of Q over all such a, x, y, z. After solving, please output your result in the format:
### The final answer is: \boxed{<your answer>}
Use as precise an expression as possible; if a decimal is used, it must be accurate to at least four decimal places.",### The final answer is: \boxed{5.4922357788}
8_prompt07_s02,"Consider all positive real numbers x, y, z. Determine the exact maximum value of

\[\left(\frac{16(\cos 2)^5-\cos(5\cdot 2)}{2\cos 2+\cos(3\cdot 2)}\right)\left(\frac{2x^2y+7y^2z}{1\cdot(x^3+y^3+z^3)}\right).\]

After solving the above problem, please output your final answer in the following format:
### The final answer is: \boxed{<your answer>}",### The final answer is: \boxed{\frac{5 \cdot 7}{3 \cdot 1} \left(1 + \sqrt{1 + 4 \left(\frac{2}{7}\right)^3}\right)^{2/3}}
8_prompt12_s04,"In a math contest, an odd integer 11 (with 11 ≥ 7) and an integer 7 (with 7 ≥ 3) are fixed. Let θ be any real number. Consider the expression
S(θ) = \frac{2^{\,{m-1}} (\cos \theta)^11 - \cos(m\theta)}{\sum_{k=1}^{\frac{m-1}{2}} \frac{\binom11{k}}{{L}}\, \cos\big((m-2k)\,\theta\big)}
R(a,b,c) = \frac{{lambda1}\,a^{\,p-1}b + 7\,b^{\,p-1}c + 8\,c^{\,p-1}a}{{mu1}\,a^{\,p} + 46/7\,b^{\,p} + 55/7\,c^{\,p}}
where a, b, c are positive real numbers. Find the exact maximum value of S(θ)·R(a,b,c) over all real θ and all positive a, b, c. After solving the above problem, please output your final answer in the following format:
### The final answer is: $\boxed{<your answer>}$",### The final answer is: $\boxed{11}$
8_prompt15_s04,"In a math contest, the angle parameter 402 is a positive integer. Let 4 positive reals x_1, x_2, ..., x_4 be given, together with an integer exponent 9 ≥ 3 and a list of integers α_1, α_2, ..., α_{k-1} specified as 7, 5, 1, where each α_i satisfies 1 ≤ α_i ≤ 9−1. Define β_i = 9 − α_i for i = 1, 2, ..., 4−1. Determine the exact maximum value of the quantity:

((16 (cos 402)^5 − cos(5 402)) / (2 cos 402 + cos(3 402))) × (Σ_{i=1}^{k−1} x_i^{α_i} x_{i+1}^{β_i}) / (Σ_{i=1}^4 x_i^9).

Report your answer in the form:
### The final answer is: \boxed{<your answer>}",4.44444444444
8_prompt19_s02,"In a math contest, 7 is a fixed odd integer chosen from {5,7}, and 6 and 7 are fixed positive integers. For a positive integer a and positive real numbers b and c, determine the exact maximum value of

\[
\frac{2^{\,\!{m-1}}(\cos a)^7 - \cos(m a)}{{denominator_expr}} \cdot \frac{6\, a^{2} b + 7\, b^{2} c}{a^{3} + b^{3} + c^{3}}.
\]

After solving, please output your final answer in the following format:
### The final answer is: $\boxed{<your answer>}$
The final answer should be given as precisely as possible (using LaTeX symbols such as \sqrt, \frac, \pi, etc.). If the final answer involves a decimal approximation, it must be accurate to at least four decimal places.","### The final answer is: $\boxed{7 \cdot \left(\frac{7\sqrt{7} + \sqrt{7^3 + 4\,6^3}}{3\sqrt{3}}ight)^{2/3}}$"
9_prompt01_s01,"In a math contest, 238 students tackle the following parametric optimization. Let n = 5 be an odd integer (n ≥ 3). Consider the equation in w:

23*17·w^{3n} − (23^2 + 17^2)·w^{2n} + 17^2 = 0,

which has k real roots w_1 < w_2 < … < w_k. Define m = (w_1 + w_k)·w_{\lfloor(1+k)/2\rfloor}. Over all positive real x, y, z, determine the minimum value (accurate to at least four decimal places) of

F(x,y,z) = (x^3 + y^3 + z^3)/(xyz) + (63·m)/(5·(x + y + z))·cube_root(xyz).

You may assume the equation factors as (t·w^5 − 1)(w^{2n} − t·w^5 − 1) = 0 with t = 23/17, and that the three real roots correspond to n being odd.",4.004182
9_prompt01_s02,"In a math contest, 113 students tackle the following parametric optimization. Let n = 3 be an odd integer (n ≥ 3). Consider the equation in w:

13*14·w^{3n} − (13^2 + 14^2)·w^{2n} + 14^2 = 0,

which has k real roots w_1 < w_2 < … < w_k. Define m = (w_1 + w_k)·w_{\lfloor(1+k)/2\rfloor}. Over all positive real x, y, z, determine the minimum value (accurate to at least four decimal places) of

F(x,y,z) = (x^3 + y^3 + z^3)/(xyz) + (63·m)/(5·(x + y + z))·cube_root(xyz).

You may assume the equation factors as (t·w^3 − 1)(w^{2n} − t·w^3 − 1) = 0 with t = 13/14, and that the three real roots correspond to n being odd.",4.293582
9_prompt01_s03,"In a math contest, 239 students tackle the following parametric optimization. Let n = 3 be an odd integer (n ≥ 3). Consider the equation in w:

17*18·w^{3n} − (17^2 + 18^2)·w^{2n} + 18^2 = 0,

which has k real roots w_1 < w_2 < … < w_k. Define m = (w_1 + w_k)·w_{\lfloor(1+k)/2\rfloor}. Over all positive real x, y, z, determine the minimum value (accurate to at least four decimal places) of

F(x,y,z) = (x^3 + y^3 + z^3)/(xyz) + (63·m)/(5·(x + y + z))·cube_root(xyz).

You may assume the equation factors as (t·w^3 − 1)(w^{2n} − t·w^3 − 1) = 0 with t = 17/18, and that the three real roots correspond to n being odd.",4.30704
9_prompt01_s04,"In a math contest, 219 students tackle the following parametric optimization. Let n = 9 be an odd integer (n ≥ 3). Consider the equation in w:

28*23·w^{3n} − (28^2 + 23^2)·w^{2n} + 23^2 = 0,

which has k real roots w_1 < w_2 < … < w_k. Define m = (w_1 + w_k)·w_{\lfloor(1+k)/2\rfloor}. Over all positive real x, y, z, determine the minimum value (accurate to at least four decimal places) of

F(x,y,z) = (x^3 + y^3 + z^3)/(xyz) + (63·m)/(5·(x + y + z))·cube_root(xyz).

You may assume the equation factors as (t·w^9 − 1)(w^{2n} − t·w^9 − 1) = 0 with t = 28/23, and that the three real roots correspond to n being odd.",3.526581
9_prompt01_s05,"In a math contest, 285 students tackle the following parametric optimization. Let n = 3 be an odd integer (n ≥ 3). Consider the equation in w:

30*29·w^{3n} − (30^2 + 29^2)·w^{2n} + 29^2 = 0,

which has k real roots w_1 < w_2 < … < w_k. Define m = (w_1 + w_k)·w_{\lfloor(1+k)/2\rfloor}. Over all positive real x, y, z, determine the minimum value (accurate to at least four decimal places) of

F(x,y,z) = (x^3 + y^3 + z^3)/(xyz) + (63·m)/(5·(x + y + z))·cube_root(xyz).

You may assume the equation factors as (t·w^3 − 1)(w^{2n} − t·w^3 − 1) = 0 with t = 30/29, and that the three real roots correspond to n being odd.",4.381085
