variant_id,question,answer
0_prompt01_s01,"A rectangular grid maze has 433 rows and 432 columns of unit squares. For each middle row (that is, rows 2 through 432), there is exactly one invisible teleportation gate hidden in that row, and no two gates lie in the same column. An explorer may start each attempt from any chosen square in the top row. In an attempt, the explorer may move one square at a time up, down, left, or right, revisiting squares if desired. If the explorer steps on a teleportation gate, the attempt immediately ends and the explorer is returned to the starting square of that attempt; the exact gate location just triggered is then recorded and remembered for future attempts. If the explorer reaches any square in the bottom row, they immediately succeed and the process stops. Give a general strategy that guarantees success in the worst case by the k-th attempt, no matter how the gates are placed subject to the rules, and find the minimum possible value of k in terms of 433 and 432.",3
0_prompt01_s04,"A rectangular grid maze has 1481 rows and 1480 columns of unit squares. For each middle row (that is, rows 2 through 1480), there is exactly one invisible teleportation gate hidden in that row, and all of these gates lie in one of the same two columns. An explorer may start each attempt from any chosen square in the top row. In an attempt, the explorer may move one square at a time up, down, left, or right, revisiting squares if desired. If the explorer steps on a teleportation gate, the attempt immediately ends and the explorer is returned to the starting square of that attempt; the exact gate location just triggered is then recorded and remembered for future attempts. If the explorer reaches any square in the bottom row, they immediately succeed and the process stops. What is the minimum possible value of k such that a strategy can guarantee success by the k-th attempt, no matter how the gates are placed subject to the rules?",3
0_prompt02_s01,"An explorer must traverse a rectangular grid of 188 rows and 286 columns of unit squares. The explorer may begin each attempt at any chosen square in row 1, and may move one square at a time (up, down, left, or right), revisiting squares if desired. Among the middle rows 2 through 187, exactly 9 distinct columns each contain a single invisible teleport gate (located at an arbitrary, adversarially chosen middle-row position within that column), while the remaining 277 columns contain no gate at all. No column contains more than one gate, but a row may contain gates in multiple columns. If the explorer ever steps on a gate, the explorer is immediately returned to the chosen start square and that attempt ends; the location of the touched gate is then perfectly recorded and remembered for all future attempts. Reaching any square in row 188 ends the process successfully. The total number 9 of gated columns is known in advance to the explorer. In the worst case over all placements of the gates consistent with these rules, determine the minimal number k of attempts required by an optimal strategy to guarantee success. Output this minimal k.",10
0_prompt02_s02,"An explorer must traverse a rectangular grid of 233 rows and 13 columns of unit squares. The explorer may begin each attempt at any chosen square in row 1, and may move one square at a time (up, down, left, or right), revisiting squares if desired. Among the middle rows 2 through 232, exactly 7 distinct columns each contain a single invisible teleport gate (located at an arbitrary, adversarially chosen middle-row position within that column), while the remaining 6 columns contain no gate at all. No column contains more than one gate, but a row may contain gates in multiple columns. If the explorer ever steps on a gate, the explorer is immediately returned to the chosen start square and that attempt ends; the location of the touched gate is then perfectly recorded and remembered for all future attempts. Reaching any square in row 233 ends the process successfully. The total number 7 of gated columns is known in advance to the explorer. In the worst case over all placements of the gates consistent with these rules, determine the minimal number k of attempts required by an optimal strategy to guarantee success. Output this minimal k.",8
0_prompt02_s03,"An explorer must traverse a rectangular grid of 107 rows and 122 columns of unit squares. The explorer may begin each attempt at any chosen square in row 1, and may move one square at a time (up, down, left, or right), revisiting squares if desired. Among the middle rows 2 through 106, exactly 75 distinct columns each contain a single invisible teleport gate (located at an arbitrary, adversarially chosen middle-row position within that column), while the remaining 47 columns contain no gate at all. No column contains more than one gate, but a row may contain gates in multiple columns. If the explorer ever steps on a gate, the explorer is immediately returned to the chosen start square and that attempt ends; the location of the touched gate is then perfectly recorded and remembered for all future attempts. Reaching any square in row 107 ends the process successfully. The total number 75 of gated columns is known in advance to the explorer. In the worst case over all placements of the gates consistent with these rules, determine the minimal number k of attempts required by an optimal strategy to guarantee success. Output this minimal k.",76
1_prompt02_s01,"In a math contest, for each integer n ≥ 5, define an (n − 5 + 1) by (n − 5 + 1) matrix M_n(λ) as follows: for i = 5, 5 + 1, …, n, the i-th diagonal entry is (i + 4)(i + 4 + 1)…(i + 4 + 5 − 1) − λ, and every off-diagonal entry equals −λ. Let λ_n be the maximal real λ > 0 with det(M_n(λ)) = 0. Determine the exact value of L = limsup_{n→∞} λ_n.",47520
1_prompt02_s02,"In a math contest, for each integer n ≥ 5, define an (n − 5 + 1) by (n − 5 + 1) matrix M_n(λ) as follows: for i = 5, 5 + 1, …, n, the i-th diagonal entry is (i + 4)(i + 4 + 1)…(i + 4 + 6 − 1) − λ, and every off-diagonal entry equals −λ. Let λ_n be the maximal real λ > 0 with det(M_n(λ)) = 0. Determine the exact value of L = limsup_{n→∞} λ_n.",772200
1_prompt02_s03,"In a math contest, for each integer n ≥ 5, define an (n − 5 + 1) by (n − 5 + 1) matrix M_n(λ) as follows: for i = 5, 5 + 1, …, n, the i-th diagonal entry is (i + 3)(i + 3 + 1)…(i + 3 + 4 − 1) − λ, and every off-diagonal entry equals −λ. Let λ_n be the maximal real λ > 0 with det(M_n(λ)) = 0. Determine the exact value of L = limsup_{n→∞} λ_n.",2160
1_prompt02_s04,"In a math contest, for each integer n ≥ 5, define an (n − 5 + 1) by (n − 5 + 1) matrix M_n(λ) as follows: for i = 5, 5 + 1, …, n, the i-th diagonal entry is (i + 2)(i + 2 + 1)…(i + 2 + 4 − 1) − λ, and every off-diagonal entry equals −λ. Let λ_n be the maximal real λ > 0 with det(M_n(λ)) = 0. Determine the exact value of L = limsup_{n→∞} λ_n.",1512
1_prompt02_s05,"In a math contest, for each integer n ≥ 5, define an (n − 5 + 1) by (n − 5 + 1) matrix M_n(λ) as follows: for i = 5, 5 + 1, …, n, the i-th diagonal entry is (i + 0)(i + 0 + 1)…(i + 0 + 5 − 1) − λ, and every off-diagonal entry equals −λ. Let λ_n be the maximal real λ > 0 with det(M_n(λ)) = 0. Determine the exact value of L = limsup_{n→∞} λ_n.",6720
10_prompt01_s02,"Define N to be the least positive integer that cannot be expressed as a sum of at most 1767 terms of the form ± 2^{b_i}, where each b_i is a nonnegative integer and repetitions of exponents are allowed. Compute N modulo 61713647.",42093190
10_prompt01_s03,"Define N to be the least positive integer that cannot be expressed as a sum of at most 424 terms of the form ± 2^{b_i}, where each b_i is a nonnegative integer and repetitions of exponents are allowed. Compute N modulo 43356542.",8089541
10_prompt01_s04,"Define N to be the least positive integer that cannot be expressed as a sum of at most 5748 terms of the form ± 2^{b_i}, where each b_i is a nonnegative integer and repetitions of exponents are allowed. Compute N modulo 11523907.",7917559
10_prompt02_s01,"Let N be the minimal positive integer that cannot be expressed as sum_{i=1}^18208 (-1)^{a_i} 2^{b_i}, where each a_i and b_i is a nonnegative integer and exponents b_i may repeat. Compute N modulo 2097319.",705148
10_prompt02_s02,"Let N be the minimal positive integer that cannot be expressed as sum_{i=1}^29199 (-1)^{a_i} 2^{b_i}, where each a_i and b_i is a nonnegative integer and exponents b_i may repeat. Compute N modulo 1048659.",989773
11_prompt01_s01,"On an 9x8 grid, a bishop moves along diagonals, but blocked squares stop lines of sight and cannot be occupied. Let B be the set of blocked squares, listed as row-column pairs with 1-based indices: [(1, 7), (2, 8), (3, 2), (3, 3), (3, 7), (3, 8), (4, 1), (4, 4), (5, 8), (6, 8), (7, 3), (7, 4), (8, 6), (9, 6)].
You may mark only unblocked squares. Determine the smallest number of unblocked squares that must be marked so that for every legal placement of a single bishop on any unblocked square, each of the two diagonals through that square contains at least one marked unblocked square (the bishop's own square counts if it is marked). Provide only the minimal number.",23
11_prompt01_s02,"On an 11x8 grid, a bishop moves along diagonals, but blocked squares stop lines of sight and cannot be occupied. Let B be the set of blocked squares, listed as row-column pairs with 1-based indices: [(1, 1), (2, 2), (2, 3), (2, 4), (2, 6), (2, 7), (2, 8), (4, 1), (4, 3), (5, 3), (5, 4), (6, 2), (7, 1), (8, 3), (8, 8), (9, 3), (11, 3), (11, 4), (11, 7)].
You may mark only unblocked squares. Determine the smallest number of unblocked squares that must be marked so that for every legal placement of a single bishop on any unblocked square, each of the two diagonals through that square contains at least one marked unblocked square (the bishop's own square counts if it is marked). Provide only the minimal number.",28
11_prompt01_s03,"On an 8x14 grid, a bishop moves along diagonals, but blocked squares stop lines of sight and cannot be occupied. Let B be the set of blocked squares, listed as row-column pairs with 1-based indices: [(1, 1), (1, 9), (2, 4), (2, 7), (2, 13), (3, 1), (3, 3), (3, 8), (3, 14), (4, 2), (4, 3), (4, 5), (4, 11), (4, 12), (4, 14), (5, 8), (5, 12), (5, 14), (6, 3), (6, 7), (7, 1), (7, 5), (7, 12), (8, 2), (8, 7)].
You may mark only unblocked squares. Determine the smallest number of unblocked squares that must be marked so that for every legal placement of a single bishop on any unblocked square, each of the two diagonals through that square contains at least one marked unblocked square (the bishop's own square counts if it is marked). Provide only the minimal number.",36
11_prompt01_s04,"On an 13x8 grid, a bishop moves along diagonals, but blocked squares stop lines of sight and cannot be occupied. Let B be the set of blocked squares, listed as row-column pairs with 1-based indices: [(2, 2), (2, 8), (4, 5), (4, 6), (4, 8), (5, 3), (5, 6), (6, 5), (7, 2), (8, 3), (9, 2), (10, 1), (10, 3), (10, 4), (11, 1), (11, 6), (12, 2), (12, 5), (13, 7)].
You may mark only unblocked squares. Determine the smallest number of unblocked squares that must be marked so that for every legal placement of a single bishop on any unblocked square, each of the two diagonals through that square contains at least one marked unblocked square (the bishop's own square counts if it is marked). Provide only the minimal number.",31
11_prompt02_s01,"On a 9 x 19 chessboard, what is the minimum number of squares that must be marked so that for every placement of a single bishop on any square, both diagonals through that square contain at least one marked square (if the bishop is placed on a marked square, it counts for both diagonals)?",27
12_prompt01_s01,"In a cyclic arrangement of 9 positive integers x_1, x_2, ..., x_9 (indices taken modulo 9), and for an exponent p = 5, let D be the set of offsets 2, 3, 4 with corresponding positive integer weights given by 2:2, 3:4, 4:3. Determine the largest real constant C such that for all choices of the x_i,

  (x_1 + x_2 + ... + x_9)^5 >= C * gcd(x_1, x_2, ..., x_9)^{p-2} * sum_{d in D} w_d * sum_{i=1}^9 (gcd(x_i, x_{i+d}) * lcm(x_{i+d}, x_i)).

Here w_d denotes the weight associated with offset d, and the sums are taken with indices modulo 9.",729
12_prompt01_s05,"In a cyclic arrangement of 10 positive integers x_1, x_2, ..., x_10 (indices taken modulo 10), and for an exponent p = 3, let D be the set of offsets 1, 3, 4 with corresponding positive integer weights given by 1:3, 3:4, 4:3. Determine the largest real constant C such that for all choices of the x_i,

  (x_1 + x_2 + ... + x_10)^3 >= C * gcd(x_1, x_2, ..., x_10)^{p-2} * sum_{d in D} w_d * sum_{i=1}^10 (gcd(x_i, x_{i+d}) * lcm(x_{i+d}, x_i)).

Here w_d denotes the weight associated with offset d, and the sums are taken with indices modulo 10.",10
12_prompt03_s01,"Let n = 5 and r = 5 with 3 ≤ r ≤ n. All indices below are read cyclically modulo 5. Determine the largest real constant C (depending only on 5 and 5) such that for every choice of 5 positive integers x_1, x_2, ..., x_5 we have

Sum over i=1..5 of (x_i + x_{i+1} + ... + x_{i+{r_minus_1}})^5 ≥ C * gcd(x_1, x_2, ..., x_5) * Sum over i=1..5 of lcm(x_i, x_{i+1}, ..., x_{i+{r_minus_1}}).

Find the exact value of C in terms of r and n.",3125
12_prompt03_s02,"Let n = 10 and r = 4 with 3 ≤ r ≤ n. All indices below are read cyclically modulo 10. Determine the largest real constant C (depending only on 10 and 4) such that for every choice of 10 positive integers x_1, x_2, ..., x_10 we have

Sum over i=1..10 of (x_i + x_{i+1} + ... + x_{i+{r_minus_1}})^4 ≥ C * gcd(x_1, x_2, ..., x_10) * Sum over i=1..10 of lcm(x_i, x_{i+1}, ..., x_{i+{r_minus_1}}).

Find the exact value of C in terms of r and n.",256
12_prompt03_s03,"Let n = 8 and r = 4 with 3 ≤ r ≤ n. All indices below are read cyclically modulo 8. Determine the largest real constant C (depending only on 8 and 4) such that for every choice of 8 positive integers x_1, x_2, ..., x_8 we have

Sum over i=1..8 of (x_i + x_{i+1} + ... + x_{i+{r_minus_1}})^4 ≥ C * gcd(x_1, x_2, ..., x_8) * Sum over i=1..8 of lcm(x_i, x_{i+1}, ..., x_{i+{r_minus_1}}).

Find the exact value of C in terms of r and n.",256
13_prompt01_s01,"On an n×n grid, you must place exactly 13240 coins so that each cell holds an integer number of coins between 0 and 65, inclusive. For any two squares sharing a side, the absolute difference in their coin counts must be exactly 2 if the squares are horizontally adjacent and exactly 1 if the squares are vertically adjacent. Determine the largest possible n for which such an arrangement exists.",20
13_prompt01_s02,"On an n×n grid, you must place exactly 165305 coins so that each cell holds an integer number of coins between 0 and 262, inclusive. For any two squares sharing a side, the absolute difference in their coin counts must be exactly 4 if the squares are horizontally adjacent and exactly 3 if the squares are vertically adjacent. Determine the largest possible n for which such an arrangement exists.",35
13_prompt01_s03,"On an n×n grid, you must place exactly 7969 coins so that each cell holds an integer number of coins between 0 and 78, inclusive. For any two squares sharing a side, the absolute difference in their coin counts must be exactly 1 if the squares are horizontally adjacent and exactly 4 if the squares are vertically adjacent. Determine the largest possible n for which such an arrangement exists.",13
13_prompt01_s05,"On an n×n grid, you must place exactly 3883 coins so that each cell holds an integer number of coins between 0 and 59, inclusive. For any two squares sharing a side, the absolute difference in their coin counts must be exactly 1 if the squares are horizontally adjacent and exactly 3 if the squares are vertically adjacent. Determine the largest possible n for which such an arrangement exists.",11
13_prompt02_s02,"On an r×r board with toroidal adjacency (both rows and columns wrap around), you may place any nonnegative integer number of coins in each square. Between horizontally adjacent squares, the absolute difference in coin counts must be exactly 2. Between vertically adjacent squares, the absolute difference must be exactly 5. You must use exactly 6498 coins in total, and in your arrangement the minimum number of coins on any square must be at most 2. Among all even positive integers r for which such an arrangement is possible, determine the maximum r.",38
14_prompt01_s01,"In a math contest, 11 distinct positive integers are to be arranged around a circle, using each integer from the multiset [58,20,50,18,56,15,80,55,16,19,43] exactly once. For a cyclic ordering a_1, a_2, ..., a_11 (with a_{m+1} = a_1), define S = \sum_{i=1}^11 \left\lfloor \frac{a_{i+1}}{a_i} \right\rfloor. Determine the minimal possible value of S over all such cyclic orderings.",3
14_prompt01_s02,"In a math contest, 10 distinct positive integers are to be arranged around a circle, using each integer from the multiset [66,38,33,45,105,28,76,20,56,98] exactly once. For a cyclic ordering a_1, a_2, ..., a_10 (with a_{m+1} = a_1), define S = \sum_{i=1}^10 \left\lfloor \frac{a_{i+1}}{a_i} \right\rfloor. Determine the minimal possible value of S over all such cyclic orderings.",3
14_prompt01_s03,"In a math contest, 11 distinct positive integers are to be arranged around a circle, using each integer from the multiset [39,28,26,40,29,56,4,60,22,5,9] exactly once. For a cyclic ordering a_1, a_2, ..., a_11 (with a_{m+1} = a_1), define S = \sum_{i=1}^11 \left\lfloor \frac{a_{i+1}}{a_i} \right\rfloor. Determine the minimal possible value of S over all such cyclic orderings.",6
14_prompt01_s04,"In a math contest, 11 distinct positive integers are to be arranged around a circle, using each integer from the multiset [17,90,97,82,96,53,86,77,21,25,12] exactly once. For a cyclic ordering a_1, a_2, ..., a_11 (with a_{m+1} = a_1), define S = \sum_{i=1}^11 \left\lfloor \frac{a_{i+1}}{a_i} \right\rfloor. Determine the minimal possible value of S over all such cyclic orderings.",4
14_prompt01_s05,"In a math contest, 9 distinct positive integers are to be arranged around a circle, using each integer from the multiset [36,45,33,15,53,2,24,21,20] exactly once. For a cyclic ordering a_1, a_2, ..., a_9 (with a_{m+1} = a_1), define S = \sum_{i=1}^9 \left\lfloor \frac{a_{i+1}}{a_i} \right\rfloor. Determine the minimal possible value of S over all such cyclic orderings.",10
15_prompt01_s02,"On a cylindrical chessboard with 5 rows and 14 columns (rows wrap top-to-bottom, columns do not), a king attacks any piece in one of the eight neighboring squares (sharing a side or a vertex). Determine the maximum number of kings that can be placed so that each king attacks exactly one other king, and no king attacks any non-partner. Give the value of this maximum for the specified 5 and 14.",24
15_prompt01_s05,"On a cylindrical chessboard with 6 rows and 13 columns (rows wrap top-to-bottom, columns do not), a king attacks any piece in one of the eight neighboring squares (sharing a side or a vertex). Determine the maximum number of kings that can be placed so that each king attacks exactly one other king, and no king attacks any non-partner. Give the value of this maximum for the specified 6 and 13.",28
15_prompt03_s01,"On a 40×20 chessboard, a king attacks any square sharing a side or a corner with its own. Determine the maximum number of kings that can be placed so that every king attacks exactly one other king (and is attacked by exactly one king), and no king attacks any third king.",320
15_prompt03_s02,"On a 14×35 chessboard, a king attacks any square sharing a side or a corner with its own. Determine the maximum number of kings that can be placed so that every king attacks exactly one other king (and is attacked by exactly one king), and no king attacks any third king.",196
15_prompt03_s04,"On a 23×44 chessboard, a king attacks any square sharing a side or a corner with its own. Determine the maximum number of kings that can be placed so that every king attacks exactly one other king (and is attacked by exactly one king), and no king attacks any third king.",360
16_prompt01_s04,"In a two-stage dice game, 4 fair 6-sided dice are rolled. After observing the outcomes, you must choose exactly 3 of the dice to re-roll once; the remaining dice are kept. Let p be the maximal probability (over all outcome-dependent choices of which 3 dice to re-roll) that the final sum of all dice equals 16. Compute 279936 * p.",34055
16_prompt04_s01,"Kevin rolls 4 independent fair 5-sided dice labeled 1 through 5. After observing the results, he must choose exactly 2 of the dice to re-roll once (the choice may depend on the observed faces). Kevin wants to maximize the probability that the sum of the final 4 faces equals 7. Let p denote this maximal probability under an optimal strategy. Compute the exact value of 15625 * p.",1286
16_prompt04_s03,"Kevin rolls 3 independent fair 4-sided dice labeled 1 through 4. After observing the results, he must choose exactly 2 of the dice to re-roll once (the choice may depend on the observed faces). Kevin wants to maximize the probability that the sum of the final 3 faces equals 6. Let p denote this maximal probability under an optimal strategy. Compute the exact value of 1024 * p.",220
16_prompt04_s04,"Kevin rolls 5 independent fair 5-sided dice labeled 1 through 5. After observing the results, he must choose exactly 2 of the dice to re-roll once (the choice may depend on the observed faces). Kevin wants to maximize the probability that the sum of the final 5 faces equals 18. Let p denote this maximal probability under an optimal strategy. Compute the exact value of 78125 * p.",11739
16_prompt04_s05,"Kevin rolls 5 independent fair 6-sided dice labeled 1 through 6. After observing the results, he must choose exactly 3 of the dice to re-roll once (the choice may depend on the observed faces). Kevin wants to maximize the probability that the sum of the final 5 faces equals 13. Let p denote this maximal probability under an optimal strategy. Compute the exact value of 1679616 * p.",175844
17_prompt01_s01,"Let 17918 be a positive integer. You are allowed to choose an odd integer L > 1 that divides 17918, and then you must form a multiset of complex numbers r_1, ..., r_17918 by taking each L-th root of unity exactly 17918/L times (so the multiset is the full cyclic group of order L, repeated 17918/L times). Fix 3 odd integers d_1, ..., d_3 from the list [25, 5, 3], and for each j let ζ_j be an arbitrary primitive d_j-th root of unity. For each positive integer t and each j, define P_j(t) = ∏_{k=1}^17918 (r_k^t + ζ_j). Let m be the largest positive integer such that there exists a permissible choice of L for which, simultaneously for all j in {1, ..., 3}, the value of P_j(t) is independent of t for every integer t with 1 ≤ t ≤ m. Compute m modulo 216.",30
17_prompt01_s02,"Let 752543 be a positive integer. You are allowed to choose an odd integer L > 1 that divides 752543, and then you must form a multiset of complex numbers r_1, ..., r_752543 by taking each L-th root of unity exactly 752543/L times (so the multiset is the full cyclic group of order L, repeated 752543/L times). Fix 3 odd integers d_1, ..., d_3 from the list [17, 15, 5], and for each j let ζ_j be an arbitrary primitive d_j-th root of unity. For each positive integer t and each j, define P_j(t) = ∏_{k=1}^752543 (r_k^t + ζ_j). Let m be the largest positive integer such that there exists a permissible choice of L for which, simultaneously for all j in {1, ..., 3}, the value of P_j(t) is independent of t for every integer t with 1 ≤ t ≤ m. Compute m modulo 133.",42
17_prompt01_s03,"Let 9952976 be a positive integer. You are allowed to choose an odd integer L > 1 that divides 9952976, and then you must form a multiset of complex numbers r_1, ..., r_9952976 by taking each L-th root of unity exactly 9952976/L times (so the multiset is the full cyclic group of order L, repeated 9952976/L times). Fix 1 odd integers d_1, ..., d_1 from the list [15], and for each j let ζ_j be an arbitrary primitive d_j-th root of unity. For each positive integer t and each j, define P_j(t) = ∏_{k=1}^9952976 (r_k^t + ζ_j). Let m be the largest positive integer such that there exists a permissible choice of L for which, simultaneously for all j in {1, ..., 1}, the value of P_j(t) is independent of t for every integer t with 1 ≤ t ≤ m. Compute m modulo 1190.",96
17_prompt01_s04,"Let 1952 be a positive integer. You are allowed to choose an odd integer L > 1 that divides 1952, and then you must form a multiset of complex numbers r_1, ..., r_1952 by taking each L-th root of unity exactly 1952/L times (so the multiset is the full cyclic group of order L, repeated 1952/L times). Fix 3 odd integers d_1, ..., d_3 from the list [17, 7, 3], and for each j let ζ_j be an arbitrary primitive d_j-th root of unity. For each positive integer t and each j, define P_j(t) = ∏_{k=1}^1952 (r_k^t + ζ_j). Let m be the largest positive integer such that there exists a permissible choice of L for which, simultaneously for all j in {1, ..., 3}, the value of P_j(t) is independent of t for every integer t with 1 ≤ t ≤ m. Compute m modulo 476.",60
17_prompt02_s03,"Let n = 13 be a fixed positive integer. Determine the largest positive integer m for which there exist pairwise distinct, nonzero complex numbers r_1, r_2, ..., r_13 with the property that for every integer j satisfying 1 ≤ j ≤ m and for every s in the set {1, 2, ..., 13}, the product ∏_{k=1}^{13} (r_k^(s j) + 1) is equal to 1. Report the remainder when this maximal m is divided by 7842425.",8190
18_prompt01_s01,"On a toroidal chessboard with wrap-around edges (top connects to bottom, left connects to right), consider a 35×35 grid of unit squares. We place n pieces on distinct squares. For each piece, define its range to be the axis-aligned 9×9 square centered at the piece, interpreted on the torus, so that the range consists of all squares whose Chebyshev (L∞) distance on the torus from the piece is at most 4. Suppose that the range of each piece contains exactly one other piece (no more, no less). What is the maximum possible n?",80
18_prompt01_s04,"On a toroidal chessboard with wrap-around edges (top connects to bottom, left connects to right), consider a 4×400 grid of unit squares. We place n pieces on distinct squares. For each piece, define its range to be the set of all squares whose Chebyshev (L∞) distance on the torus from the piece is at most 3. Suppose that the range of each piece contains exactly one other piece (no more, no less). What is the maximum possible n?",200
18_prompt04_s01,"On a 10x9 grid of unit squares, we place pieces on distinct squares. For a fixed odd integer 3≥3, the range of a piece is the axis-parallel 3x3 square centered at that piece; if this square extends beyond the grid, only the part inside the grid is considered. Each piece must have exactly 1 other piece(s) within its range. Determine the maximum possible number of pieces that can be placed.",30
18_prompt04_s04,"On a 9x9 grid of unit squares, we place pieces on distinct squares. The range of a piece is the axis-parallel 3x3 square centered at that piece; if this square extends beyond the grid, only the part inside the grid is considered. Each piece must have exactly 1 other piece within its range. Determine the maximum possible number of pieces that can be placed.",32
18_prompt05_s02,"On a 5×5 chessboard, we place n pieces on distinct squares. For a piece at (x, y), its range is the axis-aligned rectangle consisting of all squares whose horizontal distance from (x, y) is at most 1 and whose vertical distance is at most 1. Assume that for every piece, there is exactly one other piece inside its range (not counting itself). Determine the maximum possible value of n for this board and these range parameters.",12
19_prompt02_s01,"Consider the sequence {a_n} defined by a_1 = 19/(19^2+1) and, for all n ≥ 1, by the relation a_n^2 = a_{n+1} − 2 a_n^2 a_{n+1}. Compute the residue of floor(1/a_{327}) modulo 69647.",25444
19_prompt02_s02,"Consider the sequence {a_n} defined by a_1 = 9/(9^2+1) and, for all n ≥ 1, by the relation a_n^2 = a_{n+1} − 2 a_n^2 a_{n+1}. Compute the residue of floor(1/a_{249}) modulo 10927897.",6655273
19_prompt02_s05,"Consider the sequence {a_n} defined by a_1 = 47/(47^2+1) and, for all n ≥ 1, by the relation a_n^2 = a_{n+1} − 2 a_n^2 a_{n+1}. Compute the residue of floor(1/a_{358}) modulo 9824279.",1311133
19_prompt03_s02,"Let {a_n} be a sequence defined by a_1 = 70/4901 and, for every n >= 1, by the relation a_n^2 = a_{n+1} - 2a_n^2a_{n+1}. Here [x] denotes the greatest integer not exceeding x. Compute the residue modulo 1124 of [1/a_71].",436
19_prompt03_s03,"Let {a_n} be a sequence defined by a_1 = 375/140626 and, for every n >= 1, by the relation a_n^2 = a_{n+1} - 2a_n^2a_{n+1}. Here [x] denotes the greatest integer not exceeding x. Compute the residue modulo 182405 of [1/a_138].",126300
2_prompt02_s02,Let (a_n) be a real sequence defined for all integers n >= 0 by a_{n+1} = (1 n + 1) 4^{n} - 8 a_n. Determine the minimal possible value of 1/a_0 such that a_{n+1} > a_n holds for every n >= 0.,18
2_prompt03_s01,"Consider the real sequence {a_n} defined by a_{n+1} = 4^{n} - 6 a_{n} for n = 0, 1, 2, .... Determine the infimum of 1/a_0 over all choices of a_0 > 0 such that a_{n+1} > a_{n} holds for every n ≥ 0. Express your answer as an integer depending on 4 and 6.",10
2_prompt03_s02,"Consider the real sequence {a_n} defined by a_{n+1} = 3^{n} - 8 a_{n} for n = 0, 1, 2, .... Determine the infimum of 1/a_0 over all choices of a_0 > 0 such that a_{n+1} > a_{n} holds for every n ≥ 0. Express your answer as an integer depending on 3 and 8.",11
2_prompt03_s03,"Consider the real sequence {a_n} defined by a_{n+1} = 15^{n} - 13 a_{n} for n = 0, 1, 2, .... Determine the infimum of 1/a_0 over all choices of a_0 > 0 such that a_{n+1} > a_{n} holds for every n ≥ 0. Express your answer as an integer depending on 15 and 13.",14
2_prompt03_s04,"Consider the real sequence {a_n} defined by a_{n+1} = 3^{n} - 7 a_{n} for n = 0, 1, 2, .... Determine the infimum of 1/a_0 over all choices of a_0 > 0 such that a_{n+1} > a_{n} holds for every n ≥ 0. Express your answer as an integer depending on 3 and 7.",10
20_prompt01_s01,"Consider the following hyperplane arrangement in R^6. There are exactly 6 axis-parallel families: for each i in {1,...,6}, the family consists of all hyperplanes of the form x_i = constant, with the family sizes given (in order i = 1 to i = 6) by 3, 3, 2, 5, 3, 3. In addition, there are 4 oblique families of hyperplanes whose normals are mutually non-parallel and not parallel to any coordinate axis, with respective family sizes 3, 4, 2, 1. Assume general position in the following precise sense: within any selection of at most 6 distinct families, the set of normal directions is linearly independent; within each family all hyperplanes are distinct and parallel; and no point of R^6 lies on hyperplanes from 7 or more distinct families. Under these hypotheses, how many regions does this entire collection of hyperplanes partition R^6 into? Give your answer as an integer.",160605
20_prompt01_s02,"In three or more dimensions, consider the following hyperplane arrangement in R^5. There are exactly 5 axis-parallel families: for each i in {1,...,5}, the family consists of all hyperplanes of the form x_i = constant, with the family sizes given (in order i=1 to i=5) by 5, 4, 5, 3, 5. In addition, there are 1 oblique families of hyperplanes whose normals are mutually non-parallel and not parallel to any coordinate axis, with respective family sizes 1. Assume general position in the following precise sense: within any selection of at most 5 distinct families, the set of normal directions is linearly independent, and within each family all hyperplanes are distinct and parallel. Under these hypotheses, how many regions does this entire collection of hyperplanes partition R^5 into? Give your answer as an integer.",7140
20_prompt01_s03,"In three or more dimensions, consider the following hyperplane arrangement in R^4. There are exactly 4 axis-parallel families: for each i in {1,...,4}, the family consists of all hyperplanes of the form x_i = constant, with the family sizes given (in order i=1 to i=4) by 4, 2, 2, 3. In addition, there are 3 oblique families of hyperplanes whose normals are mutually non-parallel and not parallel to any coordinate axis, with respective family sizes 3, 1, 3. Assume general position in the following precise sense: within any selection of at most 4 distinct families, the set of normal directions is linearly independent, and within each family all hyperplanes are distinct and parallel. Under these hypotheses, how many regions does this entire collection of hyperplanes partition R^4 into? Give your answer as an integer.",2052
20_prompt01_s04,"In three or more dimensions, consider the following hyperplane arrangement in R^4. There are exactly 4 axis-parallel families: for each i in {1,...,4}, the family consists of all hyperplanes of the form x_i = constant, with the family sizes given (in order i=1 to i=4) by 5, 2, 5, 2. In addition, there are 2 oblique families of hyperplanes whose normals are mutually non-parallel and not parallel to any coordinate axis, with respective family sizes 1, 3. Assume general position in the following precise sense: within any selection of at most 4 distinct families, the set of normal directions is linearly independent, and within each family all hyperplanes are distinct and parallel. Under these hypotheses, how many regions does this entire collection of hyperplanes partition R^4 into? Give your answer as an integer.",1472
20_prompt01_s05,"In three or more dimensions, consider the following hyperplane arrangement in R^6. There are exactly 6 axis-parallel families: for each i in {1,...,6}, the family consists of all hyperplanes of the form x_i = constant, with the family sizes given (in order i=1 to i=6) by 4, 5, 4, 2, 2, 3. In addition, there are 4 oblique families of hyperplanes whose normals are mutually non-parallel and not parallel to any coordinate axis, with respective family sizes 2, 3, 1, 2. Assume general position in the following precise sense: within any selection of at most 6 distinct families, the set of normal directions is linearly independent, and within each family all hyperplanes are distinct and parallel. Under these hypotheses, how many regions does this entire collection of hyperplanes partition R^6 into? Give your answer as an integer.",124880
21_prompt02_s01,"Let R be the planar region defined by min{|x - 6|, |x + 6|} + 2|y| ≤ 4. Consider the image set S = { (3y - 4) / (-2x - 2) : (x, y) ∈ R }. Assume S has finite total length (its Lebesgue measure on the real line), and write this total length as m/p in lowest terms. Find m + p.",26
21_prompt02_s02,"Let R be the planar region defined by
\[
\min\{|x-6|,|x+6|\}+2|y|\le 3.
\]
Consider the image set
\[
S=\left\{\frac{3y-2}{-x-1}:(x,y)\in R\right\}.
\]
Write the total length of S (its Lebesgue measure on the real line) as \(m/p\) in lowest terms. Find \(m+p\).",113
21_prompt02_s05,"Let R be the planar region defined by min{|x - 2|, |x + 2|} + |y| ≤ 1. Consider the image set S = { (3y - 4)/(6 - x) : (x, y) ∈ R }. Assume S has finite total length (its Lebesgue measure on the real line), and write this total length as m/p in lowest terms. Find m + p.",21
21_prompt07_s04,"Let S = { (-2x + 6y + 4) / (5x + 35) | min{|x - 2|, |x + 2|} + 4|y + 3| <= 4 }, where x and y are real numbers. (Since every feasible x satisfies -6 <= x <= 6, the denominator is positive.) Define the length of S as max(S) - min(S). If this length equals m/p in lowest terms, find m + p.",37
21_prompt07_s05,"Let S = { (6x + 3y + 8) / (6x + 27) | min{|x - 3|, |x + 3|} + |y - 3| ≤ 1 }, where x and y are real numbers. (Note that 6x + 27 is positive for every feasible (x, y).) Define the length of S as max(S) − min(S). If this length equals m/p in lowest terms, find m + p.",188
22_prompt01_s01,"In three-dimensional space, let ABCD be an isosceles trapezoid inscribed in a sphere with center O, where AB ∥ CD, AB = 4, CD = 6, and AD = BC = 5.0990195135927845. Points E and F vary on segments AD and BC, respectively. It is known that the minimum possible value of the dot product of vectors OE and OF over all such choices of E and F equals -10. Determine the least integer that is greater than the volume of the sphere.",244
22_prompt01_s02,"In three-dimensional space, let ABCD be an isosceles trapezoid inscribed in a sphere with center O, where AB ∥ CD, AB = 8, CD = 10, and AD = BC = 9.055385138137417. Points E and F vary on segments AD and BC, respectively. It is known that the minimum possible value of the dot product of vectors OE and OF over all such choices of E and F equals -39. Determine the least integer that is greater than the volume of the sphere.",1141
22_prompt01_s03,"In three-dimensional space, let ABCD be an isosceles trapezoid inscribed in a sphere with center O, where AB ∥ CD, AB = 2, CD = 12, and AD = BC = 8.602325267042627. Points E and F vary on segments AD and BC, respectively. It is known that the minimum possible value of the dot product of vectors OE and OF over all such choices of E and F equals -34. Determine the least integer that is greater than the volume of the sphere.",982
22_prompt01_s04,"In three-dimensional space, let ABCD be an isosceles trapezoid inscribed in a sphere with center O, where AB ∥ CD, AB = 6, CD = 10, and AD = BC = 8.246211251235321. Points E and F vary on segments AD and BC, respectively. It is known that the minimum possible value of the dot product of vectors OE and OF over all such choices of E and F equals -26. Determine the least integer that is greater than the volume of the sphere.",982
22_prompt01_s05,"In three-dimensional space, let ABCD be an isosceles trapezoid inscribed in a sphere with center O, where AB ∥ CD, AB = 6, CD = 10, and AD = BC = 8.246211251235321. Points E and F vary on segments AD and BC, respectively. It is known that the minimum possible value of the dot product of vectors OE and OF over all such choices of E and F equals -23. Determine the least integer that is greater than the volume of the sphere.",1100
23_prompt02_s01,"Consider circular necklaces with 21 positions colored using exactly 2 colors. Two necklaces are considered equivalent if one is a rotation of the other (reflections are not allowed). No color may appear in a run of 5 or more consecutive beads anywhere around the circle. Additionally, the necklace must use at least 2 distinct colors. How many such rotation-equivalence classes are there?",46032
23_prompt02_s02,"Consider circular necklaces with 14 positions colored using exactly 3 colors. Two necklaces are considered equivalent if one is a rotation of the other (reflections are not allowed). No color may appear in a run of 5 or more consecutive beads anywhere around the circle. Additionally, the necklace must use at least 3 distinct colors. How many such rotation-equivalence classes are there?",301116
23_prompt02_s03,"Consider circular necklaces with 22 positions colored using exactly 2 colors. Two necklaces are considered equivalent if one is a rotation of the other (reflections are not allowed). No color may appear in a run of 5 or more consecutive beads anywhere around the circle. Additionally, the necklace must use at least 2 distinct colors. How many such rotation-equivalence classes are there?",84739
23_prompt02_s04,"Consider circular necklaces with 22 positions colored using exactly 2 colors. Two necklaces are considered equivalent if one is a rotation of the other (reflections are not allowed). No color may appear in a run of 3 or more consecutive beads anywhere around the circle. Additionally, the necklace must use at least 2 distinct colors. How many such rotation-equivalence classes are there?",1810
23_prompt02_s05,"Consider circular necklaces with 18 positions colored using exactly 2 colors. Two necklaces are considered equivalent if one is a rotation of the other (reflections are not allowed). No color may appear in a run of 4 or more consecutive beads anywhere around the circle. Additionally, the necklace must use at least 2 distinct colors. How many such rotation-equivalence classes are there?",3243
24_prompt01_s02,"In the infinite unit square lattice (checkerboard) of grid spacing 1, a rectangle with side lengths 22/15 and 1/1 is dropped onto the plane with its center uniformly distributed modulo the lattice and its orientation chosen uniformly at random and independently of its position. Let p be the probability that this rectangle does not cover any lattice vertex. Compute floor(1000 * p).",0
24_prompt01_s03,"In the infinite unit square lattice (checkerboard) of grid spacing 1, a rectangle with side lengths 19/12 and 8/9 is dropped onto the plane with its center uniformly distributed modulo the lattice and its orientation chosen uniformly at random and independently of its position. Let p be the probability that this rectangle does not cover any lattice vertex. Compute floor(1000 * p).",28
24_prompt01_s04,"In the infinite unit square lattice (checkerboard) of grid spacing 1, a rectangle with side lengths 10/9 and 1/1 is dropped onto the plane with its center uniformly distributed modulo the lattice and its orientation chosen uniformly at random and independently of its position. Let p be the probability that this rectangle does not cover any lattice vertex. Compute floor(900 * p).",54
24_prompt02_s01,"Consider the infinite plane tiled by unit squares whose vertices lie at all integer lattice points. Define the forbidden set F to consist of all points whose coordinates are both integers or both congruent to 0.66667 modulo 1 (i.e., points of the form (i,j) and (i+0.66667, j+0.66667) for integers i,j). A closed, axis-aligned rectangle with side lengths 0.39842 and 0.74748 is dropped uniformly at random: the lower-left corner’s fractional parts are independent and uniform in [0,1), and the rectangle is independent of the tiling. Let p be the probability that this rectangle does not cover any point of F. Compute floor(1000·p).",436
24_prompt02_s02,"Consider the infinite plane tiled by unit squares whose vertices lie at all integer lattice points. Define the forbidden set F to consist of all points whose coordinates are both integers or both congruent to 0.66667 modulo 1 (i.e., points of the form (i,j) and (i+0.66667, j+0.66667) for integers i,j). A closed, axis-aligned rectangle with side lengths 0.64024 and 0.53553 is dropped uniformly at random: the lower-left corner’s fractional parts are independent and uniform in [0,1), and the rectangle is independent of the tiling. Let p be the probability that this rectangle does not cover any point of F. Compute floor(1000·p).",376
25_prompt03_s05,"Let x_1 <= x_2 <= ... <= x_60 be real numbers with x_1 + x_2 + ... + x_60 = 1. Set m = 30 and define
Q = ((sum_{i=1}^{60} |x_i - x_30| + sum_{i=1}^{60} |x_i - x_31|)^2 * sum_{1 <= i < j <= 60} (x_i - x_j)^2) / (sum_{i=1}^{60} x_i^2)^3.
Find the maximum possible value of Q.",128000
25_prompt05_s03,"Let real numbers \(x_1 \le x_2 \le \cdots \le x_{45}\) satisfy \(\sum_{i=1}^{45} x_i = 1\), where \(\alpha=45\) and \(m=(\alpha+1)/2=23\). Determine the exact maximum value of

\[
\frac{\left(\sum_{i=1}^{45} |x_i-x_m|\right)^2\left(\sum_{1\le i<j\le \alpha}(x_i-x_j)^2\right)}{\left(\sum_{i=1}^{45} x_i^2\right)^3}.
\]",13200
25_prompt07_s01,"In a math contest, 75 students stand in a line indexed 1 through 75. They each hold a real number x_1 <= x_2 <= ... <= x_75. The median entry x_{(75+1)/2} is fixed at 0, and the sum of squares satisfies sum_{i=1}^75 x_i^2 = 117. Determine the maximum possible value of the quantity:

( sum_{i=1}^75 |x_i - x_{(75+1)/2}| )^2 * sum_{1 <= i < j <= 75} (x_i - x_j)^2.

Give your final answer as an integer.",75973950
25_prompt07_s02,"In a math contest, 9 students stand in a line indexed 1 through 9. They each hold a real number x_1 <= x_2 <= ... <= x_9. The median entry x_{(9+1)/2} is fixed at 0, and the sum of squares satisfies sum_{i=1}^9 x_i^2 = 88. Determine the maximum possible value of the quantity:

( sum_{i=1}^9 |x_i - x_{(9+1)/2}| )^2 * sum_{1 <= i < j <= 9} (x_i - x_j)^2.

Give your final answer as an integer.",557568
25_prompt07_s03,"In a math contest, 15 students stand in a line indexed 1 through 15. They each hold a real number x_1 <= x_2 <= ... <= x_15. The median entry x_{(15+1)/2} is fixed at 0, and the sum of squares satisfies sum_{i=1}^15 x_i^2 = 134. Determine the maximum possible value of the quantity:

( sum_{i=1}^15 |x_i - x_{(15+1)/2}| )^2 * sum_{1 <= i < j <= 15} (x_i - x_j)^2.

Give your final answer as an integer.",3770760
26_prompt01_s01,"In a rectangular grid of 33 by 32 unit squares, some squares are selected. In each selected square, you must draw exactly one directed unit segment, chosen to be either the top edge oriented from its top-left corner to its top-right corner (an east arrow) or the right edge oriented from its bottom-right corner to its top-right corner (a north arrow). The constraint is that for any two drawn segments, unless the endpoint (head) of one coincides with the starting point (tail) of the other, both the Euclidean distance between their endpoints and the Euclidean distance between their starting points are at least 2. Determine the maximum possible number of selected squares.",544
26_prompt01_s02,"In a rectangular grid of 51 by 31 unit squares, some squares are selected. In each selected square, you must draw exactly one directed unit segment, chosen to be either the top edge oriented from its top-left corner to its top-right corner (an east arrow) or the right edge oriented from its bottom-right corner to its top-right corner (a north arrow). The constraint is that for any two drawn segments, unless the endpoint (head) of one coincides with the starting point (tail) of the other, both the Euclidean distance between their endpoints and the Euclidean distance between their starting points are at least 2. Determine the maximum possible number of selected squares.",816
26_prompt01_s03,"In a rectangular grid of 47 by 34 unit squares, some squares are selected. In each selected square, you must draw exactly one directed unit segment, chosen to be either the top edge oriented from its top-left corner to its top-right corner (an east arrow) or the right edge oriented from its bottom-right corner to its top-right corner (a north arrow). The constraint is that for any two drawn segments, unless the endpoint (head) of one coincides with the starting point (tail) of the other, both the Euclidean distance between their endpoints and the Euclidean distance between their starting points are at least 2. Determine the maximum possible number of selected squares.",816
26_prompt01_s04,"In a rectangular grid of 53 by 30 unit squares, some squares are selected. In each selected square, you must draw exactly one directed unit segment, chosen to be either the top edge oriented from its top-left corner to its top-right corner (an east arrow) or the right edge oriented from its bottom-right corner to its top-right corner (a north arrow). The constraint is that for any two drawn segments, unless the endpoint (head) of one coincides with the starting point (tail) of the other, both the Euclidean distance between their endpoints and the Euclidean distance between their starting points are at least 2. Determine the maximum possible number of selected squares.",810
26_prompt01_s05,"In a rectangular grid of 36 by 54 unit squares, some squares are selected. In each selected square, you must draw exactly one directed unit segment, chosen to be either the top edge oriented from its top-left corner to its top-right corner (an east arrow) or the right edge oriented from its bottom-right corner to its top-right corner (a north arrow). The constraint is that for any two drawn segments, unless the endpoint (head) of one coincides with the starting point (tail) of the other, both the Euclidean distance between their endpoints and the Euclidean distance between their starting points are at least 2. Determine the maximum possible number of selected squares.",972
27_prompt02_s01,"On a 2771×460 chessboard, a generalized diagonal is a set of squares with no two in the same row or column. Some squares are colored red so that every row has at most 122 red squares and every column has at most 94 red squares. Determine the minimum positive integer n such that for any such coloring, it is always possible to find n generalized diagonals whose union contains all red squares, under the extra constraint that each diagonal contains at most 240 squares.",181
27_prompt02_s02,"On a 4653×4468 chessboard, a generalized diagonal is a set of squares with no two in the same row or column. Some squares are colored red so that every row has at most 101 red squares and every column has at most 142 red squares. Determine the minimum positive integer n such that for any such coloring, it is always possible to find n generalized diagonals whose union contains all red squares, under the extra constraint that each diagonal contains at most 2610 squares.",181
27_prompt02_s03,"On a 2883×3652 chessboard, a generalized diagonal is a set of squares with no two in the same row or column. Some squares are colored red so that every row has at most 26 red squares and every column has at most 141 red squares. Determine the minimum positive integer n such that for any such coloring, it is always possible to find n generalized diagonals whose union contains all red squares, under the extra constraint that each diagonal contains at most 537 squares.",141
27_prompt02_s04,"On a 3613×934 chessboard, a generalized diagonal is a set of squares with no two in the same row or column. Some squares are colored red so that every row has at most 97 red squares and every column has at most 55 red squares. Determine the minimum positive integer n such that for any such coloring, it is always possible to find n generalized diagonals whose union contains all red squares, under the extra constraint that each diagonal contains at most 554 squares.",97
27_prompt02_s05,"On a 2707×3410 chessboard, a generalized diagonal is a set of squares with no two in the same row or column. Some squares are colored red so that every row has at most 166 red squares and every column has at most 17 red squares. Determine the minimum positive integer n such that for any such coloring, it is always possible to find n generalized diagonals whose union contains all red squares, under the extra constraint that each diagonal contains at most 349 squares.",167
28_prompt02_s03,"Let (a_n)_{n>=1} be an infinite sequence of positive integers with a_1 = 1. Fix two integers 2 >= 2 and 6279 >= 2. Assume the following strengthened sliding-sum divisibility holds simultaneously for two coprime window families: for every positive integer n and every integer k >= 1 we have both (i) a_n divides a_k + a_{k+1} + ... + a_{k+n-1}, and (ii) a_n divides a_k + a_{k+2} + ... + a_{k+(n-1)2} (the sum of n terms with step 2). Let N be the maximal possible value of a_6279 among all such sequences. Compute N modulo 17792.",32
28_prompt02_s05,"Let $(a_n)_{n\ge 1}$ be an infinite sequence of positive integers with $a_1=1$. Fix the coprime integers $9$ and $7553$. Assume the following strengthened sliding-sum divisibility holds simultaneously for two window families: for every positive integer $n$ and every integer $k\ge 1$ we have both (i) $a_n$ divides $a_k+a_{k+1}+\cdots+a_{k+n-1}$, and (ii) $a_n$ divides $a_k+a_{k+9}+\cdots+a_{k+(n-1)9}$ (the sum of $n$ terms with step $9$). Let $N$ be the maximal possible value of $a_{7553}$ among all such sequences. Compute $N \mod 20096$.",6554
28_prompt06_s01,"Consider an infinite sequence of positive integers (a_n) with period 3 (so a_{n+period} = a_n for all n) and a_1 = 1. It satisfies the all-window divisibility property: for every pair of positive integers k and n, the term a_n divides the sum a_k + a_{k+1} + ... + a_{k+n-1}. Let N be the maximal possible value of a_4734 over all such sequences. Compute N modulo 512.",2
28_prompt06_s02,"Consider an infinite sequence of positive integers (a_n) with period 6 (so a_{n+period} = a_n for all n) and a_1 = 1. It satisfies the all-window divisibility property: for every pair of positive integers k and n, the term a_n divides the sum a_k + a_{k+1} + ... + a_{k+n-1}. Let N be the maximal possible value of a_8769 over all such sequences. Compute N modulo 513.",2
28_prompt06_s03,"Consider an infinite sequence of positive integers (a_n) with period 6 (so a_{n+period} = a_n for all n) and a_1 = 1. It satisfies the all-window divisibility property: for every pair of positive integers k and n, the term a_n divides the sum a_k + a_{k+1} + ... + a_{k+n-1}. Let N be the maximal possible value of a_3555 over all such sequences. Compute N modulo 939.",2
29_prompt01_s01,"Let a1(n) = n^2 - 10 n + 379, a2(n) = n^2 - (10 - 1) n + (379 + -210), and a3(n) = n^2 - (10 + 2) n + (379 + 452). Consider all integers n with |n| ≤ 36 for which a1(n), a2(n), and a3(n) are all prime numbers (primes are taken to be positive integers greater than 1). Among those n, further require that S(n) = a1(n) + a2(n) + a3(n) is a perfect square. Compute the sum of all distinct values of S(n) over all such n.",1369
29_prompt01_s02,"Let a1(n) = n^2 - 20 n + 173, a2(n) = n^2 - (20 - 1) n + (173 + 24), and a3(n) = n^2 - (20 + 2) n + (173 + 26). Consider all integers n with |n| ≤ 43 for which a1(n), a2(n), and a3(n) are all prime numbers (primes are taken to be positive integers greater than 1). Among those n, further require that S(n) = a1(n) + a2(n) + a3(n) is a perfect square. Compute the sum of all distinct values of S(n) over all such n.",361
29_prompt01_s03,"Let a1(n) = n^2 - 40 n + 260, a2(n) = n^2 - (40 - 1) n + (260 + -49), and a3(n) = n^2 - (40 + 2) n + (260 + -72). Consider all integers n with |n| ≤ 41 for which a1(n), a2(n), and a3(n) are all prime numbers (primes are taken to be positive integers greater than 1). Among those n, further require that S(n) = a1(n) + a2(n) + a3(n) is a perfect square. Compute the sum of all distinct values of S(n) over all such n.",289
29_prompt01_s04,"Let a1(n) = n^2 - 29 n + 299, a2(n) = n^2 - (29 - 1) n + (299 + 125), and a3(n) = n^2 - (29 + 2) n + (299 + 144). Consider all integers n with |n| ≤ 30 for which a1(n), a2(n), and a3(n) are all prime numbers (primes are taken to be positive integers greater than 1). Among those n, further require that S(n) = a1(n) + a2(n) + a3(n) is a perfect square. Compute the sum of all distinct values of S(n) over all such n.",841
29_prompt01_s05,"Let a1(n) = n^2 - 10 n + 197, a2(n) = n^2 - (10 - 1) n + (197 + 52), and a3(n) = n^2 - (10 + 2) n + (197 + 782). Consider all integers n with |n| ≤ 26 for which a1(n), a2(n), and a3(n) are all prime numbers (primes are taken to be positive integers greater than 1). Among those n, further require that S(n) = a1(n) + a2(n) + a3(n) is a perfect square. Compute the sum of all distinct values of S(n) over all such n.",1369
3_prompt01_s02,"In a math contest, a frog starts at 0 and must visit each integer in the set {1, 2, ..., {up_to}} exactly once, in any order. Every jump has length 2^k for some k in {0, 1, ..., 11}, and the direction may be left or right. A cost profile assigns a weight c_k to each allowed jump length 2^k. The total penalty of a route is the sum, over all jumps, of c_k / 2^k for each jump of length 2^k. Given n = 12 and the cost profile (c_0, c_1, ..., c_11) = (6,3,6,5,2,7,2,7,7,9,8,3), determine the minimum possible total penalty over all valid routes.",65
3_prompt01_s03,"In a math contest, a frog starts at 0 and must visit each integer in the set {1, 2, ..., {up_to}} exactly once, in any order. Every jump has length 2^k for some k in {0, 1, ..., 10}, and the direction may be left or right. A cost profile assigns a weight c_k to each allowed jump length 2^k. The total penalty of a route is the sum, over all jumps, of c_k / 2^k for each jump of length 2^k. Given n = 11 and the cost profile (c_0, c_1, ..., c_10) = (6,3,7,6,6,4,6,2,1,1,8), determine the minimum possible total penalty over all valid routes.",50
3_prompt01_s04,"In a math contest, a frog starts at 0 and must visit each integer in the set {1,2,...,2^n-1} exactly once, in any order; equivalently, its route is a permutation of {0,1,...,2^n-1} beginning at 0. Every jump has length 2^k for some k in {0,1,...,n-1}, and the direction may be left or right. A cost profile assigns a weight c_k to each allowed jump length 2^k, and a jump of length 2^k incurs penalty c_k/2^k. Given n = 10 and (c_0,c_1,...,c_9) = (8,9,3,2,7,5,9,1,7,5), determine the minimum possible total penalty over all valid routes.",47
3_prompt01_s05,"In a math contest, a frog starts at 0 and must visit each integer in the set {1,2,\ldots,1023} exactly once, in any order. Every jump has length 2^k for some k in {0,1,\ldots,9}, and the direction may be left or right. A cost profile assigns a weight c_k to each allowed jump length 2^k. The total penalty of a route is the sum, over all jumps, of c_k/2^k for each jump of length 2^k. Given n=10 and the cost profile (c_0,c_1,\ldots,c_9)=(2,3,3,2,5,1,6,2,3,9), determine the minimum possible total penalty over all valid routes.",28
3_prompt03_s01,"A frog starts at 0 and makes 511 jumps so that it visits each point in the set {1, 2, ..., {N}} exactly once (no repetition or omission). Each jump length must be a power of 2, and the direction may be either left or right. Additionally, the frog must end at position 511. Let T be the sum of the reciprocals of the lengths of the frog's jumps. What is the minimum possible value of T?",9
30_prompt01_s01,"Consider a convex polygon with 55 labeled vertices, triangulated by drawing all diagonals from vertex 1 to the other nonadjacent vertices. This produces 53 triangular faces and 107 edges. Each edge is painted in one of 22 colors, of which exactly 12 are designated heavy. For every triangular face, the three edge colors must use exactly two distinct colors, and moreover the color that appears twice on that face must be one of the heavy colors. How many edge-colorings satisfy these conditions? Give your answer modulo 1000000009.",736838599
30_prompt01_s02,"Consider a convex polygon with 122 labeled vertices, triangulated by drawing all diagonals from vertex 1 to the other nonadjacent vertices. This produces 120 triangular faces and 241 edges. Each edge is painted in one of 19 colors, of which exactly 15 are designated heavy. For every triangular face, the three edge colors must use exactly two distinct colors, and moreover the color that appears twice on that face must be one of the heavy colors. How many edge-colorings satisfy these conditions? Give your answer modulo 1000000009.",641146393
30_prompt01_s03,"Consider a convex polygon with 112 labeled vertices, triangulated by drawing all diagonals from vertex 1 to the other nonadjacent vertices. This produces 110 triangular faces and 221 edges. Each edge is painted in one of 23 colors, of which exactly 14 are designated heavy. For every triangular face, the three edge colors must use exactly two distinct colors, and moreover the color that appears twice on that face must be one of the heavy colors. How many edge-colorings satisfy these conditions? Give your answer modulo 998244353.",490952476
30_prompt01_s05,"Consider a convex polygon with 111 labeled vertices, triangulated by drawing all diagonals from vertex 1 to the other nonadjacent vertices. This produces 109 triangular faces and 219 edges. Each edge is painted in one of 15 colors, of which exactly 12 are designated heavy. For every triangular face, the three edge colors must use exactly two distinct colors, and moreover the color that appears twice on that face must be one of the heavy colors. How many edge-colorings satisfy these conditions? Give your answer modulo 1000.",16
30_prompt03_s01,"Consider the regular icosahedron with 30 edges and 20 triangular faces. Assign to each edge a value from {0,1,2}, with arithmetic taken modulo 3. Determine how many edge-labelings satisfy the condition that, for every triangular face, the sum (mod 3) of the three edge values on that face is congruent to 1. Give your answer modulo 825922.",59049
31_prompt01_s01,"Fix the odd prime p=1087. The only admissible common differences are d\in\{1,3\}. For such a d, call (k,d) a representation of a positive integer N if there exists a positive integer a such that
\[
N=\sum_{i=0}^{k-1}(a+id),\qquad k>1.
\]
In other words, N is the sum of k positive consecutive terms of an arithmetic progression with first term a and common difference d. Suppose N has exactly one such ordered pair (k,d), and that unique representation has k=1087. Among all such N, determine the minimum possible value of the starting term a.",481
31_prompt01_s02,"Fix an odd prime 691. Only odd common differences up to 7 are admissible. Consider all positive integers N that can be written as a sum of k consecutive terms of an arithmetic progression with common difference d from the admissible set, for exactly one ordered pair (k, d) with k > 1; furthermore, that unique representation must have length k = 691. Among all such N, determine the minimal possible starting term a of that unique representation.",167
31_prompt01_s03,"Fix an odd prime 487. Only odd common differences up to 3 are admissible. Consider all positive integers N that can be written as a sum of k consecutive terms of an arithmetic progression with common difference d from the admissible set, for exactly one ordered pair (k, d) with k > 1; furthermore, that unique representation must have length k = 487. Among all such N, determine the minimal possible starting term a of that unique representation.",13
31_prompt01_s04,"Fix an odd prime 977. Only odd common differences up to 7 are admissible. Consider all positive integers N that can be written as a sum of k consecutive terms of an arithmetic progression with common difference d from the admissible set, for exactly one ordered pair (k, d) with k > 1; furthermore, that unique representation must have length k = 977. Among all such N, determine the minimal possible starting term a of that unique representation.",24
31_prompt01_s05,"Fix an odd prime 521. Only odd common differences up to 5 are admissible. Consider all positive integers N that can be written as a sum of k consecutive terms of an arithmetic progression with common difference d from the admissible set, for exactly one ordered pair (k, d) with k > 1; furthermore, that unique representation must have length k = 521. Among all such N, determine the minimal possible starting term a of that unique representation.",252
32_prompt02_s01,"Let a, b, c be nonnegative real numbers with a + b + c = 9. For the fixed integers p = 6 (with p >= 2), q = 1 (with q >= 1), and r = 1 (with r >= 1), consider the expression F(a, b, c) = (a^p + b^p + c^p) / ((ab + bc + ca)^q * ((a + b)(b + c)(c + a))^r). Determine the minimum value of F(a, b, c). Express your answer as a reduced fraction m/n, and then compute m + n.",11
32_prompt02_s02,"Let a, b, c be nonnegative real numbers with a + b + c = 15. For the fixed integers p = 6 (with p >= 2), q = 1 (with q >= 1), and r = 1 (with r >= 1), consider the expression F(a, b, c) = (a^p + b^p + c^p) / ((ab + bc + ca)^q * ((a + b)(b + c)(c + a))^r). Determine the minimum value of F(a, b, c). Express your answer as a reduced fraction m/n, and then compute m + n.",13
32_prompt02_s03,"Let a, b, c be nonnegative real numbers with a + b + c = 9. For the fixed integers p = 6 (with p >= 2), q = 1 (with q >= 1), and r = 1 (with r >= 1), consider the expression F(a, b, c) = (a^p + b^p + c^p) / ((ab + bc + ca)^q * ((a + b)(b + c)(c + a))^r). Determine the minimum value of F(a, b, c). Express your answer as a reduced fraction m/n, and then compute m + n.",11
32_prompt02_s04,"Let a, b, c be nonnegative real numbers with a + b + c = 18. For the fixed integers p = 6 (with p >= 2), q = 1 (with q >= 1), and r = 1 (with r >= 1), consider the expression F(a, b, c) = (a^p + b^p + c^p) / ((ab + bc + ca)^q * ((a + b)(b + c)(c + a))^r). Determine the minimum value of F(a, b, c). Express your answer as a reduced fraction m/n, and then compute m + n.",7
32_prompt02_s05,"Let a, b, c be nonnegative real numbers with a + b + c = 9. For the fixed integers p = 6 (with p >= 2), q = 1 (with q >= 1), and r = 1 (with r >= 1), consider the expression F(a, b, c) = (a^p + b^p + c^p) / ((ab + bc + ca)^q * ((a + b)(b + c)(c + a))^r). Determine the minimum value of F(a, b, c). Express your answer as a reduced fraction m/n, and then compute m + n.",11
33_prompt01_s01,"In Euclidean 8-space, 13 points are chosen independently and uniformly at random inside the unit ball centered at the origin. Let p be the probability that the origin lies outside the convex hull of these points. Writing p in lowest terms as m/n, determine the value of n - m.",397
33_prompt01_s02,"In Euclidean 6-space, 10 points are chosen independently and uniformly at random inside the unit ball centered at the origin. Let p be the probability that the origin lies outside the convex hull of these points. Writing p in lowest terms as m/n, determine the value of n - m.",65
33_prompt01_s03,"In Euclidean 5-space, 16 points are chosen independently and uniformly at random inside the unit ball centered at the origin. Let p be the probability that the origin lies outside the convex hull of these points. Writing p in lowest terms as m/n, determine the value of n - m.",30827
33_prompt01_s04,"In Euclidean 3-space, 7 points are chosen independently and uniformly at random inside the unit ball centered at the origin. Let p be the probability that the origin lies outside the convex hull of these points. Writing p in lowest terms as m/n, determine the value of n - m.",21
33_prompt01_s05,"In Euclidean 3-space, 16 points are chosen independently and uniformly at random inside the unit ball centered at the origin. Let p be the probability that the origin lies outside the convex hull of these points. Writing p in lowest terms as m/n, determine the value of n - m.",32647
34_prompt02_s01,"A coin has an unknown heads probability p with prior Beta(3, 1), i.e., a density proportional to p^{alpha-1}(1-p)^{beta-1} on [0,1]. Conditional on p, the coin is tossed in 5 independent blocks, each block consisting of 6 tosses. Let X be the number of blocks that produce exactly 2 heads. Compute the unconditional probability P(X = 2). Express your answer as a reduced fraction m/n and report m+n.",28445862409
34_prompt02_s04,"A coin has an unknown heads probability p with prior Beta(3, 5), i.e., a density proportional to p^{alpha-1}(1-p)^{beta-1} on [0,1]. Conditional on p, the coin is tossed in 4 independent blocks, each block consisting of 6 tosses. Let X be the number of blocks that produce exactly 4 heads. Compute the unconditional probability P(X = 2). Express your answer as a reduced fraction m/n and report m+n.",2092819931
34_prompt03_s01,"A three-outcome device produces A, B, or C with probabilities (p_A, p_B, p_C) drawn at random from a Dirichlet distribution with integer shape parameters 2, 2, and 4. The device is run for 67 independent emissions. Let E be the event that exactly 55 emissions are C and the numbers of A and B emissions are equal. If the probability of E equals m/n in lowest terms, find m+n.",225136376
34_prompt03_s02,"A three-outcome device produces A, B, or C with probabilities (p_A, p_B, p_C) drawn at random from a Dirichlet distribution with integer shape parameters 2, 3, and 5. The device is run for 72 independent emissions. Let E be the event that exactly 44 emissions are C and the numbers of A and B emissions are equal. If the probability of E equals m/n in lowest terms, find m+n.",580529063
34_prompt03_s03,"A three-outcome device produces A, B, or C with probabilities (p_A, p_B, p_C) drawn at random from a Dirichlet distribution with integer shape parameters 3, 2, and 2. The device is run for 78 independent emissions. Let E be the event that exactly 72 emissions are C and the numbers of A and B emissions are equal. If the probability of E equals m/n in lowest terms, find m+n.",50810558
35_prompt01_s01,"Consider a function g: \mathbb{Z}_{\ge 0}\times \mathbb{Z}_{\ge 0} \to \mathbb{Z}_{\ge 0} with g(0,0)=0. Fix p=8 and q=10. For every x,y\ge 0, both conditions hold:
- The four corner values of the unit square satisfy \{g(x,y), g(x+1,y), g(x,y+1), g(x+1,y+1)\} = \{n, n+p, n+q, n+p+q\} for some integer n depending on (x,y).
- The edge increments satisfy g(x+1,y)-g(x,y) \in \{p,q\} and g(x,y+1)-g(x,y) \in \{p,q\}.
Let S be the set of all possible values of g(94,70) over all functions g satisfying the above. Determine the smallest value of S.",1452
35_prompt01_s02,"Consider a function \(g:\mathbb N\times\mathbb N\to\mathbb N\), where \(\mathbb N=\{0,1,2,\dots\}\), with \(g(0,0)=0\). Fix \(p=1\) and \(q=4\). For every \(x,y\ge 0\), both conditions hold:
- The four corner values of the unit square satisfy \(\{g(x,y), g(x+1,y), g(x,y+1), g(x+1,y+1)\} = \{n, n+p, n+q, n+p+q\}\) for some integer \(n\) depending on \((x,y)\).
- The edge increments satisfy \(g(x+1,y)-g(x,y)\in\{p,q\}\) and \(g(x,y+1)-g(x,y)\in\{p,q\}\).
Let \(S\) be the set of all possible values of \(g(16,13)\) over all functions \(g\) satisfying the above. Determine the smallest value in \(S\).",68
35_prompt01_s03,"Consider a function g: N×N → N with g(0,0)=0. Fix integers 2 and 5 with 1 ≤ p < q. For every x,y ≥ 0, both conditions hold:
- The four corner values of the unit square satisfy {g(x,y), g(x+1,y), g(x,y+1), g(x+1,y+1)} = {n, n+2, n+5, n+2+5} for some integer n depending on (x,y).
- The edge increments are monotone and constrained by g(x+1,y) − g(x,y) ∈ { 2, 5 } and g(x,y+1) − g(x,y) ∈ { 2, 5 }.
Let S be the set of all possible values of g(19,83) over all functions g satisfying the above. Determine the 1-th smallest value of S.",261
35_prompt01_s04,"Consider a function g: N×N → N with g(0,0)=0. Fix integers 4 and 15 with 1 ≤ p < q. For every x,y ≥ 0, both conditions hold:
- The four corner values of the unit square satisfy {g(x,y), g(x+1,y), g(x,y+1), g(x+1,y+1)} = {n, n+4, n+15, n+4+15} for some integer n depending on (x,y).
- The edge increments are monotone and constrained by g(x+1,y) − g(x,y) ∈ { 4, 15 } and g(x,y+1) − g(x,y) ∈ { 4, 15 }.
Let S be the set of all possible values of g(53,95) over all functions g satisfying the above. Determine the 2-th smallest value of S.",1637
35_prompt01_s05,"Consider a function g: N×N → N with g(0,0)=0. Fix integers 7 and 11 with 1 ≤ p < q. For every x,y ≥ 0, both conditions hold:
- The four corner values of the unit square satisfy {g(x,y), g(x+1,y), g(x,y+1), g(x+1,y+1)} = {n, n+7, n+11, n+7+11} for some integer n depending on (x,y).
- The edge increments are monotone and constrained by g(x+1,y) − g(x,y) ∈ { 7, 11 } and g(x,y+1) − g(x,y) ∈ { 7, 11 }.
Let S be the set of all possible values of g(67,61) over all functions g satisfying the above. Determine the 1-th smallest value of S.",1140
36_prompt02_s01,"On a circle with 14 equally spaced points, the balls labeled 1, 2, ..., 14 are randomly placed with one ball per point. Two placements that can be matched by a rotation or a reflection are considered the same. Let S be the sum of the absolute differences of the labels on all adjacent pairs around the circle. Let the shorter cyclic distance between labels 1 and 14 be the number of edges along the shorter arc connecting them; call this distance exactly 2. What is the reciprocal of the probability that, for a uniformly random placement (modulo rotation and reflection), S attains its minimum possible value and, simultaneously, the shorter cyclic distance between 1 and 14 equals 2?",259459200
36_prompt02_s02,"On a circle with 11 equally spaced points, the balls labeled 1, 2, ..., 11 are randomly placed with one ball per point. Two placements that can be matched by a rotation or a reflection are considered the same. Let S be the sum of the absolute differences of the labels on all adjacent pairs around the circle. Let the shorter cyclic distance between labels 1 and 11 be the number of edges along the shorter arc connecting them; call this distance exactly 5. What is the reciprocal of the probability that, for a uniformly random placement (modulo rotation and reflection), S attains its minimum possible value and, simultaneously, the shorter cyclic distance between 1 and 11 equals 5?",14400
36_prompt02_s03,"On a circle with 10 equally spaced points, the balls labeled 1, 2, ..., 10 are randomly placed with one ball per point. Two placements that can be matched by a rotation or a reflection are considered the same. Let S be the sum of the absolute differences of the labels on all adjacent pairs around the circle. Let the shorter cyclic distance between labels 1 and 10 be the number of edges along the shorter arc connecting them; call this distance exactly 2. What is the reciprocal of the probability that, for a uniformly random placement (modulo rotation and reflection), S attains its minimum possible value and, simultaneously, the shorter cyclic distance between 1 and 10 equals 2?",22680
36_prompt02_s04,"On a circle with 8 equally spaced points, the balls labeled 1, 2, ..., 8 are randomly placed with one ball per point. Two placements that can be matched by a rotation or a reflection are considered the same. Let S be the sum of the absolute differences of the labels on all adjacent pairs around the circle. Let the shorter cyclic distance between labels 1 and 8 be the number of edges along the shorter arc connecting them; call this distance exactly 2. What is the reciprocal of the probability that, for a uniformly random placement (modulo rotation and reflection), S attains its minimum possible value and, simultaneously, the shorter cyclic distance between 1 and 8 equals 2?",420
36_prompt02_s05,"On a circle with 11 equally spaced points, the balls labeled 1, 2, ..., 11 are randomly placed with one ball per point. Two placements that can be matched by a rotation or a reflection are considered the same. Let S be the sum of the absolute differences of the labels on all adjacent pairs around the circle. Let the shorter cyclic distance between labels 1 and 11 be the number of edges along the shorter arc connecting them; call this distance exactly 2. What is the reciprocal of the probability that, for a uniformly random placement (modulo rotation and reflection), S attains its minimum possible value and, simultaneously, the shorter cyclic distance between 1 and 11 equals 2?",201600
37_prompt01_s01,"Let n be a positive integer and let its positive divisors be ordered as d1 < d2 < ... < dl. Fix an odd integer 17 that is both a sum of two squares and a nontrivial difference of two squares. Find the minimal value of n such that all of the following hold simultaneously: (1) d_13 = 17; (2) there exist indices i < j with d_i^2 + d_j^2 = d_13^2 and gcd(d_i, d_j) = 1 (so d_13 is the hypotenuse of a primitive Pythagorean triple among the divisors of n); (3) there exist indices p, q with d_13^2 + d_p^2 = d_q^2 and gcd(d_13, d_p) = 1 (so d_13 is the odd leg of a primitive Pythagorean triple among the divisors of n).",354960
37_prompt01_s02,"Let n be a positive integer and let its positive divisors be ordered as d1 < d2 < ... < dl. Fix an odd integer 29 that is both a sum of two squares and a nontrivial difference of two squares. Find the minimal value of n such that all of the following hold simultaneously: (1) d_15 = 29; (2) there exist indices i < j with d_i^2 + d_j^2 = d_15^2 and gcd(d_i, d_j) = 1 (so d_15 is the hypotenuse of a primitive Pythagorean triple among the divisors of n); (3) there exist indices p, q with d_15^2 + d_p^2 = d_q^2 and gcd(d_15, d_p) = 1 (so d_15 is the odd leg of a primitive Pythagorean triple among the divisors of n).",5127780
37_prompt01_s03,"Let n be a positive integer and let its positive divisors be ordered as d1 < d2 < ... < dl. Fix an odd integer 29 that is both a sum of two squares and a nontrivial difference of two squares. Find the minimal value of n such that all of the following hold simultaneously: (1) d_15 = 29; (2) there exist indices i < j with d_i^2 + d_j^2 = d_15^2 and gcd(d_i, d_j) = 1 (so d_15 is the hypotenuse of a primitive Pythagorean triple among the divisors of n); (3) there exist indices p, q with d_15^2 + d_p^2 = d_q^2 and gcd(d_15, d_p) = 1 (so d_15 is the odd leg of a primitive Pythagorean triple among the divisors of n).",5127780
37_prompt01_s04,"Let n be a positive integer and let its positive divisors be ordered as d1 < d2 < ... < dl. Fix an odd integer 17 that is both a sum of two squares and a nontrivial difference of two squares. Find the minimal value of n such that all of the following hold simultaneously: (1) d_13 = 17; (2) there exist indices i < j with d_i^2 + d_j^2 = d_13^2 and gcd(d_i, d_j) = 1 (so d_13 is the hypotenuse of a primitive Pythagorean triple among the divisors of n); (3) there exist indices p, q with d_13^2 + d_p^2 = d_q^2 and gcd(d_13, d_p) = 1 (so d_13 is the odd leg of a primitive Pythagorean triple among the divisors of n).",354960
37_prompt01_s05,"Let n be a positive integer and let its positive divisors be ordered as d1 < d2 < ... < dl. Fix an odd integer 5 that is both a sum of two squares and a nontrivial difference of two squares. Find the minimal value of n such that all of the following hold simultaneously: (1) d_5 = 5; (2) there exist indices i < j with d_i^2 + d_j^2 = d_5^2 and gcd(d_i, d_j) = 1 (so d_5 is the hypotenuse of a primitive Pythagorean triple among the divisors of n); (3) there exist indices p, q with d_5^2 + d_p^2 = d_q^2 and gcd(d_5, d_p) = 1 (so d_5 is the odd leg of a primitive Pythagorean triple among the divisors of n).",780
38_prompt01_s01,"You are allowed to pick three disjoint sets of distinct positive integers. For the first set, pick exactly a integers that are each congruent to 1 modulo 5 and all at least 16. For the second, pick exactly b integers that are each congruent to 2 modulo 5 and all at least 27. For the third, pick exactly c integers that are each congruent to 4 modulo 5 and all at least 14. All picked integers across the three sets must be pairwise distinct, and their total sum must be exactly 4231. Among all triples (a, b, c) for which such selections are possible, determine the maximum value of 17a + 15b + 4c.",828
38_prompt01_s03,"You are allowed to pick three disjoint sets of distinct positive integers. For the first set, pick exactly a integers that are each congruent to 4 modulo 17 and all at least 55. For the second, pick exactly b integers that are each congruent to 15 modulo 17 and all at least 15. For the third, pick exactly c integers that are each congruent to 10 modulo 17 and all at least 27. All picked integers across the three sets must be pairwise distinct, and their total sum must be exactly 22673. Among all triples (a, b, c) for which such selections are possible, determine the maximum value of 7a + 4b + 16c.",884
38_prompt01_s04,"You are allowed to pick three disjoint sets of distinct positive integers. For the first set, pick exactly a integers that are each congruent to 9 modulo 19 and all at least 28. For the second, pick exactly b integers that are each congruent to 4 modulo 19 and all at least 23. For the third, pick exactly c integers that are each congruent to 15 modulo 19 and all at least 34. All picked integers across the three sets must be pairwise distinct, and their total sum must be exactly 27094. Among all triples (a, b, c) for which such selections are possible, determine the maximum value of 11a + 10b + 7c.",846
38_prompt01_s05,"You are allowed to pick three disjoint sets of distinct positive integers. For the first set, pick exactly a integers that are each congruent to 2 modulo 5 and all at least 7. For the second, pick exactly b integers that are each congruent to 3 modulo 5 and all at least 18. For the third, pick exactly c integers that are each congruent to 1 modulo 5 and all at least 1. All picked integers across the three sets must be pairwise distinct, and their total sum must be exactly 6192. Among all triples (a, b, c) for which such selections are possible, determine the maximum value of 5a + 10b + 4c.",556
38_prompt02_s01,"You must select two disjoint collections of distinct positive integers from 1 to 119, inclusive: m numbers that are each congruent to 1 modulo 4, and n numbers that are each congruent to 3 modulo 4. The total sum of all m+n selected numbers is exactly 2290. Among all feasible pairs (m, n), determine the maximum value of 9 m + 6 n.",360
39_prompt02_s01,"You are given the vertices of a convex 131769-gon in the plane. The only tool available is a device that, for any two constructed points P and Q, places all m−1 interior points that divide the segment PQ into m equal parts. You may apply this operation repeatedly, but you restrict yourself to constructions in which every constructed point is an affine combination of the original vertices whose coefficients have denominator at most m to the power 2. For how many integers m in the interval [613, 147456] can you necessarily construct the centroid of the 131769 vertices under this restriction?",405
39_prompt02_s02,"You are given the vertices of a convex 1399489-gon in the plane. The only tool available is a device that, for any two constructed points P and Q, places all m−1 interior points that divide the segment PQ into m equal parts. You may apply this operation repeatedly, but you restrict yourself to constructions in which every constructed point is an affine combination of the original vertices whose coefficients have denominator at most m to the power 2. For how many integers m in the interval [1129, 58474] can you necessarily construct the centroid of the 1399489 vertices under this restriction?",49
39_prompt02_s03,"You are given the vertices of a convex 6048-gon in the plane. The only tool available is a device that, for any two constructed points P and Q, places all m−1 interior points that divide the segment PQ into m equal parts. You may apply this operation repeatedly, but you restrict yourself to constructions in which every constructed point is an affine combination of the original vertices whose coefficients have denominator at most m to the power 3. For how many integers m in the interval [1887, 146919] can you necessarily construct the centroid of the 6048 vertices under this restriction?",1727
39_prompt02_s04,"You are given the vertices of a convex 12400927-gon in the plane. The only tool available is a device that, for any two constructed points P and Q, places all m−1 interior points that divide the segment PQ into m equal parts. You may apply this operation repeatedly, but you restrict yourself to constructions in which every constructed point is an affine combination of the original vertices whose coefficients have denominator at most m to the power 3. For how many integers m in the interval [365, 64504] can you necessarily construct the centroid of the 12400927 vertices under this restriction?",76
39_prompt02_s05,"You are given the vertices of a convex 2672672-gon in the plane. The only tool available is a device that, for any two constructed points P and Q, places all m−1 interior points that divide the segment PQ into m equal parts. You may apply this operation repeatedly, but you restrict yourself to constructions in which every constructed point is an affine combination of the original vertices whose coefficients have denominator at most m to the power 4. For how many integers m in the interval [1565, 147578] can you necessarily construct the centroid of the 2672672 vertices under this restriction?",2147
4_prompt03_s01,"Fix an odd prime 11. For each positive integer n, let L_p(n) be the last non-zero digit of n! when written in base 11. Let k_p(t) be the 10-th smallest positive integer k such that L_p(k n) = L_p(n) for all integers n ≥ 1. For the given 11 and 10, how many base-10 digits does k_p(t) have?",19
4_prompt03_s02,"Fix an odd prime 31. For each positive integer n, let L_p(n) be the last non-zero digit of n! when written in base 31. Let k_p(t) be the 9-th smallest positive integer k such that L_p(k n) = L_p(n) for all integers n ≥ 1. For the given 31 and 9, how many base-10 digits does k_p(t) have?",24
4_prompt03_s03,"Fix an odd prime 31. For each positive integer n, let L_p(n) be the last non-zero digit of n! when written in base 31. Let k_p(t) be the 8-th smallest positive integer k such that L_p(k n) = L_p(n) for all integers n ≥ 1. For the given 31 and 8, how many base-10 digits does k_p(t) have?",21
4_prompt03_s04,"Fix an odd prime 23. For each positive integer n, let L_p(n) be the last non-zero digit of n! when written in base 23. Let k_p(t) be the 7-th smallest positive integer k such that L_p(k n) = L_p(n) for all integers n ≥ 1. For the given 23 and 7, how many base-10 digits does k_p(t) have?",17
4_prompt03_s05,"Fix an odd prime 13. For each positive integer n, let L_p(n) be the last non-zero digit of n! when written in base 13. Let k_p(t) be the 6-th smallest positive integer k such that L_p(k n) = L_p(n) for all integers n ≥ 1. For the given 13 and 6, how many base-10 digits does k_p(t) have?",12
40_prompt02_s01,"Let S = {1, 2, ..., 78} and list its 2^78 subsets as A_1, A_2, ..., A_{2^78}. For any two subsets, define the symmetric difference A_i Δ A_j. For each ordered pair (i, j), compute z_{i,j} = sum_{x in A_i Δ A_j} (4·x + 13), where the sum over an empty set is 0, and fill the table entry M_{i,j} = 2·z_{i,j}^2 + 3·z_{i,j} + 7. Let T be the sum of all entries M_{i,j} taken only over those pairs with |A_i Δ A_j| ≡ 1 (mod 4). Find the remainder of T when divided by 55203701.",27204906
40_prompt02_s03,"Let S = {1, 2, ..., 176} and list its 2^176 subsets as A_1, A_2, ..., A_{2^176}. For any two subsets, define the symmetric difference A_i Δ A_j. For each ordered pair (i, j), compute z_{i,j} = sum_{x in A_i Δ A_j} (5·x + 12), where the sum over an empty set is 0, and fill the table entry M_{i,j} = 7·z_{i,j}^2 + 6·z_{i,j} + 12. Let T be the sum of all entries M_{i,j} taken only over those pairs with |A_i Δ A_j| ≡ 0 (mod 3). Find the remainder of T when divided by 55577739.",9870909
40_prompt03_s01,"In a math contest, let S = {1, 2, ..., 121}. For each i in S, assign an integer weight w_i = 46*i^2 + 17*i + 14. Consider all 2^121 subsets of S and form a table M with 2^121 rows and 2^121 columns whose rows and columns are indexed by these subsets. For any pair of subsets A and B, place the number (sum of the weights of the elements in the symmetric difference A Δ B)^3 in the corresponding cell of M. Compute the remainder when the sum of all entries of M is divided by 438472923.",234007034
40_prompt03_s02,"In a math contest, let S = {1, 2, ..., 144}. For each i in S, assign the integer weight w_i = 2i^2 - 19i - 3. Consider all 2^144 subsets of S and form a table M with 2^144 rows and 2^144 columns whose rows and columns are indexed by these subsets. For any pair of subsets A and B, place the number (sum of the weights of the elements in the symmetric difference A Δ B)^3 in the corresponding cell of M. Compute the remainder when the sum of all entries of M is divided by 583625531.",683109
40_prompt03_s04,"In a math contest, let \(S=\{1,2,\dots,349\}\). For each \(i\in S\), assign the integer weight \(w_i=-49i^2-44i+18\). Consider all \(2^{349}\) subsets of \(S\), and form a table \(M\) with \(2^{349}\) rows and \(2^{349}\) columns whose rows and columns are indexed by these subsets. For any pair of subsets \(A\) and \(B\), place the number \(\left(\sum_{x\in A\triangle B} w_x\right)^3\) in the corresponding cell of \(M\), where \(A\triangle B\) denotes the symmetric difference of \(A\) and \(B\). Compute the remainder when the sum of all entries of \(M\) is divided by \(806439117\).",314463439
41_prompt01_s01,"In a math contest, 7 real numbers x_1, x_2, ..., x_7 satisfy |x_1| + |x_2| + ... + |x_7| = 1. Let (c_2, c_3, ..., c_7) = (5, 4, 3, 2, 4, 4), and define
D = |x_1| + \sum_{k=2}^{7} |c_k(x_1 + x_2 + ... + x_{k-1}) - x_k|.
Let M be the maximal possible value of 1/D over all such real sequences (x_i). Compute M modulo 939.",549
41_prompt01_s02,"In a math contest, 20 real numbers x_1, x_2, ..., x_20 satisfy |x_1| + |x_2| + ... + |x_20| = 1. For fixed positive integers c_2, c_3, ..., c_20 given by the list [2, 6, 2, 5, 2, 5, 2, 2, 4, 6, 5, 6, 3, 6, 2, 3, 5, 1, 2], define
D = |x_1| + |c_2 x_1 - x_2| + |c_3(x_1 + x_2) - x_3| + ... + |c_20(x_1 + x_2 + ... + x_19) - x_20|.
Let M be the maximal possible value of 1/D over all such real sequences (x_i). Compute M modulo 4096.",3584
41_prompt01_s03,"In a math contest, 8 real numbers x_1, x_2, ..., x_8 satisfy |x_1| + |x_2| + ... + |x_8| = 1. For fixed positive integers (c_2, c_3, ..., c_8) = (1, 1, 6, 4, 6, 2, 5), define D = |x_1| + sum_{i=2}^8 |c_i(x_1 + x_2 + ... + x_{i-1}) - x_i|. Let M be the maximal possible value of 1/D over all such real sequences (x_i). Compute M modulo 1009.",487
41_prompt01_s04,"In a math contest, 7 real numbers x_1, x_2, ..., x_7 satisfy |x_1| + |x_2| + ... + |x_7| = 1. For fixed positive integers c_2, c_3, ..., c_7 given by [5, 1, 6, 2, 6, 1], define D = |x_1| + sum_{k=2}^7 |c_k(x_1 + x_2 + ... + x_{k-1}) - x_k|. Let M be the maximum possible value of 1/D over all such real sequences (x_i). Compute M modulo 1000.",528
41_prompt01_s05,"In a math contest, 11 real numbers x_1, x_2, ..., x_11 satisfy |x_1| + |x_2| + ... + |x_11| = 1. For fixed positive integers c_2, c_3, ..., c_11 given as the list [5, 2, 1, 5, 6, 2, 5, 5, 2, 5], define the quantity D = |x_1| + |c_2 x_1 - x_2| + |c_3(x_1 + x_2) - x_3| + ... + |c_11(x_1 + x_2 + ... + x_{alpha-1}) - x_11|. Let M be the maximal possible value of 1/D over all such real sequences (x_i). Compute M modulo 1000.",328
42_prompt01_s01,"You are given n = 5. Consider real vector x = (x_1, ..., x_n) satisfying sum_{i=1}^n c_i x_i^2 = 1, and a strictly positive vector y = (y_1, ..., y_n) with sum_{i=1}^n a_i y_i = 18.13322558634304. Here the positive weights are c_i listed as [1, 1, 3, 5, 5] and a_i listed as [4, 2, 2, 2, 5]. Let d be the minimal possible value of max_i |y_i - x_i| over all feasible x and y. Determine the largest integer less than 1600 * d.",1378
42_prompt01_s02,"You are given n = 6. Consider real vector x = (x_1, ..., x_n) satisfying sum_{i=1}^n c_i x_i^2 = 1, and a strictly positive vector y = (y_1, ..., y_n) with sum_{i=1}^n a_i y_i = 78.57212202775119. Here the positive weights are c_i listed as [2, 2, 4, 2, 4, 2] and a_i listed as [8, 4, 6, 8, 8, 2]. Let d be the minimal possible value of max_i |y_i - x_i| over all feasible x and y. Determine the largest integer less than 1600 * d.",3049
42_prompt01_s03,"You are given n = 6. Consider real vector x = (x_1, ..., x_n) satisfying sum_{i=1}^n c_i x_i^2 = 1, and a strictly positive vector y = (y_1, ..., y_n) with sum_{i=1}^n a_i y_i = 50.557400571966355. Here the positive weights are c_i listed as [4, 2, 1, 5, 5, 1] and a_i listed as [4, 5, 6, 7, 3, 7]. Let d be the minimal possible value of max_i |y_i - x_i| over all feasible x and y. Determine the largest integer less than 1000 * d.",1247
42_prompt01_s04,"You are given n = 6. Consider real vector x = (x_1, ..., x_n) satisfying sum_{i=1}^n c_i x_i^2 = 1, and a strictly positive vector y = (y_1, ..., y_n) with sum_{i=1}^n a_i y_i = 62.92041448399464. Here the positive weights are c_i listed as [2, 3, 5, 4, 3, 4] and a_i listed as [3, 8, 6, 9, 3, 2]. Let d be the minimal possible value of max_i |y_i - x_i| over all feasible x and y. Determine the largest integer less than 1000 * d.",1785
42_prompt01_s05,"You are given n = 4. Consider real vector x = (x_1, ..., x_n) satisfying sum_{i=1}^n c_i x_i^2 = 1, and a strictly positive vector y = (y_1, ..., y_n) with sum_{i=1}^n a_i y_i = 35.91457162695945. Here the positive weights are c_i listed as [4, 2, 3, 6] and a_i listed as [5, 2, 6, 8]. Let d be the minimal possible value of max_i |y_i - x_i| over all feasible x and y. Determine the largest integer less than 1600 * d.",2312
43_prompt01_s01,"In a math contest, 10 students are to be analyzed via a symmetric 10×10 binary matrix A (entries 0 or 1) with zero diagonal. Each row of A has exactly 8 ones. Additionally, A satisfies the spectral identity A^2 + 2·A = a matrix whose every entry equals 8. Under these conditions, determine the number of such matrices A. (Equivalently, count the number of ways the 10 labeled students can be split into 5 equally-sized hidden teams of size 2 so that edges connect students from different teams only, consistent with the matrix equation above.)",945
43_prompt01_s02,"In a math contest, 20 students are to be analyzed via a symmetric 20×20 binary matrix A (entries 0 or 1) with zero diagonal. Each row of A has exactly 15 ones. Additionally, A satisfies the spectral identity A^2 + 5·A = a matrix whose every entry equals 15. Under these conditions, determine the number of such matrices A. (Equivalently, count the number of ways the 20 labeled students can be split into 4 equally-sized hidden teams of size 5 so that edges connect students from different teams only, consistent with the matrix equation above.)",488864376
43_prompt01_s03,"In a math contest, 30 students are to be analyzed via a symmetric 30×30 binary matrix A (entries 0 or 1) with zero diagonal. Each row of A has exactly 24 ones. Additionally, A satisfies the spectral identity A^2 + 6·A = a matrix whose every entry equals 24. Under these conditions, determine the number of such matrices A. (Equivalently, count the number of ways the 30 labeled students can be split into 5 equally-sized hidden teams of size 6 so that edges connect students from different teams only, consistent with the matrix equation above.)",11423951396577720
43_prompt01_s04,"In a math contest, 25 students are to be analyzed via a symmetric 25×25 binary matrix A (entries 0 or 1) with zero diagonal. Each row of A has exactly 20 ones. Additionally, A satisfies the spectral identity A^2 + 5·A = a matrix whose every entry equals 20. Under these conditions, determine the number of such matrices A. (Equivalently, count the number of ways the 25 labeled students can be split into 5 equally-sized hidden teams of size 5 so that edges connect students from different teams only, consistent with the matrix equation above.)",5194672859376
43_prompt01_s05,"In a math contest, 21 students are to be analyzed via a symmetric 21×21 binary matrix A (entries 0 or 1) with zero diagonal. Each row of A has exactly 14 ones. Additionally, A satisfies the spectral identity A^2 + 7·A = a matrix whose every entry equals 14. Under these conditions, determine the number of such matrices A. (Equivalently, count the number of ways the 21 labeled students can be split into 3 equally-sized hidden teams of size 7 so that edges connect students from different teams only, consistent with the matrix equation above.)",66512160
44_prompt01_s01,"Let F_47458321 be the finite field with q=47458321 elements, where q=83^{ {m} }. Define W to be the smallest set of polynomials with coefficients in F_47458321 satisfying all of the following: (i) the m translation polynomials x+t_1, x+t_2, ..., x+t_m are in W, where t_1, ..., t_m form an F_83-basis of F_47458321; (ii) for each of r=4 indices i among {1,2,...,m}, the unique degree-<q polynomial over F_47458321 that, as a function on F_47458321, swaps a and a+t_i (for a fixed but arbitrary a in F_47458321) and fixes every other field element is in W; (iii) whenever h_1,h_2 are in W, the remainder of h_1(h_2(x)) modulo x^47458321-x is also in W. Let N be the number of distinct polynomials in W modulo x^47458321-x. How many consecutive zeros are there at the end of the base-15750 representation of N?",3954858
44_prompt01_s02,"Let F_2248091 be the finite field with q=2248091 elements, where q=131^{ {m} }. Define W to be the smallest set of polynomials with coefficients in F_2248091 satisfying all of the following: (i) the m translation polynomials x+t_1, x+t_2, ..., x+t_m are in W, where t_1, ..., t_m form an F_131-basis of F_2248091; (ii) for each of r=1 indices i among {1,2,...,m}, the unique degree-<q polynomial over F_2248091 that, as a function on F_2248091, swaps a and a+t_i (for a fixed but arbitrary a in F_2248091) and fixes every other field element is in W; (iii) whenever h_1,h_2 are in W, the remainder of h_1(h_2(x)) modulo x^2248091-x is also in W. Let N be the number of distinct polynomials in W modulo x^2248091-x. How many consecutive zeros are there at the end of the base-5390000 representation of N?",137288
44_prompt01_s03,"Let F_115063617043 be the finite field with q=115063617043 elements, where q=163^{ {m} }. Define W to be the smallest set of polynomials with coefficients in F_115063617043 satisfying all of the following: (i) the m translation polynomials x+t_1, x+t_2, ..., x+t_m are in W, where t_1, ..., t_m form an F_163-basis of F_115063617043; (ii) for each of r=3 indices i among {1,2,...,m}, the unique degree-<q polynomial over F_115063617043 that, as a function on F_115063617043, swaps a and a+t_i (for a fixed but arbitrary a in F_115063617043) and fixes every other field element is in W; (iii) whenever h_1,h_2 are in W, the remainder of h_1(h_2(x)) modulo x^115063617043-x is also in W. Let N be the number of distinct polynomials in W modulo x^115063617043-x. How many consecutive zeros are there at the end of the base-1470000 representation of N?",7191444514
44_prompt01_s04,"Let F_25411681 be the finite field with q=25411681 elements, where q=71^{ {m} }. Define W to be the smallest set of polynomials with coefficients in F_25411681 satisfying all of the following: (i) the m translation polynomials x+t_1, x+t_2, ..., x+t_m are in W, where t_1, ..., t_m form an F_71-basis of F_25411681; (ii) for each of r=1 indices i among {1,2,...,m}, the unique degree-<q polynomial over F_25411681 that, as a function on F_25411681, swaps a and a+t_i (for a fixed but arbitrary a in F_25411681) and fixes every other field element is in W; (iii) whenever h_1,h_2 are in W, the remainder of h_1(h_2(x)) modulo x^25411681-x is also in W. Let N be the number of distinct polynomials in W modulo x^25411681-x. How many consecutive zeros are there at the end of the base-2100 representation of N?",2863288
44_prompt01_s05,"Let F_11881 be the finite field with q=11881 elements, where q=109^{ {m} }. Define W to be the smallest set of polynomials with coefficients in F_11881 satisfying all of the following: (i) the m translation polynomials x+t_1, x+t_2, ..., x+t_m are in W, where t_1, ..., t_m form an F_109-basis of F_11881; (ii) for each of r=2 indices i among {1,2,...,m}, the unique degree-<q polynomial over F_11881 that, as a function on F_11881, swaps a and a+t_i (for a fixed but arbitrary a in F_11881) and fixes every other field element is in W; (iii) whenever h_1,h_2 are in W, the remainder of h_1(h_2(x)) modulo x^11881-x is also in W. Let N be the number of distinct polynomials in W modulo x^11881-x. How many consecutive zeros are there at the end of the base-288750 representation of N?",742
45_prompt03_s03,"For each real x in [0,1), define f(x) = sum_{n=1}^∞ 2^{-n} over those n for which floor(n x + 6/7) modulo 7 lies in the residue set [[0, 1, 3, 4, 5]]. Let L_max be the largest real number such that f(x) ≥ L for all x ∈ [0,1). Determine the largest integer strictly less than 1000 · L_max.",618
45_prompt04_s01,"In a math contest, 13 students explore a parametric family of series. Fix integers q=13, m=4, base=8, and an offset r=1. Let A be the residue set modulo m given by 0,2. For each rational x of the form x=k/q where k is an integer with 0 <= k <= q-1, define F(x) as the infinite sum over n >= 1 of base^{-n} for those indices n with floor(n*x + r/q) taken modulo m lying in A. Let L_max be the largest real number such that F(x) >= L for every admissible x=k/q. Determine the largest integer strictly less than 1173 * L_max.",2
45_prompt04_s03,"In a math contest, 44 students explore a parametric family of series. Fix integers q=44, m=4, base=4, and an offset r=25. Let A be the residue set modulo m given by 0,3. For each rational x of the form x=k/q where k is an integer with 0 <= k <= q-1, define F(x) as the infinite sum over n >= 1 of base^{-n} for those indices n with floor(n*x + r/q) taken modulo m lying in A. Let L_max be the largest real number such that F(x) >= L for every admissible x=k/q. Determine the largest integer strictly less than 1818 * L_max.",0
45_prompt04_s05,"In a math contest, 29 students explore a parametric family of series. Fix integers q=29, m=5, base=4, and an offset r=0. Let A be the residue set modulo m given by 0,1. For each rational x of the form x=k/q where k is an integer with 0 <= k <= q-1, define F(x) as the infinite sum over n >= 1 of base^{-n} for those indices n with floor(n*x + r/q) taken modulo m lying in A. Let L_max be the largest real number such that F(x) >= L for every admissible x=k/q. Determine the largest integer strictly less than 1155 * L_max.",360
45_prompt06_s02,"Fix integers 6 >= 3 and 4 >= 3. Let R be the contiguous block of residues 3, 3+1, ..., 3+3-1 taken modulo 4. Let the rational shift be tau = 2/5 with 0 < tau < 1. For each real x in [0,1), define
f(x) = sum over all positive integers n such that floor(n*x + tau) modulo 4 lies in R, of 1/6^n.
Let L_max be the largest real number such that f(x) >= L_max for all x in [0,1). Determine the largest integer strictly less than 1000 * L_max.",167
46_prompt01_s01,"Consider ordered integer pairs (a, b) satisfying a^2 + 1 b^2 ≤ 112. Suppose there exist positive real numbers x and y such that a/√x + 6/(y + 3 x) = 3 and b/√y − 6/(y + 3 x) = 3. Let N be the number of such ordered pairs (a, b). Compute N^2.",26244
46_prompt01_s02,"Consider ordered integer pairs (a, b) satisfying a^2 + 1 b^2 ≤ 118. Suppose there exist positive real numbers x and y such that a/√x + 2/(y + 2 x) = 3 and b/√y − 2/(y + 2 x) = 3. Let N be the number of such ordered pairs (a, b). Compute N^2.",28900
46_prompt01_s03,"Consider ordered integer pairs (a, b) satisfying a^2 + 2 b^2 ≤ 168. Suppose there exist positive real numbers x and y such that a/√x + 5/(y + 5 x) = 1 and b/√y − 5/(y + 5 x) = 1. Let N be the number of such ordered pairs (a, b). Compute N^2.",28224
46_prompt01_s04,"Consider ordered integer pairs (a, b) satisfying a^2 + 2 b^2 ≤ 131. Suppose there exist positive real numbers x and y such that a/√x + 4/(y + 3 x) = 2 and b/√y − 4/(y + 3 x) = 2. Let N be the number of such ordered pairs (a, b). Compute N^2.",17161
46_prompt01_s05,"Consider ordered integer pairs (a, b) satisfying a^2 + 1 b^2 ≤ 88. Suppose there exist positive real numbers x and y such that a/√x + 8/(y + 2 x) = 2 and b/√y − 8/(y + 2 x) = 2. Let N be the number of such ordered pairs (a, b). Compute N^2.",16129
47_prompt01_s01,"Let 9 be a fixed integer and let s = 17/12 be a rational number with 0 < s < 2. Determine the minimal integer C such that for every positive integer n and all real numbers x_0, x_1, ..., x_n, the inequality

Sum_{0 ≤ i,j ≤ n} 9^{i+j+1} * binom(i+j, i) * x_i * x_j + Sum_{0 ≤ i ≤ n} (9 * 17/12)^i * x_i ≥ - C / 8489

holds.",286
47_prompt01_s02,"Let 10 be a fixed integer and let s = 8/7 be a rational number with 0 < s < 2. Determine the minimal integer C such that for every positive integer n and all real numbers x_0, x_1, ..., x_n, the inequality

Sum_{0 ≤ i,j ≤ n} 10^{i+j+1} * binom(i+j, i) * x_i * x_j + Sum_{0 ≤ i ≤ n} (10 * 8/7)^i * x_i ≥ - C / 10002

holds.",256
47_prompt01_s03,"Let 11 be a fixed integer and let s = 31/20 be a rational number with 0 < s < 2. Determine the minimal integer C such that for every positive integer n and all real numbers x_0, x_1, ..., x_n, the inequality

Sum_{0 ≤ i,j ≤ n} 11^{i+j+1} * binom(i+j, i) * x_i * x_j + Sum_{0 ≤ i ≤ n} (11 * 31/20)^i * x_i ≥ - C / 12327

holds.",402
47_prompt01_s04,"Let 11 be a fixed integer and let s = 1/13 be a rational number with 0 < s < 2. Determine the minimal integer C such that for every positive integer n and all real numbers x_0, x_1, ..., x_n, the inequality

Sum_{0 ≤ i,j ≤ n} 11^{i+j+1} * binom(i+j, i) * x_i * x_j + Sum_{0 ≤ i ≤ n} (11 * 1/13)^i * x_i ≥ - C / 10889

holds.",1673
47_prompt01_s05,"Let 7 be a fixed integer and let s = 27/19 be a rational number with 0 < s < 2. Determine the minimal integer C such that for every positive integer n and all real numbers x_0, x_1, ..., x_n, the inequality

Sum_{0 ≤ i,j ≤ n} 7^{i+j+1} * binom(i+j, i) * x_i * x_j + Sum_{0 ≤ i ≤ n} (7 * 27/19)^i * x_i ≥ - C / 11072

holds.",481
48_prompt02_s01,"In a math contest, 47 distinct positive integers \(a_1<a_2<\cdots<a_{47}\) have total sum 3331. For \(1\le k\le 46\), define
\[
b_k=\min(a_1+a_2+\cdots+a_k,\ a_{k+1}+a_{k+2}+\cdots+a_{47}).
\]
Let \(S\) be the maximum of \(b_k\) over all such \(k\). Among all valid sequences \((a_i)\), determine the minimal possible value of \(S\).",1081
48_prompt02_s02,"In a math contest, 34 distinct positive integers a_1 < a_2 < ... < a_34 have total sum 2309. For 1 <= k <= 33, define b_k = min(a_1 + a_2 + ... + a_k, a_{k+1} + a_{k+2} + ... + a_34). Let S be the maximum of b_k over all such k. Among all valid sequences (a_i), determine the minimal possible value of S.",561
48_prompt02_s03,"In a math contest, 60 distinct positive integers a_1 < a_2 < ... < a_60 have total sum 5233. For 1 <= k <= 60-1, define b_k = min(a_1 + a_2 + ... + a_k, a_{k+1} + a_{k+2} + ... + a_60). Let S be the maximum of b_k over all such k. Among all valid sequences (a_i), determine the minimal possible value of S.",1745
48_prompt02_s05,"In a math contest, 53 distinct positive integers a_1 < a_2 < ... < a_53 have total sum 4748. For 1 <= k <= 52, define b_k = min(a_1 + a_2 + ... + a_k, a_{k+1} + a_{k+2} + ... + a_53). Let S be the maximum of b_k over all such k. Among all valid sequences (a_i), determine the minimal possible value of S.",1378
48_prompt03_s02,"Let n=56, and consider any sequence of strictly increasing positive integers a_1<a_2<\cdots<a_{56}, each term a_i being a multiple of 3, with total sum a_1+a_2+\cdots+a_{56}=5580. For any choice of indices 1\le k_1<k_2\le 55, form 3 contiguous blocks: B_1=(a_1,\ldots,a_{k_1}), B_2=(a_{k_1+1},\ldots,a_{k_2}), and B_3=(a_{k_2+1},\ldots,a_{56}). Let S be the maximum, over all such partitions, of the minimum of the 3 block sums. Among all such sequences, determine the minimal possible value of S.",1755
49_prompt01_s01,"In a math contest, a 502×502 number table must be filled with the integers 1, 2, ..., 252004, each used exactly once. For every pair of numbers that lie in the same row or the same column, take the ratio of the larger to the smaller. The smallest of all these ratios is called the characteristic value of the table. Among all possible such fillings, let the maximum possible characteristic value be λ = α/β in lowest terms. Compute α + β.",1005
49_prompt01_s02,"In a math contest, a 285×285 number table must be filled with the integers 1, 2, ..., 81225, each used exactly once. For every pair of numbers that lie in the same row or the same column, take the ratio of the larger to the smaller. The smallest of all these ratios is called the characteristic value of the table. Among all possible such fillings, let the maximum possible characteristic value be λ = α/β in lowest terms. Compute α + β.",571
49_prompt01_s03,"In a math contest, a 92×92 number table must be filled with the integers 1, 2, ..., 8464, each used exactly once. For every pair of numbers that lie in the same row or the same column, take the ratio of the larger to the smaller. The smallest of all these ratios is called the characteristic value of the table. Among all possible such fillings, let the maximum possible characteristic value be λ = α/β in lowest terms. Compute α + β.",185
49_prompt01_s04,"In a math contest, a 476×476 number table must be filled with the integers 1, 2, ..., 226576, each used exactly once. For every pair of numbers that lie in the same row or the same column, take the ratio of the larger to the smaller. The smallest of all these ratios is called the characteristic value of the table. Among all possible such fillings, let the maximum possible characteristic value be λ = α/β in lowest terms. Compute α + β.",953
49_prompt01_s05,"In a math contest, a 168×168 number table must be filled with the integers 1, 2, ..., 28224, each used exactly once. For every pair of numbers that lie in the same row or the same column, take the ratio of the larger to the smaller. The smallest of all these ratios is called the characteristic value of the table. Among all possible such fillings, let the maximum possible characteristic value be λ = α/β in lowest terms. Compute α + β.",337
5_prompt01_s02,"In a math contest, consider all integers k in the interval [2, 3226]. For fixed parameters r = 2 and modulus m = 5, call a triple (n, a, b) admissible if: n is odd and has exactly r distinct prime factors; each prime factor of n is congruent to 1 modulo m and also divides k; gcd(a, b) = 1; a + b = k; and n divides a^n + b^n. How many integers k in [2, 3226] make the set of admissible triples finite?",3182
5_prompt01_s03,"In a math contest, consider all integers k in the interval [48944, 52092]. For fixed parameters r = 3 and modulus m = 8, call a triple (n, a, b) admissible if: n is odd and has exactly r distinct prime factors, each congruent to 1 modulo m; every prime divisor of n also divides k; gcd(a, b) = 1; a + b = k; and n divides a^n + b^n. How many integers k in [48944, 52092] make the set of admissible triples finite?",3148
5_prompt01_s04,"In a math contest, consider all integers k in the interval [115868, 120152]. For fixed parameters r = 3 and modulus m = 10, call a triple (n, a, b) admissible if a and b are positive integers, gcd(a, b) = 1, a + b = k, n is odd, and n has exactly r distinct prime factors, each congruent to 1 modulo m and each dividing k; moreover, n divides a^n + b^n. How many integers k in [115868, 120152] make the set of admissible triples finite?",4283
5_prompt01_s05,"In a math contest, consider all integers k in the interval [13191, 14841]. For fixed parameters r = 3 and modulus m = 5, call a triple (n, a, b) admissible if a, b, n are positive integers; n is odd and has exactly r distinct prime factors, each congruent to 1 modulo m and dividing k; gcd(a, b) = 1; a + b = k; and n divides a^n + b^n. How many integers k in [13191, 14841] make the set of admissible triples finite?",1650
5_prompt02_s02,"In a math contest, the coordinator fixes integers 372 < 446 and a bound 136 ≥ 9. For each integer k in [372, 446], define f(k) to be the number of odd integers n with 3 ≤ n ≤ 136 for which there exist coprime positive integers a and b satisfying a + b = k and n divides a^n + b^n. Determine how many integers k in [372, 446] satisfy f(k) = 5.",5
50_prompt01_s01,"On a circle of radius 9/8, a regular 32-gon is inscribed. The polygon is rotated so that one vertex lies at an angle of 1.726496 degrees from the positive x-axis. Let E and F be points on the circle such that the central angle ∠EOF equals 2×(368/5) degrees, and the midpoint direction of arc EF is aligned with the positive x-axis. For a point M ranging over all points on the edges (line segments) of the polygon, define S as the minimum possible value of the Euclidean dot product between vectors MF and ME. Compute the value of ceil(38627 × (−S)).",20103
50_prompt01_s02,"On a circle of radius 11/12, a regular 10-gon is inscribed. The polygon is rotated so that one vertex lies at an angle of 26.787341 degrees from the positive x-axis. Let E and F be points on the circle such that the central angle ∠EOF equals 2×(320/5) degrees, and the midpoint direction of arc EF is aligned with the positive x-axis. For a point M ranging over all points on the edges (line segments) of the polygon, define S as the minimum possible value of the Euclidean dot product between vectors MF and ME. Compute the value of ceil(5122 × (−S)).",2323
50_prompt01_s03,"On a circle of radius 3/12, a regular 16-gon is inscribed. The polygon is rotated so that one vertex lies at an angle of 17.102299 degrees from the positive x-axis. Let E and F be points on the circle such that the central angle ∠EOF equals 2×(747/10) degrees, and the midpoint direction of arc EF is aligned with the positive x-axis. For a point M ranging over all points on the edges (line segments) of the polygon, define S as the minimum possible value of the Euclidean dot product between vectors MF and ME. Compute the value of ceil(43545 × (−S)).",1128
50_prompt01_s04,"On a circle of radius 8/7, a regular 30-gon is inscribed. The polygon is rotated so that one vertex lies at an angle of 3.224261 degrees from the positive x-axis. Let E and F be points on the circle such that the central angle ∠EOF equals 2×(496/10) degrees, and the midpoint direction of arc EF is aligned with the positive x-axis. For a point M ranging over all points on the edges (line segments) of the polygon, define S as the minimum possible value of the Euclidean dot product between vectors MF and ME. Compute the value of ceil(14388 × (−S)).",8634
50_prompt01_s05,"On a circle of radius 1/12, a regular 20-gon is inscribed. The polygon is rotated so that one vertex lies at an angle of 1.626215 degrees from the positive x-axis. Let E and F be points on the circle such that the central angle ∠EOF equals 2×(223/6) degrees, and the midpoint direction of arc EF is aligned with the positive x-axis. For a point M ranging over all points on the edges (line segments) of the polygon, define S as the minimum possible value of the Euclidean dot product between vectors MF and ME. Compute the value of ceil(35566 × (−S)).",81
51_prompt01_s01,"Let 136 be a fixed positive integer with 136 >= 6. For any non-empty finite subset S of {1,2,...,136}, define the weighted mean f_w(S) = (sum_{x in S} x^2) / (sum_{x in S} x). Consider all ordered pairs (A, B) of disjoint non-empty subsets with A ∪ B = {1, 2, ..., 136}, 1 ≤ |A| ≤ 136-2, and 2 ≤ |B| ≤ 136-1. For any p in B, define A_p = A ∪ {p} and B_p = B \ {p}. Over all choices of (A, B) satisfying the conditions and all p in B, determine the maximum possible value of (f_w(A_p) − f_w(A)) · (f_w(B_p) − f_w(B)). If the maximum can be expressed as an irreducible fraction u/v, report u + v.",125471413
51_prompt03_s01,"In a math contest, 313 students are labeled with distinct skill ratings 1 through 313. They are split into two disjoint teams A and B with A ∪ B = {1, 2, ..., 313} and A ∩ B = ∅, subject to 1 ≤ |A| ≤ 313 − 2 and 2 ≤ |B| ≤ 313 − 1. For any p ∈ B, define A_p = A ∪ {p} and B_p = B \ {p}. Let f(X) be the average of the elements of a finite non-empty set X. Define the aggregated impact score S(A,B) = ∑_{p ∈ B} (f(A_p) − f(A)) ⋅ (f(B_p) − f(B)). Over all valid partitions (A,B), determine the maximum possible value of S(A,B). If the maximum is an irreducible fraction, report the sum of its numerator and denominator.",623
51_prompt03_s02,"In a math contest, 272 students are labeled with distinct skill ratings 1 through 272. They are split into two disjoint teams A and B with A ∪ B = {1, 2, ..., 272} and A ∩ B = ∅, subject to 1 ≤ |A| ≤ 272 − 2 and 2 ≤ |B| ≤ 272 − 1. For any p ∈ B, define A_p = A ∪ {p} and B_p = B \ {p}. Let f(X) be the average of the elements of a finite non-empty set X. Define the aggregated impact score S(A,B) = ∑_{p ∈ B} (f(A_p) − f(A)) ⋅ (f(B_p) − f(B)). Over all valid partitions (A,B), determine the maximum possible value of S(A,B). If the maximum is an irreducible fraction, report the sum of its numerator and denominator.",541
51_prompt03_s03,"In a math contest, 212 students are labeled with distinct skill ratings 1 through 212. They are split into two disjoint teams A and B with A ∪ B = {1, 2, ..., 212} and A ∩ B = ∅, subject to 1 ≤ |A| ≤ 212 − 2 and 2 ≤ |B| ≤ 212 − 1. For any p ∈ B, define A_p = A ∪ {p} and B_p = B \ {p}. Let f(X) be the average of the elements of a finite non-empty set X. Define the aggregated impact score S(A,B) = ∑_{p ∈ B} (f(A_p) − f(A)) ⋅ (f(B_p) − f(B)). Over all valid partitions (A,B), determine the maximum possible value of S(A,B). If the maximum is an irreducible fraction, report the sum of its numerator and denominator.",421
51_prompt03_s04,"In a math contest, 278 students are labeled with distinct skill ratings 1 through 278. They are split into two disjoint teams A and B with A ∪ B = {1, 2, ..., 278} and A ∩ B = ∅, subject to 1 ≤ |A| ≤ 278 − 2 and 2 ≤ |B| ≤ 278 − 1. For any p ∈ B, define A_p = A ∪ {p} and B_p = B \ {p}. Let f(X) be the average of the elements of a finite non-empty set X. Define the aggregated impact score S(A,B) = ∑_{p ∈ B} (f(A_p) − f(A)) ⋅ (f(B_p) − f(B)). Over all valid partitions (A,B), determine the maximum possible value of S(A,B). If the maximum is an irreducible fraction, report the sum of its numerator and denominator.",553
52_prompt01_s01,"Consider a regular 5-simplex with side length 7/4. A rigid ball moves freely inside it. The center of the ball must remain at least c_i times the inradius of the simplex away (perpendicularly) from the i-th face F_i, for each i = 1, 2, ..., 5+1, where the multipliers (c_1, ..., c_{dimension+1}) are given by 5/7, 1/8, 3/8, 1/5, 1/4, 5/8. Let V be the 5-dimensional volume of the set of all reachable positions of the center. Compute floor(1 / V^2).",34827
52_prompt01_s02,"Consider a regular 6-simplex with side length 3/2. A rigid ball moves freely inside it. The center of the ball must remain at least c_i times the inradius of the simplex away (perpendicularly) from the i-th face F_i, for each i = 1, 2, ..., 6+1, where the multipliers (c_1, ..., c_{dimension+1}) are given by 1/7, 1/2, 2/3, 8/9, 4/5, 4/5, 2/3. Let V be the 6-dimensional volume of the set of all reachable positions of the center. Compute floor(1 / V^2).",7182173598
52_prompt01_s03,"Consider a regular 5-simplex with side length 9/5. A rigid ball moves freely inside it. The center of the ball must remain at least c_i times the inradius of the simplex away (perpendicularly) from the i-th face F_i, for each i = 1, 2, ..., 5+1, where the multipliers (c_1, ..., c_{dimension+1}) are given by 3/4, 1/6, 1/5, 1/6, 1/8, 2/3. Let V be the 5-dimensional volume of the set of all reachable positions of the center. Compute floor(1 / V^2).",14988
52_prompt01_s04,"Consider a regular 4-simplex with side length 7/4. A rigid ball moves freely inside it. The center of the ball must remain at least c_i times the inradius of the simplex away (perpendicularly) from the i-th face F_i, for each i = 1, 2, ..., 4+1, where the multipliers (c_1, ..., c_{dimension+1}) are given by 3/5, 7/8, 5/8, 4/5, 1/6. Let V be the 4-dimensional volume of the set of all reachable positions of the center. Compute floor(1 / V^2).",41934
52_prompt01_s05,"Consider a regular 5-simplex with side length 7/4. A rigid ball moves freely inside it. The center of the ball must remain at least c_i times the inradius of the simplex away (perpendicularly) from the i-th face F_i, for each i = 1, 2, ..., 5+1, where the multipliers (c_1, ..., c_{dimension+1}) are given by 1/9, 1/3, 1/3, 4/5, 2/3, 2/5. Let V be the 5-dimensional volume of the set of all reachable positions of the center. Compute floor(1 / V^2).",95246
53_prompt01_s01,"In a math contest, the committee fixes an exponent 270. Determine the minimal positive integer n ≥ 306 for which there exists a bijection f: {1, ..., n} → {1, ..., n} satisfying both of the following for all x, y in {1, ..., n}: (i) If n divides 270·x − y, then n+1 divides f(x)^{ 270 } − f(y). (ii) If n divides x + y, then n+1 divides f(x)·f(y) − 1. Find n.",306
53_prompt01_s02,"In a math contest, the committee fixes an exponent 21. Determine the minimal positive integer n ≥ 1483 for which there exists a bijection f: {1, ..., n} → {1, ..., n} satisfying both of the following for all x, y in {1, ..., n}: (i) If n divides 21·x − y, then n+1 divides f(x)^{ 21 } − f(y). (ii) If n divides x + y, then n+1 divides f(x)·f(y) − 1. Find n.",1486
53_prompt01_s03,"In a math contest, the committee fixes an exponent 552. Determine the minimal positive integer n ≥ 1225 for which there exists a bijection f: {1, ..., n} → {1, ..., n} satisfying both of the following for all x, y in {1, ..., n}: (i) If n divides 552·x − y, then n+1 divides f(x)^{ 552 } − f(y). (ii) If n divides x + y, then n+1 divides f(x)·f(y) − 1. Find n.",1228
53_prompt01_s04,"In a math contest, the committee fixes an exponent 768. Determine the minimal positive integer n ≥ 1207 for which there exists a bijection f: {1, ..., n} → {1, ..., n} satisfying both of the following for all x, y in {1, ..., n}: (i) If n divides 768·x − y, then n+1 divides f(x)^{ 768 } − f(y). (ii) If n divides x + y, then n+1 divides f(x)·f(y) − 1. Find n.",1212
53_prompt01_s05,"In a math contest, the committee fixes an exponent 356. Determine the minimal positive integer n ≥ 378 for which there exists a bijection f: {1, ..., n} → {1, ..., n} satisfying both of the following for all x, y in {1, ..., n}: (i) If n divides 356·x − y, then n+1 divides f(x)^{ 356 } − f(y). (ii) If n divides x + y, then n+1 divides f(x)·f(y) − 1. Find n.",378
54_prompt01_s01,"In a math contest, let n = 892 and k = 3. For each integer i with 1 ≤ i ≤ n − 1, define f(i) = i^k / (i^k + (n − i)^k). Let D be the following set of positive divisors of n: 1, 2, 4, 223. For each d in D, assign an even weight w(d) as follows: 1:6, 2:10, 4:12, 223:8. Consider the weighted sum T = sum over all integers i with 1 ≤ i ≤ n − 1 and gcd(i, n) ∈ D of w(gcd(i, n)) · f(i). Compute the exact value of T.",3782
54_prompt01_s02,"In a math contest, let n = 1606 and k = 9. For each integer i with 1 ≤ i ≤ n − 1, define f(i) = i^k / (i^k + (n − i)^k). Let D be the following set of positive divisors of n: 1, 2, 803. For each d in D, assign an even weight w(d) as follows: 1:6, 2:14, 803:8. Consider the weighted sum T = sum over all integers i with 1 ≤ i ≤ n − 1 and gcd(i, n) ∈ D of w(gcd(i, n)) · f(i). Compute the exact value of T.",7204
54_prompt01_s03,"In a math contest, let n = 1245 and k = 7. For each integer i with 1 ≤ i ≤ n − 1, define f(i) = i^k / (i^k + (n − i)^k). Let D be the following set of positive divisors of n: 1, 5, 15, 83, 415. For each d in D, assign an even weight w(d) as follows: 1:4, 5:2, 15:8, 83:12, 415:6. Consider the weighted sum T = sum over all integers i with 1 ≤ i ≤ n − 1 and gcd(i, n) ∈ D of w(gcd(i, n)) · f(i). Compute the exact value of T.",1858
54_prompt01_s04,"In a math contest, let n = 1845 and k = 3. For each integer i with 1 ≤ i ≤ n − 1, define f(i) = i^k / (i^k + (n − i)^k). Let D be the following set of positive divisors of n: 1, 5, 15, 369, 615. For each d in D, assign an even weight w(d) as follows: 1:14, 5:6, 15:14, 369:6, 615:14. Consider the weighted sum T = sum over all integers i with 1 ≤ i ≤ n − 1 and gcd(i, n) ∈ D of w(gcd(i, n)) · f(i). Compute the exact value of T.",8026
54_prompt01_s05,"In a math contest, let n = 1092 and k = 3. For each integer i with 1 ≤ i ≤ n − 1, define f(i) = i^k / (i^k + (n − i)^k). Let D be the following set of positive divisors of n: 1, 3, 6, 7, 182. For each d in D, assign an even weight w(d) as follows: 1:12, 3:8, 6:10, 7:10, 182:4. Consider the weighted sum T = sum over all integers i with 1 ≤ i ≤ n − 1 and gcd(i, n) ∈ D of w(gcd(i, n)) · f(i). Compute the exact value of T.",2908
55_prompt03_s01,"In a math contest, non-negative reals x, y, z satisfy 4x^2 + 12y^2 + 7z^2 = 1. For each i = 1, ..., 4, define f_i as the maximal value of 4(p_i·xy + q_i·xz) under this constraint. The sequences (p_i), (q_i), and weights (w_i) are given respectively by 1, 2, 2, 7, 8, 1, 8, 2, and 9, 12, 2, 7. Find the largest integer no more than S = \sum_{i=1}^4 w_i f_i^2.",140
55_prompt03_s02,"In a math contest, non-negative reals x, y, z satisfy 12x^2 + 11y^2 + 5z^2 = 1. For each i = 1, ..., 5, define f_i as the maximal value of 4(p_i·xy + q_i·xz) under this constraint. The sequences (p_i), (q_i), and weights (w_i) are given respectively by 3, 4, 8, 1, 6, 4, 2, 2, 8, 1, and 12, 5, 5, 12, 5. Find the largest integer no more than S = \sum_{i=1}^5 w_i f_i^2.",88
55_prompt03_s03,"In a math contest, non-negative reals x, y, z satisfy 12x^2 + 10y^2 + 2z^2 = 1. For each i = 1, ..., 6, define f_i as the maximal value of 4(p_i·xy + q_i·xz) under this constraint. The sequences (p_i), (q_i), and weights (w_i) are given respectively by 9, 7, 7, 9, 2, 5, 8, 6, 3, 2, 4, 3, and 2, 11, 12, 8, 1, 4. Find the largest integer no more than S = \sum_{i=1}^6 w_i f_i^2.",187
55_prompt03_s04,"In a math contest, non-negative reals x, y, z satisfy 11x^2 + 2y^2 + 10z^2 = 1. For each i = 1, ..., 6, define f_i as the maximal value of 4(p_i·xy + q_i·xz) under this constraint. The sequences (p_i), (q_i), and weights (w_i) are given respectively by 3, 7, 3, 7, 5, 7, 7, 7, 1, 7, 9, 8, and 1, 4, 8, 4, 9, 8. Find the largest integer no more than S = \sum_{i=1}^6 w_i f_i^2.",259
55_prompt03_s05,"In a math contest, non-negative reals x, y, z satisfy 5x^2 + 9y^2 + 7z^2 = 1. For each i = 1, ..., 5, define f_i as the maximal value of 4(p_i·xy + q_i·xz) under this constraint. The sequences (p_i), (q_i), and weights (w_i) are given respectively by 6, 9, 6, 4, 9, 1, 5, 5, 7, 9, and 11, 1, 6, 7, 6. Find the largest integer no more than S = \sum_{i=1}^5 w_i f_i^2.",230
56_prompt01_s05,"Let I_n(a,k,q)=∫_0^{π/q} [sin^2(nt)]/[sin t + a·sin(kt)] dt, where a, k, q are positive integers and k is odd. Compute ⌊2226 · lim_{n→∞} (I_n(a,k,q)/log_2 n)⌋ for the specific parameters a=3, k=5, q=8.",48
56_prompt02_s03,"Consider the family of integrals I_n = ∫_0^{pi/2} [sin^2(7·n·t)] / (sin t)^{ 1.0 } dt. Define the scaling S_n as follows: if 1.0 ≠ 1 then S_n = n^{ 1.0 − 1}, and if 1.0 = 1 then S_n = log base 3 of n. Determine the greatest integer less than 750 × lim_{n→∞} (I_n / S_n).",411
56_prompt02_s05,"Consider the family of integrals I_n = ∫_0^{pi/2} [sin^2(3·n·t)] / (sin t)^{ 1.0 } dt. Define the scaling S_n as follows: if 1.0 ≠ 1 then S_n = n^{ 1.0 − 1}, and if 1.0 = 1 then S_n = log base 2 of n. Determine the greatest integer less than 500 × lim_{n→∞} (I_n / S_n).",173
56_prompt03_s01,"In a math contest, for fixed integers 3 ≥ 1, 4 > 3, 2 ≥ 1, 2 ≥ 1, 7 ≥ 1, 5 ≥ 1, 1 ≥ 1, and nonzero integers -5, -4, define for each positive integer n the integral
J_n = ∫ from 0 to π/4 of [ ((1 + -5·t + -4·t^2) · (2·(1 − cos(7·n·t)) + 2·(1 − cos(5·n·t))) ) / sin(3·t ) ] dt.
Let L = lim as n→∞ of J_n divided by log base 7 of n.
Compute the largest integer less than 1059 · L.",2747
56_prompt03_s02,"In a math contest, for fixed integers 5 ≥ 1, 11 > 5, 1 ≥ 1, 5 ≥ 1, 4 ≥ 1, 7 ≥ 1, 3 ≥ 1, and nonzero integers 2, -5, define for each positive integer n the integral
J_n = ∫ from 0 to π/11 of [ ((3 + 2·t + -5·t^2) · (1·(1 − cos(4·n·t)) + 5·(1 − cos(7·n·t))) ) / sin(5·t ) ] dt.
Let L = lim as n→∞ of J_n divided by log base 2 of n.
Compute the largest integer less than 1243 · L.",3101
57_prompt01_s01,"In a math contest, 3 students are assigned positive real weights x_1, ..., x_3. Let S = x_1 + ... + x_3. Fix rational parameters r = 2/3 with 0 < r < 1 and c = 23/10. Determine the minimal integer k such that, for all choices of positive x_i, the inequality sum_{i=1}^3 x_i / (x_i + c S)^{r} ≤ (k / 2000) * S^{1 - r} holds.",1049
57_prompt01_s02,"In a math contest, 8 students are assigned positive real weights x_1, ..., x_8. Let S = x_1 + ... + x_8. Fix rational parameters r = 3/4 with 0 < r < 1 and c = 12/5. Determine the minimal integer k such that, for all choices of positive x_i, the inequality sum_{i=1}^8 x_i / (x_i + c S)^{r} ≤ (k / 750) * S^{1 - r} holds.",375
57_prompt01_s03,"In a math contest, 5 students are assigned positive real weights x_1, ..., x_5. Let S = x_1 + ... + x_5. Fix rational parameters r = 7/10 with 0 < r < 1 and c = 5/5. Determine the minimal integer k such that, for all choices of positive x_i, the inequality sum_{i=1}^5 x_i / (x_i + c S)^{r} ≤ (k / 1500) * S^{1 - r} holds.",1321
57_prompt01_s04,"In a math contest, 7 students are assigned positive real weights x_1, ..., x_7. Let S = x_1 + ... + x_7. Fix rational parameters r = 1/2 with 0 < r < 1 and c = 4/12. Determine the minimal integer k such that, for all choices of positive x_i, the inequality sum_{i=1}^7 x_i / (x_i + c S)^{r} ≤ (k / 1500) * S^{1 - r} holds.",2174
57_prompt01_s05,"In a math contest, 8 students are assigned positive real weights x_1, ..., x_8. Let S = x_1 + ... + x_8. Fix rational parameters r = 3/5 with 0 < r < 1 and c = 7/3. Determine the minimal integer k such that, for all choices of positive x_i, the inequality sum_{i=1}^8 x_i / (x_i + c S)^{r} ≤ (k / 2500) * S^{1 - r} holds.",1458
58_prompt01_s02,"In a math contest, 2313 students each hold one cookie of every one of 69 distinct shapes. For every student i there is a single preferred shape p_i. The mass of the cookie of that preferred shape is h, while the mass of each of the other 69 − 1 cookies is the same value l = 1/1359. All students share the same h and l, with h and l positive and satisfying h + (69 − 1)·l = 1 and h > l. You must select exactly one cookie from each student. If a student is assigned to their preferred shape, that student contributes mass h to that shape’s total; if assigned to any non-preferred shape, they contribute mass l to that shape’s total.

Let C be the smallest positive real number such that, no matter how the preferred shapes p_i are arranged among the 69 shapes, it is always possible to select one cookie from each student so that, for every shape, the total mass of the selected cookies of that shape does not exceed C. Write C in simplest fractional form q/p and report p + q.",1394
58_prompt01_s03,"In a math contest, 2072 students each hold one cookie of every one of 91 distinct shapes. For every student i there is a single preferred shape p_i. The mass of the cookie of that preferred shape is h, while the mass of each of the other 91 − 1 cookies is the same value l = 1/2113. All students share the same h and l, with h and l positive and satisfying h + (91 − 1)·l = 1 and h > l. You must select exactly one cookie from each student. If a student is assigned to their preferred shape, that student contributes mass h to that shape’s total; if assigned to any non-preferred shape, they contribute mass l to that shape’s total.

Let C be the smallest positive real number such that, no matter how the preferred shapes p_i are arranged among the 91 shapes, it is always possible to select one cookie from each student so that, for every shape, the total mass of the selected cookies of that shape does not exceed C. Write C in simplest fractional form q/p and report p + q.",2137
58_prompt01_s04,"In a math contest, 517 students each hold one cookie of every one of 127 distinct shapes. For every student i there is a single preferred shape p_i. The mass of the cookie of that preferred shape is h, while the mass of each of the other 127 - 1 cookies is the same value l = 1/140. All students share the same h and l, with h and l positive and satisfying h + (127 - 1)l = 1 and h > l. You must select exactly one cookie from each student. If a student is assigned to their preferred shape, that student contributes mass h to that shape's total; if assigned to any non-preferred shape, they contribute mass l to that shape's total.

Let C be the smallest positive real number such that, no matter how the preferred shapes p_i are arranged among the 127 shapes, it is always possible to select one cookie from each student so that, for every shape, the total mass of the selected cookies of that shape does not exceed C. Write C in simplest fractional form q/p and report p + q.",29
58_prompt01_s05,"In a math contest, 3567 students each hold one cookie of every one of 105 distinct shapes. For every student $i$ there is a single preferred shape $p_i$. The mass of the cookie of that preferred shape is $h$, while the mass of each of the other $105-1$ cookies is the same value $l=\tfrac{1}{827}$. All students share the same $h$ and $l$, with $h$ and $l$ positive and satisfying $h+(105-1)\cdot l=1$ and $h>l$. You must select exactly one cookie from each student. If a student is assigned to their preferred shape, that student contributes mass $h$ to that shape’s total; if assigned to any non-preferred shape, they contribute mass $l$ to that shape’s total.

Let $C$ be the smallest positive real number such that, no matter how the preferred shapes $p_i$ are arranged among the 105 shapes, it is always possible to select one cookie from each student so that, for every shape, the total mass of the selected cookies of that shape does not exceed $C$. Write $C$ in simplest fractional form $q/p$ and report $p+q$.",862
58_prompt03_s01,"In a math contest, 490 students each hold one cookie of each of 7 shapes. For shape index j = 1, 2, ..., 7, define a_j = 4 + (j - 1)8. The masses are identical across students: the cookie of shape j has mass a_j / A, where A = sum_{t=1}^7 a_t. You must select exactly one cookie from each student. Let C be the smallest positive real number such that it is possible to make such a selection while ensuring that for every shape j, the total mass of the chosen cookies of shape j does not exceed C. If C is written in lowest terms as q/p, find p + q.",43
59_prompt01_s01,"Let S = {1,2,...,2960} and define the reflection map φ(x) = 2960+1 - x. Fix 4, a power of two. Let M be the number of bijections f: S → S such that for every a ∈ S, one has f^[4](a) + f^[-4](a) = 2960+1, where f^[k] denotes the k-fold iterate of f (and f^[-k] = (f^{-1})^[k]). Determine the largest integer k such that 2^k divides M.",2035
59_prompt01_s02,"Let S = {1,2,...,19200} and define the reflection map φ(x) = 19200+1 - x. Fix 32, a power of two. Let M be the number of bijections f: S → S such that for every a ∈ S, one has f^[32](a) + f^[-32](a) = 19200+1, where f^[k] denotes the k-fold iterate of f (and f^[-k] = (f^{-1})^[k]). Determine the largest integer k such that 2^k divides M.",18000
59_prompt01_s03,"Let S = {1,2,...,2304} and define the reflection map φ(x) = 2304+1 - x. Fix 64, a power of two. Let M be the number of bijections f: S → S such that for every a ∈ S, one has f^[64](a) + f^[-64](a) = 2304+1, where f^[k] denotes the k-fold iterate of f (and f^[-k] = (f^{-1})^[k]). Determine the largest integer k such that 2^k divides M.",2223
59_prompt01_s04,"Let S = {1,2,...,6176} and define the reflection map φ(x) = 6176+1 - x. Fix 8, a power of two. Let M be the number of bijections f: S → S such that for every a ∈ S, one has f^[8](a) + f^[-8](a) = 6176+1, where f^[k] denotes the k-fold iterate of f (and f^[-k] = (f^{-1})^[k]). Determine the largest integer k such that 2^k divides M.",5018
59_prompt01_s05,"Let S = {1,2,...,672} and define the reflection map φ(x) = 672+1 - x. Fix 4, a power of two. Let M be the number of bijections f: S → S such that for every a ∈ S, one has f^[4](a) + f^[-4](a) = 672+1, where f^[k] denotes the k-fold iterate of f (and f^[-k] = (f^{-1})^[k]). Determine the largest integer k such that 2^k divides M.",462
6_prompt01_s01,"In a math contest, 147 real numbers a_1, a_2, ..., a_147 satisfy the cyclic Lipschitz condition |a_i - a_{i+1}| ≤ 1 for all 1 ≤ i ≤ 147, where a_{148} := a_1, and the global sum constraint a_1 + a_2 + ... + a_147 = 3. Let p = 25 and m = ⌊147/p⌋ = 5, and consider the arithmetic progression of indices {p, 2p, 3p, ..., mp} = {25, 50, 75, 100, 125}. Define F = a_p + a_{2p} + ... + a_{mp} = a_25 + a_50 + a_75 + a_100 + a_125. Determine the maximum possible value of F, rounded to 10 decimal places.",43.4217687075
6_prompt01_s02,"In a math contest, 76 real numbers a_1, a_2, ..., a_76 satisfy the cyclic Lipschitz condition |a_i - a_{i+1}| ≤ 4 for all 1 ≤ i ≤ 76, where a_77 := a_1, and a_1 + a_2 + ... + a_76 = 30. Let p = 13 and m = floor(76/p) = 5. Define F = a_p + a_{2p} + ... + a_{mp} = a_13 + a_26 + a_39 + a_52 + a_65. Determine the maximum possible value of F.",3443/38
6_prompt01_s03,"In a math contest, 100 real numbers a_1, a_2, ..., a_100 satisfy the cyclic Lipschitz condition |a_i - a_{i+1}| ≤ 1 for all 1 ≤ i ≤ 100, where a_{101} := a_1, and the global sum constraint a_1 + a_2 + ... + a_100 = 0. Let p = 26 and m = ⌊100/p⌋ = 3, so the arithmetic progression of indices is {p, 2p, 3p} = {26, 52, 78}. Define F = a_p + a_{2p} + a_{3p} = a_26 + a_52 + a_78. Determine the maximum possible value of F.",28.22
6_prompt01_s04,"In a math contest, 63 real numbers a_1, a_2, ..., a_63 satisfy the cyclic Lipschitz condition |a_i - a_{i+1}| ≤ 6 for all 1 ≤ i ≤ 63, where a_{n+1} := a_1, and the global sum constraint a_1 + a_2 + ... + a_63 = -8. Let m = ⌊63/9⌋, and consider the arithmetic progression of indices {p, 2p, 3p, ..., mp}. Define F = a_9 + a_{2p} + ... + a_{mp}. Determine the maximum possible value of F.",92.4444444444
6_prompt01_s05,"In a math contest, 137 real numbers a_1, a_2, ..., a_137 satisfy the cyclic Lipschitz condition |a_i - a_{i+1}| ≤ 2 for all 1 ≤ i ≤ 137, where a_138 := a_1, and the global sum constraint a_1 + a_2 + ... + a_137 = -9. Let m = ⌊137/23⌋ = 5, and define F = a_23 + a_46 + ... + a_{23m} = a_23 + a_46 + a_69 + a_92 + a_115. Determine the maximum possible value of F.",11271/137 ≈ 82.2700729927
60_prompt01_s01,"Consider a cyclic sequence of 5587 real numbers a_1, a_2, ..., a_5587. Fix a step size 774 with 1 <= 774 < 5587, and interpret indices modulo 5587. Define the set of pair-sums S_774 = { |a_i + a_{i+774}| : i = 1, 2, ..., 5587 }. Determine the smallest positive integer t such that for every choice of the reals a_1, ..., a_5587, the inequality max_{1 <= i <= 5587} |a_i| <= t * max S_774 always holds.",2794
60_prompt01_s02,"Consider a cyclic sequence of 6491 real numbers a_1, a_2, ..., a_6491. Fix a step size 233 with 1 <= 233 < 6491, and interpret indices modulo 6491. Define the set of pair-sums S_233 = { |a_i + a_{i+233}| : i = 1, 2, ..., 6491 }. Determine the smallest positive integer t such that for every choice of the reals a_1, ..., a_6491, the inequality max_{1 <= i <= 6491} |a_i| <= t * max S_233 always holds.",3246
60_prompt01_s03,"Consider a cyclic sequence of 7499 real numbers a_1, a_2, ..., a_7499. Fix a step size 964 with 1 <= 964 < 7499, and interpret indices modulo 7499. Define the set of pair-sums S_964 = { |a_i + a_{i+964}| : i = 1, 2, ..., 7499 }. Determine the smallest positive integer t such that for every choice of the reals a_1, ..., a_7499, the inequality max_{1 <= i <= 7499} |a_i| <= t * max S_964 always holds.",3750
60_prompt01_s04,"Consider a cyclic sequence of 18513 real numbers a_1, a_2, ..., a_18513. Fix a step size 8562 with 1 <= 8562 < 18513, and interpret indices modulo 18513. Define the set of pair-sums S_8562 = { |a_i + a_{i+8562}| : i = 1, 2, ..., 18513 }. Determine the smallest positive integer t such that for every choice of the reals a_1, ..., a_18513, the inequality max_{1 <= i <= 18513} |a_i| <= t * max S_8562 always holds.",3086
60_prompt01_s05,"Consider a cyclic sequence of 16495 real numbers a_1, a_2, ..., a_16495. Fix a step size 75 with 1 <= 75 < 16495, and interpret indices modulo 16495. Define the set of pair-sums S_75 = { |a_i + a_{i+75}| : i = 1, 2, ..., 16495 }. Determine the smallest positive integer t such that for every choice of the reals a_1, ..., a_16495, the inequality max_{1 <= i <= 16495} |a_i| <= t * max S_75 always holds.",1650
61_prompt01_s01,"Let 2371 and 1503 be positive integers. Consider two sequences of positive real numbers x_1, x_2, ..., x_2371 and y_1, y_2, ..., y_1503. Define M to be the minimal possible value of max{x_1, 1/x_1 + x_2, 1/x_2 + x_3, ..., 1/x_{n-1} + x_2371, 1/x_2371 + 1}, and define N similarly for the y-sequence: N is the minimal possible value of max{y_1, 1/y_1 + y_2, ..., 1/y_{m-1} + y_1503, 1/y_1503 + 1}. Suppose a monic self-reciprocal polynomial F(x) with integer coefficients is divisible by both quadratics x^2 - M x + 1 and x^2 - N x + 1. Determine the minimal possible degree of F(x).",5312
61_prompt01_s02,"Let 2898 and 1871 be positive integers. Consider two sequences of positive real numbers x_1, x_2, ..., x_2898 and y_1, y_2, ..., y_1871. Define M to be the minimal possible value of max{x_1, 1/x_1 + x_2, 1/x_2 + x_3, ..., 1/x_{n-1} + x_2898, 1/x_2898 + 1}, and define N similarly for the y-sequence: N is the minimal possible value of max{y_1, 1/y_1 + y_2, ..., 1/y_{m-1} + y_1871, 1/y_1871 + 1}. Suppose a monic self-reciprocal polynomial F(x) with integer coefficients is divisible by both quadratics x^2 - M x + 1 and x^2 - N x + 1. Determine the minimal possible degree of F(x).",6408
61_prompt01_s03,"Let n=1170 and m=2354. Consider two sequences of positive real numbers x_1,x_2,\dots,x_{1170} and y_1,y_2,\dots,y_{2354}. Define M to be the minimum possible value of
\[
\max\left\{x_1,\ \frac1{x_1}+x_2,\ \frac1{x_2}+x_3,\ \dots,\ \frac1{x_{1169}}+x_{1170},\ \frac1{x_{1170}}+1\right\},
\]
and define N to be the minimum possible value of
\[
\max\left\{y_1,\ \frac1{y_1}+y_2,\ \frac1{y_2}+y_3,\ \dots,\ \frac1{y_{2353}}+y_{2354},\ \frac1{y_{2354}}+1\right\}.
\]
Suppose a monic self-reciprocal polynomial F(x)\in\mathbb{Z}[x] is divisible over \mathbb{R}[x] by both quadratics x^2-Mx+1 and x^2-Nx+1. Determine the minimum possible degree of F(x).",5432
61_prompt01_s04,"Let 2879 and 1843 be positive integers. Consider two sequences of positive real numbers x_1, x_2, ..., x_2879 and y_1, y_2, ..., y_1843. Define M to be the minimal possible value of max{x_1, 1/x_1 + x_2, 1/x_2 + x_3, ..., 1/x_{n-1} + x_2879, 1/x_2879 + 1}, and define N similarly for the y-sequence: N is the minimal possible value of max{y_1, 1/y_1 + y_2, ..., 1/y_{m-1} + y_1843, 1/y_1843 + 1}. Suppose a monic self-reciprocal polynomial F(x) with integer coefficients is divisible by both quadratics x^2 - M x + 1 and x^2 - N x + 1. Determine the minimal possible degree of F(x).",7812
61_prompt01_s05,"Let 2979 and 2259 be positive integers. Consider two sequences of positive real numbers x_1, x_2, ..., x_2979 and y_1, y_2, ..., y_2259. Define M to be the minimal possible value of max{x_1, 1/x_1 + x_2, 1/x_2 + x_3, ..., 1/x_{n-1} + x_2979, 1/x_2979 + 1}, and define N similarly for the y-sequence: N is the minimal possible value of max{y_1, 1/y_1 + y_2, ..., 1/y_{m-1} + y_2259, 1/y_2259 + 1}. Suppose a monic self-reciprocal polynomial F(x) with integer coefficients is divisible by both quadratics x^2 - M x + 1 and x^2 - N x + 1. Determine the minimal possible degree of F(x).",6692
62_prompt01_s02,"On a circular table with 73 seats arranged in a cycle, the integers 1, 2, ..., 73 are placed one per seat. Two seats are considered adjacent if they are next to each other on the circle. Let S be a real number such that, for every pair of adjacent seats, the sum of the two integers written on them is at least S. Determine, in terms of 73, the maximum possible value of S under an optimal arrangement.",73
62_prompt01_s03,"On a circular table with 81 seats arranged in a cycle, the integers 1, 2, ..., 81 are placed one per seat. Two seats are considered adjacent if they are next to each other on the circle. Let S be a real number such that, for every pair of adjacent seats, the sum of the two integers written on them is at least S. Determine, in terms of 81, the maximum possible value of S under an optimal arrangement.",81
62_prompt01_s04,"On a circular table with 49 seats arranged in a cycle, the integers 1, 2, ..., 49 are placed one per seat. Two seats are considered adjacent if they are next to each other on the circle. Let S be a real number such that, for every pair of adjacent seats, the sum of the two integers written on them is at least S. Determine, in terms of 49, the maximum possible value of S under an optimal arrangement.",49
62_prompt01_s05,"On a circular table with 85 seats arranged in a cycle, the integers 1, 2, ..., 85 are placed one per seat. Two seats are considered adjacent if they are next to each other on the circle. Let S be a real number such that, for every pair of adjacent seats, the sum of the two integers written on them is at least S. Determine, in terms of 85, the maximum possible value of S under an optimal arrangement.",85
62_prompt02_s01,"In an 48x48 grid of cells, where 48 is even, the integers 1, 2, ..., 2304 are placed in the cells, one per cell. Consider the following two fixed perfect matchings of grid-adjacent pairs: (i) the horizontal matching that, for each row, pairs columns (1,2), (3,4), ..., (47,48); and (ii) the vertical matching that, for each column, pairs rows (1,2), (3,4), ..., (47,48). Let S be the largest real number such that there exists a placement of the integers with the property that for every matched pair in either matching, the sum of the two integers in that pair is at least S. Determine the maximum possible value of S as a function of 48.",2304
63_prompt01_s01,"Consider all complex roots $z$ (counting multiplicity) of the equation
\[
z^{101}+14z^{100}+6=0.
\]
How many of these roots are non-real and lie strictly inside the unit circle $|z|<1$?",100
63_prompt01_s02,Consider all complex roots z (counting multiplicity) of the equation \(z^{103}+20z^{102}+5=0\). How many of these roots are non-real and lie strictly inside the unit circle \(|z|<1\)?,102
63_prompt01_s03,Consider all complex roots z (counting multiplicity) of the equation z^{25} + 24z^{24} + 8 = 0. How many of these roots are non-real and lie strictly inside the unit circle |z| < 1?,24
63_prompt01_s04,Consider all complex roots z (counting multiplicity) of the equation z^29 + 27z^28 + 1 = 0. How many of these roots are non-real and lie strictly inside the unit circle |z| < 1?,28
63_prompt01_s05,"Consider all complex roots $z$ (counting multiplicity) of the equation
\[
z^{31}+42z^{30}+10=0.
\]
How many of these roots are non-real and lie strictly inside the unit circle $|z|<1$?",30
64_prompt01_s01,"Let P(x) and Q(x) be distinct real polynomials of degree 554 whose coefficients of x^0, x^1, ..., x^554 are all nonzero. Let r be the total multiplicity of their common real roots, and let s be the number of indices j in {0,1,...,554} for which the coefficient of x^j in P equals the coefficient of x^j in Q. Determine the maximum possible value of r + s.",830
64_prompt01_s02,"Let P(x) and Q(x) be distinct real polynomials of degree 425 whose coefficients of x^0, x^1, ..., x^425 are all nonzero. Let r be the total multiplicity of their common real roots, and let s be the number of indices j in {0,1,...,425} for which the coefficient of x^j in P equals the coefficient of x^j in Q. Determine the maximum possible value of r + s.",637
64_prompt01_s03,"Let P(x) and Q(x) be distinct real polynomials of degree 236 whose coefficients of x^0, x^1, ..., x^236 are all nonzero. Let r be the total multiplicity of their common real roots, and let s be the number of indices j in {0,1,...,236} for which the coefficient of x^j in P equals the coefficient of x^j in Q. Determine the maximum possible value of r + s.",353
64_prompt01_s05,"Let P(x) and Q(x) be distinct real polynomials of degree 52 whose coefficients of x^0, x^1, ..., x^52 are all nonzero. Let r be the total multiplicity of their common real roots, and let s be the number of indices j in {0,1,...,52} for which the coefficient of x^j in P equals the coefficient of x^j in Q. Determine the maximum possible value of r + s.",77
64_prompt02_s01,"Let P(x) and Q(x) be distinct real polynomials of degree 111, and assume that every coefficient of each polynomial is non-zero. Define s to be the number of exponents j in {0,1,...,111} for which the coefficients of x^j in P and Q are exactly equal (note: s could be zero). Let r be the number of common real roots of P and Q, counted with multiplicity. Additionally require that neither P+Q nor P−Q is the zero polynomial. Determine the maximum possible value of r + s.",166
65_prompt01_s01,"A regular 12-gon is partitioned into 12 labeled sectors 1,2,...,12 around its center. You have 5 available colors labeled 1 through 5, and you must color each sector with exactly one color, subject to these constraints:
1) Cyclic distance constraint: any two sectors whose circular index distance is at most 2 must have different colors.
2) Adjacent-pair ban: the list of forbidden unordered adjacent color pairs is empty, so there is no additional restriction beyond (1).
3) Exactly 4 distinct colors must be used overall.
4) The color of sector 1 is fixed to be 2.
All colorings are counted as distinct (no symmetry quotienting). How many valid colorings are there?",3936
65_prompt01_s02,"A regular 12-gon is partitioned into 12 labeled sectors 1,2,\dots,12 around its center. You have 5 available colors labeled 1 through 5, and you must color each sector with exactly one color, subject to these constraints:
1) Cyclic distance constraint: any two sectors whose circular index distance is at most 2 must have different colors.
2) Adjacent-pair ban: there are no additional banned adjacent color pairs; equivalently, any adjacent pair of distinct colors is allowed.
3) Exactly 4 distinct colors must be used overall.
4) The color of sector 1 is fixed to be 4.
All colorings are counted as distinct (no symmetry quotienting). How many valid colorings are there?",3936
65_prompt01_s03,"A regular 9-gon is partitioned into 9 labeled sectors 1,2,...,9 around its center. You have 5 available colors labeled 1 through 5, and you must color each sector with exactly one color, subject to these constraints:
1) Cyclic distance constraint: any two sectors whose circular index distance is at most 2 must have different colors.
2) Adjacent-pair ban: for adjacent sectors (distance 1), none of the unordered color pairs in (2,4) may appear on the two sectors (in either order). Pairs not listed are allowed provided the colors are distinct.
3) Exactly 4 distinct colors must be used overall.
4) The color of sector 1 is fixed to be 3.
All colorings are counted as distinct (no symmetry quotienting). How many valid colorings are there?",276
65_prompt01_s04,"A regular 11-gon is partitioned into 11 labeled sectors 1,2,...,11 around its center. You have 5 available colors labeled 1 through 5, and you must color each sector with exactly one color, subject to these constraints:
1) Cyclic distance constraint: any two sectors whose circular index distance is at most 2 must have different colors.
2) Adjacent-pair ban: for adjacent sectors (distance 1), none of the unordered color pairs in (2,4) may appear on the two sectors (in either order). Pairs not listed are allowed provided the colors are distinct.
3) Exactly 4 distinct colors must be used overall.
4) The color of sector 1 is fixed to be 5.
All colorings are counted as distinct (no symmetry quotienting). How many valid colorings are there?",948
65_prompt02_s03,"A regular 14-gon is partitioned into 14 sectors by connecting the center to each vertex. Exactly one ball is placed in each sector. There are 6 colors, with arbitrarily many balls of each color; colors are labeled 1 through 6. A placed ball must have a color different from the colors in any sector at circular distance at most 2 (that is, different from the colors in the adjacent sector and the next-adjacent sector on both sides). Additionally, the following position-specific forbiddances hold: sector 2 forbids colors [5]. Sectors not listed allow all colors.. Among all valid placements, the color labeled 3 must be used exactly 1 times. Rotations and reflections are considered distinct. How many valid placements exist?",32350464
66_prompt02_s01,"In a math contest, 194 observers stand at the vertices of a regular 194-gon inscribed in a circle. For each observer i, you may choose a clockwise viewing angle theta_i (in degrees), with 0 <= theta_i <= 134. The viewing sector for observer i is a wedge of angle theta_i whose bisector is aligned with the clockwise tangent at i; observer i sees exactly those other vertices lying strictly within that clockwise arc (including points exactly on the wedge boundaries). Let a_i be the number of other observers seen by observer i. Subject to the global budget constraint sum_{i=1}^194 theta_i <= 1397, determine the maximum possible value of sum_{i=1}^194 a_i.",752
66_prompt02_s02,"In a math contest, 174 observers stand at the vertices of a regular 174-gon inscribed in a circle. For each observer i, you may choose a clockwise viewing angle theta_i (in degrees), with 0 <= theta_i <= 132. The viewing sector for observer i is a wedge of angle theta_i whose bisector is aligned with the clockwise tangent at i; observer i sees exactly those other vertices lying strictly within that clockwise arc (including points exactly on the wedge boundaries). Let a_i be the number of other observers seen by observer i. Subject to the global budget constraint sum_{i=1}^174 theta_i <= 5278, determine the maximum possible value of sum_{i=1}^174 a_i.",2551
66_prompt02_s03,"In a math contest, 161 observers stand at the vertices of a regular 161-gon inscribed in a circle. For each observer i, you may choose a clockwise viewing angle theta_i (in degrees), with 0 <= theta_i <= 142. The viewing sector for observer i is a wedge of angle theta_i whose bisector is aligned with the clockwise tangent at i; observer i sees exactly those other vertices lying strictly within that clockwise arc (including points exactly on the wedge boundaries). Let a_i be the number of other observers seen by observer i. Subject to the global budget constraint sum_{i=1}^161 theta_i <= 2051, determine the maximum possible value of sum_{i=1}^161 a_i.",917
66_prompt02_s04,"In a math contest, 181 observers stand at the vertices of a regular 181-gon inscribed in a circle. For each observer i, you may choose a clockwise viewing angle theta_i (in degrees), with 0 <= theta_i <= 175. The viewing sector for observer i is a wedge of angle theta_i whose bisector is aligned with the clockwise tangent at i; observer i sees exactly those other vertices lying strictly within that clockwise arc (including points exactly on the wedge boundaries). Let a_i be the number of other observers seen by observer i. Subject to the global budget constraint sum_{i=1}^181 theta_i <= 7344, determine the maximum possible value of sum_{i=1}^181 a_i.",3692
66_prompt02_s05,"In a math contest, 228 observers stand at the vertices of a regular 228-gon inscribed in a circle. For each observer i, you may choose a clockwise viewing angle theta_i (in degrees), with 0 <= theta_i <= 151. The viewing sector for observer i is a wedge of angle theta_i whose bisector is aligned with the clockwise tangent at i; observer i sees exactly those other vertices lying strictly within that clockwise arc (including points exactly on the wedge boundaries). Let a_i be the number of other observers seen by observer i. Subject to the global budget constraint sum_{i=1}^228 theta_i <= 6267, determine the maximum possible value of sum_{i=1}^228 a_i.",3969
67_prompt01_s01,"On a cyclic board labeled 1 through 46, define the relation x ≻_{t} y to mean the clockwise modular distance from y to x (taken modulo 46) lies in {1,2,...,t}. Given an integer 5 and a threshold vector [17, 35, 17, 32, 38] = (t_1, t_2, ..., t_5), count the number of k-tuples (x_1, x_2, ..., x_5) with each x_i in {1,2,...,46} such that for every i = 1, 2, ..., 5-1, x_i ≻_{t_list[i-1]} x_{i+1}, and also x_5 ≻_{t_list[5-1]} x_{1}. Return the exact integer count.",11984702
67_prompt01_s02,"On a cyclic board labeled 1 through 15, define the relation x ≻_{t} y to mean the clockwise modular distance from y to x (taken modulo 15) lies in {1,2,...,t}. Given an integer 6 and a threshold vector [7, 7, 9, 8, 12, 7] = (t_1, t_2, ..., t_6), count the number of k-tuples (x_1, x_2, ..., x_6) with each x_i in {1,2,...,15} such that for every i = 1, 2, ..., 6-1, x_i ≻_{t_list[i-1]} x_{i+1}, and also x_6 ≻_{t_list[6-1]} x_{1}. Return the exact integer count.",305430
67_prompt01_s03,"On a cyclic board labeled 1 through 31, define the relation x ≻_{t} y to mean the clockwise modular distance from y to x (taken modulo 31) lies in {1,2,...,t}. Given an integer 6 and a threshold vector [12, 13, 17, 23, 29, 11] = (t_1, t_2, ..., t_6), count the number of k-tuples (x_1, x_2, ..., x_6) with each x_i in {1,2,...,31} such that for every i = 1, 2, ..., 6-1, x_i ≻_{t_list[i-1]} x_{i+1}, and also x_6 ≻_{t_list[6-1]} x_{1}. Return the exact integer count.",19513415
67_prompt01_s04,"On a cyclic board labeled 1 through 27, define the relation x ≻_{t} y to mean the clockwise modular distance from y to x (taken modulo 27) lies in {1,2,...,t}. Given an integer 5 and a threshold vector [20, 24, 15, 25, 18] = (t_1, t_2, ..., t_5), count the number of k-tuples (x_1, x_2, ..., x_5) with each x_i in {1,2,...,27} such that for every i = 1, 2, ..., 5-1, x_i ≻_{t_list[i-1]} x_{i+1}, and also x_5 ≻_{t_list[5-1]} x_{1}. Return the exact integer count.",3244374
67_prompt01_s05,"On a cyclic board labeled 1 through 34, define the relation x ≻_{t} y to mean the clockwise modular distance from y to x (taken modulo 34) lies in {1,2,...,t}. Given an integer 6 and a threshold vector [29, 32, 13, 29, 14, 28] = (t_1, t_2, ..., t_6), count the number of k-tuples (x_1, x_2, ..., x_6) with each x_i in {1,2,...,34} such that for every i = 1, 2, ..., 6-1, x_i ≻_{t_list[i-1]} x_{i+1}, and also x_6 ≻_{t_list[6-1]} x_{1}. Return the exact integer count.",137150186
68_prompt01_s01,"In a math contest, 2296 real numbers x_1,...,x_2296 are chosen so that each lies in [-8,3] and x_1+...+x_2296 = -14072. Determine the exact maximum possible value of x_1^8 + x_2^8 + ... + x_2296^8.",31963155526
68_prompt01_s02,"In a math contest, 1728 real numbers \(x_1,\dots,x_{1728}\) are chosen so that each lies in \([-5,3]\) and \(x_1+\cdots+x_{1728}=-5668\). Determine the exact maximum possible value of \(x_1^4+x_2^4+\cdots+x_{1728}^4\).",877552
68_prompt01_s03,"In a math contest, 5923 real numbers \(x_1,\dots,x_{5923}\) are chosen so that each lies in \([-8,9]\) and \(x_1+\cdots+x_{5923}=-30519\). Determine the exact maximum possible value of \(x_1^4+x_2^4+\cdots+x_{5923}^4\).",26704193
68_prompt01_s04,"In a math contest, 1974 real numbers x_1,...,x_1974 are chosen so that each lies in [-8,4] and x_1+...+x_1974 = -13333. Determine the exact maximum possible value of x_1^8 + x_2^8 + ... + x_1974^8.",29692271009
68_prompt01_s05,"In a math contest, 1860 real numbers \(x_1,\ldots,x_{1860}\) are chosen so that each lies in \([-8,10]\) and \(x_1+\cdots+x_{1860}=-12254\). Determine the exact maximum possible value of \(x_1^6+x_2^6+\cdots+x_{1860}^6\).",594576960
69_prompt01_s01,"A rectangle is subdivided by drawing some number of full-length vertical lines and some number of full-length horizontal lines, all parallel to the rectangle's sides, producing a rectangular grid with exactly 1813 small rectangles (i.e., there exist nonnegative integers v,h with (v+1)(h+1)=1813). Nodes are the grid intersections and fundamental line segments are the minimal side segments of the grid between consecutive nodes. Let H be the number of horizontal fundamental segments and V be the number of vertical fundamental segments. For given positive integers 9 and 8, define W = 9·H + 8·V. Among all such grid subdivisions producing exactly 1813 small rectangles, determine the sum of the maximum possible value of W and the minimum possible value of W.",78692
69_prompt01_s02,"A rectangle is subdivided by drawing some number of full-length vertical lines and some number of full-length horizontal lines, all parallel to the rectangle's sides, producing a rectangular grid with exactly 1904 small rectangles (i.e., there exist nonnegative integers v,h with (v+1)(h+1)=1904). Nodes are the grid intersections and fundamental line segments are the minimal side segments of the grid between consecutive nodes. Let H be the number of horizontal fundamental segments and V be the number of vertical fundamental segments. For given positive integers 7 and 4, define W = 7·H + 4·V. Among all such grid subdivisions producing exactly 1904 small rectangles, determine the sum of the maximum possible value of W and the minimum possible value of W.",55682
69_prompt01_s03,"A rectangle is subdivided by drawing some number of full-length vertical lines and some number of full-length horizontal lines, all parallel to the rectangle's sides, producing a rectangular grid with exactly 1595 small rectangles (i.e., there exist nonnegative integers v,h with (v+1)(h+1)=1595). Nodes are the grid intersections and fundamental line segments are the minimal side segments of the grid between consecutive nodes. Let H be the number of horizontal fundamental segments and V be the number of vertical fundamental segments. For given positive integers 9 and 5, define W = 9·H + 5·V. Among all such grid subdivisions producing exactly 1595 small rectangles, determine the sum of the maximum possible value of W and the minimum possible value of W.",59556
69_prompt01_s04,"A rectangle is subdivided by drawing some number of full-length vertical lines and some number of full-length horizontal lines, all parallel to the rectangle's sides, producing a rectangular grid with exactly 1482 small rectangles (i.e., there exist nonnegative integers v,h with (v+1)(h+1)=1482). Nodes are the grid intersections and fundamental line segments are the minimal side segments of the grid between consecutive nodes. Let H be the number of horizontal fundamental segments and V be the number of vertical fundamental segments. For given positive integers 5 and 7, define W = 5·H + 7·V. Among all such grid subdivisions producing exactly 1482 small rectangles, determine the sum of the maximum possible value of W and the minimum possible value of W.",46408
69_prompt01_s05,"A rectangle is subdivided by drawing some number of full-length vertical lines and some number of full-length horizontal lines, all parallel to the rectangle's sides, producing a rectangular grid with exactly 1428 small rectangles (i.e., there exist nonnegative integers v,h with (v+1)(h+1)=1428). Nodes are the grid intersections and fundamental line segments are the minimal side segments of the grid between consecutive nodes. Let H be the number of horizontal fundamental segments and V be the number of vertical fundamental segments. For given positive integers 9 and 5, define W = 9·H + 5·V. Among all such grid subdivisions producing exactly 1428 small rectangles, determine the sum of the maximum possible value of W and the minimum possible value of W.",53348
7_prompt01_s04,"On a square grid with 18 rows and 18 columns, you place black stones on some cells. Determine the minimum number of stones needed to guarantee that every axis-parallel 6×6 square subgrid contains at least one black stone. Equivalently, there is no 6×6 contiguous empty block anywhere on the board. Give your answer as an integer.",9
7_prompt02_s01,"On an 11×11 toroidal grid (rows and columns wrap around cyclically), you may place black stones on some squares (at most one per square). White can only use empty squares. Determine the least number of black stones needed so that there is no run of 3 consecutive empty squares in any row or any column, where runs are counted cyclically due to wrap-around. Give your answer as an integer.",44
7_prompt02_s02,"On an 11×11 toroidal grid (rows and columns wrap around cyclically), you may place black stones on some squares (at most one per square). White can only use empty squares. Determine the least number of black stones needed so that there is no run of 4 consecutive empty squares in any row or any column, where runs are counted cyclically due to wrap-around. Give your answer as an integer.",33
7_prompt02_s03,"On an 18×18 toroidal grid (rows and columns wrap around cyclically), you may place black stones on some squares (at most one per square). White can only use empty squares. Determine the least number of black stones needed so that there is no run of 5 consecutive empty squares in any row or any column, where runs are counted cyclically due to wrap-around. Give your answer as an integer.",72
7_prompt02_s04,"On an 16×16 toroidal grid (rows and columns wrap around cyclically), you may place black stones on some squares (at most one per square). White can only use empty squares. Determine the least number of black stones needed so that there is no run of 6 consecutive empty squares in any row or any column, where runs are counted cyclically due to wrap-around. Give your answer as an integer.",48
70_prompt01_s01,"Let G be a simple graph on 272 vertices. For every vertex u, there exists a neighbor v such that u and v have no common neighbors (i.e., N(u) ∩ N(v) = ∅). In addition, require that the collection of such ""witness"" edges can be chosen to be pairwise vertex-disjoint (so there is a matching M consisting entirely of triangle-free edges, and every vertex is incident to some edge in M). Among all such graphs, determine the maximal possible number of edges.",18496
70_prompt01_s02,"Let G be a simple graph on 44 vertices. For every vertex u, there exists a neighbor v such that u and v have no common neighbors (i.e., N(u) ∩ N(v) = ∅). In addition, require that the collection of such ""witness"" edges can be chosen to be pairwise vertex-disjoint (so there is a matching M consisting entirely of triangle-free edges, and every vertex is incident to some edge in M). Among all such graphs, determine the maximal possible number of edges.",484
70_prompt01_s03,"Let G be a simple graph on 204 vertices. For every vertex u, there exists a neighbor v such that u and v have no common neighbors (i.e., N(u) ∩ N(v) = ∅). In addition, require that the collection of such ""witness"" edges can be chosen to be pairwise vertex-disjoint (so there is a matching M consisting entirely of triangle-free edges, and every vertex is incident to some edge in M). Among all such graphs, determine the maximal possible number of edges.",10404
70_prompt01_s04,"Let G be a simple graph on 90 vertices. For every vertex u, there exists a neighbor v such that u and v have no common neighbors (i.e., N(u) ∩ N(v) = ∅). In addition, require that the collection of such ""witness"" edges can be chosen to be pairwise vertex-disjoint (so there is a matching M consisting entirely of triangle-free edges, and every vertex is incident to some edge in M). Among all such graphs, determine the maximal possible number of edges.",2025
70_prompt01_s05,"Let G be a simple graph on 30 vertices. For every vertex u, there exists a neighbor v such that u and v have no common neighbors (i.e., N(u) ∩ N(v) = ∅). In addition, require that the collection of such ""witness"" edges can be chosen to be pairwise vertex-disjoint (so there is a matching M consisting entirely of triangle-free edges, and every vertex is incident to some edge in M). Among all such graphs, determine the maximal possible number of edges.",225
71_prompt01_s02,"In a math contest, 59 numbered seats are arranged around a circular table. A subset S of these seats is called admissible if |S| = 16 and, in every block of 6 consecutive seats around the circle, at most 5 of them lie in S. How many admissible subsets are there?",108779629717220
71_prompt01_s03,"In a math contest, 27 numbered seats are arranged around a circular table. A subset S of these seats is called admissible if |S| = 5 and, in every block of 3 consecutive seats around the circle, at most 1 of them lie in S. How many admissible subsets are there?",9828
71_prompt01_s04,"In a math contest, 51 numbered seats are arranged around a circular table. A subset S of these seats is called admissible if |S| = 14 and, in every block of 4 consecutive seats around the circle, at most 3 of them lie in S. How many admissible subsets are there?",1089620405847
71_prompt01_s05,"In a math contest, 21 numbered seats are arranged around a circular table. A subset S of these seats is called admissible if |S| = 6 and, in every block of 5 consecutive seats around the circle, at most 4 of them lie in S. How many admissible subsets are there?",53949
71_prompt02_s01,"In a training camp spanning 26 consecutive days labeled 1 through 26, a student chooses on which days to study, forming a subset of days. The plan must satisfy all of the following:
- The student never studies on 3 consecutive days (so any run of study-days has length at most 2).
- The student never rests for more than 4 consecutive days.
- The student studies on both Day 1 and Day 26.
- The total number of study-days is congruent to 0 modulo 8.
How many different valid study schedules exist?",8437
72_prompt01_s01,"Let \(\mathbb{Z}/n\mathbb{Z}\) denote the integers modulo \(n\). Determine the second-smallest square-free composite number \(n\) (that is, a product of two distinct primes) for which there exists a unit \(u\) modulo \(n\) such that, for every integer \(k\in\{0,1,2,\dots,231\}\), the map \(x\mapsto ux+kx=(u+k)x\) is a bijection on \(\mathbb{Z}/n\mathbb{Z}\). Report \(n\). (So there are 232 such maps, one for each \(k\).)",56153
72_prompt01_s02,"Let Z/[n]Z denote the integers modulo n. Determine the second-smallest square-free composite number n (i.e., a product of two distinct primes) for which there exists a unit u modulo n such that, for every integer k in {0,1,2,...,254}, the map x -> ux + kx = (u+k)x is a bijection on Z/[n]Z. Report n. (There are 255 such maps.)",69133
72_prompt01_s03,"Let \(\mathbb{Z}/n\mathbb{Z}\) denote the integers modulo \(n\). Determine the second-smallest square-free composite number \(n\) (that is, a product of two distinct primes) for which there exists a unit \(u\) modulo \(n\) such that, for every integer \(k\in\{0,1,2,\dots,87\}\), the map \(x\mapsto ux+kx=(u+k)x\) is a bijection on \(\mathbb{Z}/n\mathbb{Z}\). Report \(n\). (There are 88 such maps.)",8989
72_prompt01_s04,"Let Z/nZ denote the integers modulo n. Determine the second-smallest square-free composite number n (that is, a product of two distinct primes) for which there exists a unit u modulo n such that, for every integer k in {0,1,2,...,239}, the map x -> ux + kx = (u+k)x is a bijection on Z/nZ. Report n. (There are 240 such maps, one for each k.)",61937
72_prompt01_s05,"Let \(\mathbb{Z}/n\mathbb{Z}\) denote the integers modulo \(n\). Determine the second-smallest square-free composite number \(n\) (that is, a product of two distinct primes) for which there exists a unit \(u\pmod n\) such that, for every integer \(k\in\{0,1,2,\dots,193\}\), the map \(x\mapsto ux+kx=(u+k)x\) is a bijection on \(\mathbb{Z}/n\mathbb{Z}\). Report \(n\). (There are 194 such maps, one for each value of \(k\).)",41567
73_prompt02_s03,"Vera has a row of 49149 coins. Their initial orientations follow a periodic pattern: starting from the left, there are 971 consecutive tails-up coins, then 811 consecutive heads-up coins, and this block repeats cyclically until all 49149 coins are placed (the final block may be truncated). On the first move, she may flip any coin. On each subsequent move, she may only flip a coin adjacent to the coin she flipped on the previous move (we do not consider a coin to be adjacent to itself). Determine the smallest possible number of moves Vera can make to reach a state in which every coin is heads-up.",98168
73_prompt02_s04,"Vera has a row of 39445 coins. Their initial orientations follow a periodic pattern: starting from the left, there are 316 consecutive tails-up coins, then 67 consecutive heads-up coins, and this block repeats cyclically until all 39445 coins are placed (the final block may be truncated). On the first move, she may flip any coin. On each subsequent move, she may only flip a coin adjacent to the coin she flipped on the previous move (we do not consider a coin to be adjacent to itself). Determine the smallest possible number of moves Vera can make to reach a state in which every coin is heads-up.",78448
73_prompt05_s01,"A row of 15 coins lies left to right. Their initial orientations repeat every 5 positions according to the string THTHT, where H denotes heads and T denotes tails. A move consists of flipping a contiguous block of exactly 3 coins. On the first move, you may flip any such block wholly inside the row. On each subsequent move, the leftmost coin of the block you flip must be adjacent to the leftmost coin of the block you flipped on the previous move (we do not consider a position to be adjacent to itself). Determine the smallest possible number of moves required to reach a state in which every coin is heads-up.",17
73_prompt05_s03,"A row of 12 coins lies left to right. Their initial orientations repeat every 3 positions according to the string THT, where H denotes heads and T denotes tails. A move consists of flipping a contiguous block of exactly 3 coins. On the first move, you may flip any such block wholly inside the row. On each subsequent move, the leftmost coin of the block you flip must be adjacent to the leftmost coin of the block you flipped on the previous move (we do not consider a position to be adjacent to itself). Determine the smallest possible number of moves required to reach a state in which every coin is heads-up.",12
73_prompt05_s05,"A row of 16 coins lies left to right. Their initial orientations repeat every 4 positions according to the string THTH, where H denotes heads and T denotes tails. A move consists of flipping a contiguous block of exactly 2 coins. On the first move, you may flip any such block wholly inside the row. On each subsequent move, the leftmost coin of the block you flip must be adjacent to the leftmost coin of the block you flipped on the previous move (we do not consider a position to be adjacent to itself). Determine the smallest possible number of moves required to reach a state in which every coin is heads-up.",20
74_prompt02_s01,"Consider the square lattice of integer points with coordinates (x, y) where 1 <= x <= 2925 and 1 <= y <= 2925. Select a subset S of these lattice points subject to the following two global constraints:
1) For any two distinct rows y = r1 and y = r2, the average of the x-coordinates of any two points of S in row r1 is never equal to the average of the x-coordinates of any two points of S in row r2. Equivalently, no four selected points can form an isosceles trapezoid whose bases are horizontal (rectangles are considered isosceles trapezoids).
2) For any two distinct columns x = c1 and x = c2, the average of the y-coordinates of any two points of S in column c1 is never equal to the average of the y-coordinates of any two points of S in column c2. Equivalently, no four selected points can form an isosceles trapezoid whose bases are vertical (rectangles are considered isosceles trapezoids).
You are additionally told that in an optimal construction one may assume (and you must implicitly justify by your argument) that no row and no column contains more than three selected points.
What is the maximum possible size of S in terms of 2925?",7311
74_prompt02_s02,"Consider the square lattice of integer points with coordinates (x, y) where 1 <= x <= 9245 and 1 <= y <= 9245. Select a subset S of these lattice points subject to the following two global constraints:
1) For any two distinct rows y = r1 and y = r2, the average of the x-coordinates of any two points of S in row r1 is never equal to the average of the x-coordinates of any two points of S in row r2. Equivalently, no four selected points can form an isosceles trapezoid whose bases are horizontal (rectangles are considered isosceles trapezoids).
2) For any two distinct columns x = c1 and x = c2, the average of the y-coordinates of any two points of S in column c1 is never equal to the average of the y-coordinates of any two points of S in column c2. Equivalently, no four selected points can form an isosceles trapezoid whose bases are vertical (rectangles are considered isosceles trapezoids).
You are additionally told that in an optimal construction one may assume (and you must implicitly justify by your argument) that no row and no column contains more than three selected points.
What is the maximum possible size of S in terms of 9245?",23111
74_prompt02_s03,"Consider the square lattice of integer points with coordinates (x, y) where 1 <= x <= 5353 and 1 <= y <= 5353. Select a subset S of these lattice points subject to the following two global constraints:
1) For any two distinct rows y = r1 and y = r2, the average of the x-coordinates of any two points of S in row r1 is never equal to the average of the x-coordinates of any two points of S in row r2. Equivalently, no four selected points can form an isosceles trapezoid whose bases are horizontal (rectangles are considered isosceles trapezoids).
2) For any two distinct columns x = c1 and x = c2, the average of the y-coordinates of any two points of S in column c1 is never equal to the average of the y-coordinates of any two points of S in column c2. Equivalently, no four selected points can form an isosceles trapezoid whose bases are vertical (rectangles are considered isosceles trapezoids).
You are additionally told that in an optimal construction one may assume (and you must implicitly justify by your argument) that no row and no column contains more than three selected points.
What is the maximum possible size of S in terms of 5353?",13381
74_prompt02_s04,"Consider the square lattice of integer points with coordinates (x, y) where 1 <= x <= 8299 and 1 <= y <= 8299. Select a subset S of these lattice points subject to the following two global constraints:
1) For any two distinct rows y = r1 and y = r2, the average of the x-coordinates of any two points of S in row r1 is never equal to the average of the x-coordinates of any two points of S in row r2. Equivalently, no four selected points can form an isosceles trapezoid whose bases are horizontal (rectangles are considered isosceles trapezoids).
2) For any two distinct columns x = c1 and x = c2, the average of the y-coordinates of any two points of S in column c1 is never equal to the average of the y-coordinates of any two points of S in column c2. Equivalently, no four selected points can form an isosceles trapezoid whose bases are vertical (rectangles are considered isosceles trapezoids).
You are additionally told that in an optimal construction one may assume (and you must implicitly justify by your argument) that no row and no column contains more than three selected points.
What is the maximum possible size of S in terms of 8299?",20746
74_prompt02_s05,"Consider the square lattice of integer points with coordinates (x, y) where 1 <= x <= 1725 and 1 <= y <= 1725. Select a subset S of these lattice points subject to the following two global constraints:
1) For any two distinct rows y = r1 and y = r2, the average of the x-coordinates of any two points of S in row r1 is never equal to the average of the x-coordinates of any two points of S in row r2. Equivalently, no four selected points can form an isosceles trapezoid whose bases are horizontal (rectangles are considered isosceles trapezoids).
2) For any two distinct columns x = c1 and x = c2, the average of the y-coordinates of any two points of S in column c1 is never equal to the average of the y-coordinates of any two points of S in column c2. Equivalently, no four selected points can form an isosceles trapezoid whose bases are vertical (rectangles are considered isosceles trapezoids).
You are additionally told that in an optimal construction one may assume (and you must implicitly justify by your argument) that no row and no column contains more than three selected points.
What is the maximum possible size of S in terms of 1725?",4311
75_prompt01_s01,"In a math contest, 20 students are each paired with every other student, forming a complete graph on 20 vertices. Each pair is assigned an integer score from the set 5, 11, 13 with 5 < 11 < 13. The assignment must satisfy: for every group of 5 students, the sum of all pairwise scores among them is at least binomial(5, 2) * 5 + (11 - 5). Among all such assignments, determine the minimum possible average score across all pairs. If this minimum average equals m/n in lowest terms, compute m + n.",138
75_prompt01_s02,"In a math contest, 149 students are each paired with every other student, forming a complete graph on 149 vertices. Each pair is assigned an integer score from the set 3, 6, 9 with 3 < 6 < 9. The assignment must satisfy: for every group of 7 students, the sum of all pairwise scores among them is at least binomial(7, 2) * 3 + (6 - 3). Among all such assignments, determine the minimum possible average score across all pairs. If this minimum average equals m/n in lowest terms, compute m + n.",668
75_prompt01_s03,"In a math contest, 42 students are each paired with every other student, forming a complete graph on 42 vertices. Each pair is assigned an integer score from the set 2, 6, 11 with 2 < 6 < 11. The assignment must satisfy: for every group of 8 students, the sum of all pairwise scores among them is at least binomial(8, 2) * 2 + (6 - 2). Among all such assignments, determine the minimum possible average score across all pairs. If this minimum average equals m/n in lowest terms, compute m + n.",143
75_prompt01_s04,"In a math contest, 35 students are each paired with every other student, forming a complete graph on 35 vertices. Each pair is assigned an integer score from the set 3, 8, 11 with 3 < 8 < 11. The assignment must satisfy: for every group of 8 students, the sum of all pairwise scores among them is at least binomial(8, 2) * 3 + (8 - 3). Among all such assignments, determine the minimum possible average score across all pairs. If this minimum average equals m/n in lowest terms, compute m + n.",78
75_prompt01_s05,"In a math contest, 152 students are each paired with every other student, forming a complete graph on 152 vertices. Each pair is assigned an integer score from the set 3, 5, 9 with 3 < 5 < 9. The assignment must satisfy: for every group of 7 students, the sum of all pairwise scores among them is at least binomial(7, 2) * 3 + (5 - 3). Among all such assignments, determine the minimum possible average score across all pairs. If this minimum average equals m/n in lowest terms, compute m + n.",12401
76_prompt01_s01,"In a math contest, 86 integers a_1, a_2, ..., a_86 are arranged in a nondecreasing sequence with a_1 = 4 and a_86 = 61. Each step is bounded: for every i, a_{i+1} - a_i is an integer in [0, 3]. Define F = (a_1^2 + a_2^2 + ... + a_86^2) - 1(a_1a_2 + a_2a_3 + ... + a_{n-1}a_86) - (a_1a_3 + a_2a_4 + ... + a_{n-2}a_86). Find the minimal possible value of F.",-266660
76_prompt01_s02,"In a math contest, 90 integers a_1, a_2, ..., a_90 are arranged in a nondecreasing sequence with a_1 = 2 and a_90 = 55. Each step is bounded: for every i, a_{i+1} - a_i is an integer in [0, 3]. Define F = (a_1^2 + a_2^2 + ... + a_90^2) - 2(a_1a_2 + a_2a_3 + ... + a_{n-1}a_90) - (a_1a_3 + a_2a_4 + ... + a_{n-2}a_90). Find the minimal possible value of F.",-465018
76_prompt01_s03,"In a math contest, 117 integers a_1, a_2, ..., a_117 are arranged in a nondecreasing sequence with a_1 = 1 and a_117 = 38. For every i = 1, 2, ..., 116, the difference a_{i+1} - a_i is an integer between 0 and 4 inclusive. Define F = (a_1^2 + a_2^2 + ... + a_117^2) - (a_1a_2 + a_2a_3 + ... + a_116a_117) - (a_1a_3 + a_2a_4 + ... + a_115a_117). Find the minimum possible value of F.",-156917
76_prompt01_s04,"In a math contest, 63 integers a_1, a_2, ..., a_63 are arranged in a nondecreasing sequence with a_1 = 5 and a_63 = 45. For each i = 1, 2, ..., 62, the difference a_{i+1} - a_i is an integer between 0 and 2 inclusive. Define F = sum_{i=1}^{63} a_i^2 - 2 sum_{i=1}^{62} a_i a_{i+1} - sum_{i=1}^{61} a_i a_{i+2}. Find the minimum possible value of F.",-198164
76_prompt01_s05,"In a math contest, 83 integers a_1, a_2, ..., a_83 are arranged in a nondecreasing sequence with a_1 = 4 and a_83 = 41. For each i = 1, 2, ..., 82, the difference a_{i+1} - a_i is one of 0, 1, 2. Define
F = (a_1^2 + a_2^2 + ... + a_83^2) - 2(a_1a_2 + a_2a_3 + ... + a_82a_83) - (a_1a_3 + a_2a_4 + ... + a_81a_83).
Find the minimal possible value of F.",-234502
77_prompt01_s01,"Let num_vars be an integer at least 4. Define S_num_vars to be the set of integers s satisfying s >= 4510 for which there exist positive integers a1, a2, ..., a7 with exactly num_vars−1 of them equal (so the num_vars numbers are not all equal), such that a1 + a2 + ... + a7 = s and s divides the sum over i from 1 to num_vars of the product of all a_j with j != i. Compute the sum of the 10 smallest elements of S_num_vars when num_vars = 7.",45350
77_prompt01_s02,"Let num_vars be an integer at least 4. Define S_num_vars to be the set of integers s satisfying s >= 2196 for which there exist positive integers a1, a2, ..., a7 with exactly num_vars−1 of them equal (so the num_vars numbers are not all equal), such that a1 + a2 + ... + a7 = s and s divides the sum over i from 1 to num_vars of the product of all a_j with j != i. Compute the sum of the 9 smallest elements of S_num_vars when num_vars = 7.",19889
77_prompt01_s03,"Let num_vars be an integer at least 4. Define S_num_vars to be the set of integers s satisfying s >= 1601 for which there exist positive integers a1, a2, ..., a4 with exactly num_vars−1 of them equal (so the num_vars numbers are not all equal), such that a1 + a2 + ... + a4 = s and s divides the sum over i from 1 to num_vars of the product of all a_j with j != i. Compute the sum of the 8 smallest elements of S_num_vars when num_vars = 4.",12944
77_prompt01_s04,"Let num_vars be an integer at least 4. Define S_num_vars to be the set of integers s satisfying s >= 4506 for which there exist positive integers a1, a2, ..., a6 with exactly num_vars−1 of them equal (so the num_vars numbers are not all equal), such that a1 + a2 + ... + a6 = s and s divides the sum over i from 1 to num_vars of the product of all a_j with j != i. Compute the sum of the 10 smallest elements of S_num_vars when num_vars = 6.",45279
77_prompt01_s05,"Let num_vars be an integer at least 4. Define S_num_vars to be the set of integers s satisfying s >= 4071 for which there exist positive integers a1, a2, ..., a5 with exactly num_vars−1 of them equal (so the num_vars numbers are not all equal), such that a1 + a2 + ... + a5 = s and s divides the sum over i from 1 to num_vars of the product of all a_j with j != i. Compute the sum of the 9 smallest elements of S_num_vars when num_vars = 5.",36861
78_prompt01_s03,"In a math contest, define F(r, c, k) as the number of black/white colorings of an r×c toroidal chessboard (rows and columns wrap around cyclically) such that: (i) no two black cells are horizontally or vertically adjacent (including wrap-around), and (ii) between any two consecutive rows, no two black cells are diagonally adjacent in either direction (both NE and NW are forbidden, with indices taken modulo r and c). Additionally, the first row contains exactly k black cells. Given c = 5, k = 1, and r ranging from 6 to 7 inclusive, compute S = ∑_{r=6}^7 F(r, 5, 1).",14520
78_prompt01_s04,"In a math contest, define F(r, c, k) as the number of black/white colorings of an r×c toroidal chessboard (rows and columns wrap around cyclically) such that: (i) no two black cells are horizontally or vertically adjacent (including wrap-around), and (ii) between any two consecutive rows, no two black cells are diagonally adjacent in either direction (both NE and NW are forbidden, with indices taken modulo r and c). Additionally, the first row contains exactly k black cells. Given c = 5, k = 1, and r ranging from 5 to 6 inclusive, compute S = ∑_{r=5}^6 F(r, 5, 1).",3400
78_prompt01_s05,"In a math contest, define F(r, c, k) as the number of black/white colorings of an r×c toroidal chessboard (rows and columns wrap around cyclically) such that: (i) no two black cells are horizontally or vertically adjacent (including wrap-around), and (ii) between any two consecutive rows, no two black cells are diagonally adjacent in either direction (both NE and NW are forbidden, with indices taken modulo r and c). Additionally, the first row contains exactly k black cells. Given c = 7, k = 2, and r ranging from 4 to 5 inclusive, compute S = ∑_{r=4}^5 F(r, 7, 2).",6433
78_prompt04_s05,"On an 7 by 6 chessboard whose opposite edges are identified to form a torus, a black/white coloring is called valid if exactly 9 squares are black and no two black squares are adjacent by a king move (i.e., horizontally, vertically, or diagonally), with adjacency understood cyclically across the edges. Determine the number of valid colorings.",1316
78_prompt06_s01,"Consider a cylindrical 7×7 grid: columns wrap around (so column 1 and column 7 are adjacent), but rows do not. Color each square either black or white. A black square attacks any square that shares a side or a corner with it, with wrap-around considered horizontally. Determine the number of colorings with exactly 5 black squares in which no two black squares attack each other. Give the exact integer.",309869
79_prompt01_s01,"In a math contest, consider a circular binary sequence a_1, a_2, ..., a_27 with indices taken modulo 27, so adjacency includes the wrap-around pair (a_27, a_1). A ""reverse order"" is an adjacent pair equal to (1,0). You are told that a_1 = 0, that the wrap-around pair (a_27, a_1) is a reverse order, that the sequence has exactly 5 reverse orders around the circle, and that it contains exactly 17 ones in total. Additionally, every maximal run of consecutive 1s has length between 2 and 6 inclusive, and every maximal run of consecutive 0s has length between 2 and 4 inclusive. How many such sequences exist?",255
79_prompt01_s03,"In a math contest, consider a circular binary sequence \(a_1,a_2,\dots,a_{71}\) with indices taken modulo \(71\), so adjacency includes the wrap-around pair \((a_{71},a_1)\). A ""reverse order"" is an adjacent pair equal to \((1,0)\). Suppose \(a_1=1\) and \(a_{71}=0\), so that position 1 is the first term of a maximal run of 1s. The sequence has exactly 7 reverse orders around the circle and contains exactly 45 ones in total. Additionally, every maximal run of consecutive 1s has length between 2 and 8 inclusive, and every maximal run of consecutive 0s has length between 1 and 5 inclusive. How many such sequences exist?",38552710
79_prompt01_s04,"In a math contest, consider a circular binary sequence \(a_1, a_2, \ldots, a_{74}\) with indices taken modulo \(74\), so adjacency includes the wrap-around pair \((a_{74},a_1)\). A ""reverse order"" is an adjacent pair equal to \((1,0)\). Suppose that \(a_{74}=0\) and \(a_1=1\) (so index 1 is the first term of a maximal run of 1s), the sequence has exactly 8 reverse orders around the circle, and it contains exactly 47 ones in total. Additionally, every maximal run of consecutive 1s has length between 2 and 7 inclusive, and every maximal run of consecutive 0s has length between 1 and 4 inclusive. How many such sequences exist?",7629440
79_prompt02_s01,"On a round table, 14 labeled seats are arranged in a circle. A seating pattern is a binary sequence (b_1, b_2, ..., b_14) with b_i in {0,1}, where adjacency is taken cyclically (i.e., pairs (b_i, b_{i+1}) for i=1,...,14-1 and also (b_14, b_{1})). Among all such binary sequences, consider those that simultaneously satisfy the following:
- exactly 10 entries are 1;
- exactly 3 reverse orders occur (adjacent pair 1 followed by 0);
- exactly 3 forward orders occur (adjacent pair 0 followed by 1);
- every run of consecutive 1s has length at most 4;
- every run of consecutive 0s has length at most 5.
Positions are labeled, so rotations are considered different. How many such sequences exist?",84
79_prompt02_s02,"On a round table, 22 labeled seats are arranged in a circle. A seating pattern is a binary sequence (b_1, b_2, ..., b_22) with b_i in {0,1}, where adjacency is taken cyclically (i.e., pairs (b_i, b_{i+1}) for i=1,...,22-1 and also (b_22, b_{1})). Among all such binary sequences, consider those that simultaneously satisfy the following:
- exactly 11 entries are 1;
- exactly 3 reverse orders occur (adjacent pair 1 followed by 0);
- exactly 3 forward orders occur (adjacent pair 0 followed by 1);
- every run of consecutive 1s has length at most 4;
- every run of consecutive 0s has length at most 5.
Positions are labeled, so rotations are considered different. How many such sequences exist?",330
8_prompt02_s01,"In a math contest, there are 16 questions, and each question has exactly two options. A group of students submits answer sheets satisfying both conditions:
- For any two distinct students, the number of questions on which they give the same answer is either 0 or 8.
- For each fixed question, each of the two options is chosen by exactly the same number of students.
Among all such groups, determine the maximum possible number of students.",32
8_prompt02_s02,"In a math contest, there are 28 questions, and each question has exactly two options. A group of students submits answer sheets satisfying both conditions:
- For any two distinct students, the number of questions on which they give the same answer is either 0 or 14.
- For each fixed question, each of the two options is chosen by exactly the same number of students.
Among all such groups, determine the maximum possible number of students.",56
8_prompt02_s03,"In a math contest, there are 20 questions, and each question has exactly two options. A group of students submits answer sheets satisfying both conditions:
- For any two distinct students, the number of questions on which they give the same answer is either 0 or 10.
- For each fixed question, each of the two options is chosen by exactly the same number of students.
Among all such groups, determine the maximum possible number of students.",40
8_prompt02_s04,"In a math contest, there are 12 questions, and each question has exactly two options. A group of students submits answer sheets satisfying both conditions:
- For any two distinct students, the number of questions on which they give the same answer is either 0 or 6.
- For each fixed question, each of the two options is chosen by exactly the same number of students.
Among all such groups, determine the maximum possible number of students.",24
8_prompt02_s05,"In a math contest, there are 32 questions, and each question has exactly two options. A group of students submits answer sheets satisfying both conditions:
- For any two distinct students, the number of questions on which they give the same answer is either 0 or 16.
- For each fixed question, each of the two options is chosen by exactly the same number of students.
Among all such groups, determine the maximum possible number of students.",64
80_prompt01_s01,"In a math contest, 270 real numbers x_1, x_2, ..., x_270 are partitioned into three blocks of sizes 79, 74, and 117. For every i in block 1 we have -1/sqrt(8) ≤ x_i ≤ sqrt(8); in block 2, -1/sqrt(6) ≤ x_i ≤ sqrt(6); and in block 3, -1/sqrt(3) ≤ x_i ≤ sqrt(3). The numbers satisfy x_1 + x_2 + ... + x_270 = -53.66715549017769. Let M be the maximal possible value of x_1^{ 16 } + x_2^{ 16 } + ... + x_270^{ 16 }, where 16 is an even integer. Determine the greatest integer less than or equal to M.",369102301
80_prompt01_s02,"In a math contest, 341 real numbers x_1, x_2, ..., x_341 are partitioned into three blocks of sizes 51, 142, and 148. For every i in block 1 we have -1/sqrt(15) ≤ x_i ≤ sqrt(15); in block 2, -1/sqrt(3) ≤ x_i ≤ sqrt(3); and in block 3, -1/sqrt(2) ≤ x_i ≤ sqrt(2). The numbers satisfy x_1 + x_2 + ... + x_341 = -124.09349076574287. Let M be the maximal possible value of x_1^{ 16 } + x_2^{ 16 } + ... + x_341^{ 16 }, where 16 is an even integer. Determine the greatest integer less than or equal to M.",46132031254
80_prompt01_s03,"In a math contest, 273 real numbers x_1, x_2, ..., x_273 are partitioned into three blocks of sizes 85, 66, and 122. For every i in block 1 we have -1/sqrt(6) ≤ x_i ≤ sqrt(6); in block 2, -1/sqrt(3) ≤ x_i ≤ sqrt(3); and in block 3, -1/sqrt(2) ≤ x_i ≤ sqrt(2). The numbers satisfy x_1 + x_2 + ... + x_273 = -77.71674408359512. Let M be the maximal possible value of x_1^{ 8 } + x_2^{ 8 } + ... + x_273^{ 8 }, where 8 is an even integer. Determine the greatest integer less than or equal to M.",36297
80_prompt01_s04,"In a math contest, 340 real numbers x_1, x_2, ..., x_340 are partitioned into three blocks of sizes 134, 110, and 96. For every i in block 1 we have -1/sqrt(15) ≤ x_i ≤ sqrt(15); in block 2, -1/sqrt(10) ≤ x_i ≤ sqrt(10); and in block 3, -1/sqrt(7) ≤ x_i ≤ sqrt(7). The numbers satisfy x_1 + x_2 + ... + x_340 = 144.27309843594298. Let M be the maximal possible value of x_1^{ 16 } + x_2^{ 16 } + ... + x_340^{ 16 }, where 16 is an even integer. Determine the greatest integer less than or equal to M.",153773451037
80_prompt01_s05,"In a math contest, 274 real numbers x_1, x_2, ..., x_274 are partitioned into three blocks of sizes 60, 84, and 130. For every i in block 1 we have -1/sqrt(11) ≤ x_i ≤ sqrt(11); in block 2, -1/sqrt(8) ≤ x_i ≤ sqrt(8); and in block 3, -1/sqrt(7) ≤ x_i ≤ sqrt(7). The numbers satisfy x_1 + x_2 + ... + x_274 = -32.91015591913897. Let M be the maximal possible value of x_1^{ 12 } + x_2^{ 12 } + ... + x_274^{ 12 }, where 12 is an even integer. Determine the greatest integer less than or equal to M.",30129715
81_prompt01_s01,"In a number theory contest, you are given m distinct positive integers a_1,a_2,\dots,a_m whose full product a_1a_2\cdots a_m has exactly 399 distinct prime divisors. Fix the prime power 389017=73^3. Under the condition that the product of any nonempty subset of \{a_1,a_2,\dots,a_m\} is not a 389017-th power of an integer, determine the maximal possible value of m.",155217384
81_prompt01_s02,"In a number theory contest, you are given m distinct positive integers a_1, a_2, ..., a_m such that the product a_1a_2...a_m has exactly 520 distinct prime divisors. Fix the prime power 3481 = 59^2. Suppose that for every nonempty subset S of {1,2,...,m}, the product of the integers indexed by S is not a 3481st power of an integer. Determine the maximum possible value of m.",1809600
81_prompt01_s03,"In a number theory contest, you are given m distinct positive integers a_1,a_2,\ldots,a_m such that the product a_1a_2\cdots a_m has exactly 315 distinct prime divisors. Suppose that for every nonempty subset S\subseteq\{1,2,\ldots,m\}, the subproduct \prod_{i\in S} a_i is not a 23rd power of an integer. Determine the maximal possible value of m.",6930
81_prompt01_s04,"In a number theory contest, you are given m distinct positive integers a_1,a_2,\ldots,a_m whose total product a_1a_2\cdots a_m has exactly 600 distinct prime factors. Fix the prime power 529=23^2. Suppose that for every nonempty subset S\subseteq\{1,2,\ldots,m\}, the product \prod_{i\in S} a_i is not a 529th power of an integer. Determine the maximal possible value of m.",316800
81_prompt01_s05,"In a number theory contest, you are given m distinct positive integers a_1, a_2, ..., a_m such that the prime factorization of a_1 a_2 ... a_m involves exactly 79 distinct primes. Suppose that for every nonempty subset S of {a_1, a_2, ..., a_m}, the product of the elements of S is not a 71st power of an integer. Determine the maximal possible value of m.",5530
82_prompt01_s01,"On a circular track of circumference 11832, there are 1479 equally spaced marked points. They are labeled A_1, A_2, ..., A_1479 in some order, each label used exactly once. Bunbun starts at A_1, hops to A_2, then A_3, ..., then A_1479, and finally back to A_1. Every hop is along the shorter arc between the two points (if the chord is a diameter, any semicircle may be used). Over all possible labelings, determine the maximal possible value of the sum of the 5-th powers of the lengths of the 1479 arcs that Bunbun traverses.",10681698142251477270528
82_prompt01_s02,"On a circular track of circumference 2488, there are 622 equally spaced marked points. They are labeled A_1, A_2, ..., A_622 in some order, each label used exactly once. Bunbun starts at A_1, hops to A_2, then A_3, ..., then A_622, and finally back to A_1. Every hop is along the shorter arc between the two points (if the chord is a diameter, any semicircle may be used). Over all possible labelings, determine the maximal possible value of the sum of the 4-th powers of the lengths of the 622 arcs that Bunbun traverses.",1477710111373312
82_prompt01_s03,"On a circular track of circumference 9982, there are 713 equally spaced marked points. They are labeled A_1, A_2, ..., A_713 in some order, each label used exactly once. Bunbun starts at A_1, hops to A_2, then A_3, ..., then A_713, and finally back to A_1. Every hop is along the shorter arc between the two points (if the chord is a diameter, any semicircle may be used). Over all possible labelings, determine the maximal possible value of the sum of the 5-th powers of the lengths of the 713 arcs that Bunbun traverses.",2192702431055431565312
82_prompt01_s04,"On a circular track of circumference 11224, there are 1403 equally spaced marked points. They are labeled A_1, A_2, ..., A_1403 in some order, each label used exactly once. Bunbun starts at A_1, hops to A_2, then A_3, ..., then A_1403, and finally back to A_1. Every hop is along the shorter arc between the two points (if the chord is a diameter, any semicircle may be used). Over all possible labelings, determine the maximal possible value of the sum of the 4-th powers of the lengths of the 1403 arcs that Bunbun traverses.",1387681156095193088
82_prompt01_s05,"On a circular track of circumference 8303, there are 437 equally spaced marked points. They are labeled A_1, A_2, ..., A_437 in some order, each label used exactly once. Bunbun starts at A_1, hops to A_2, then A_3, ..., then A_437, and finally back to A_1. Every hop is along the shorter arc between the two points (if the chord is a diameter, any semicircle may be used). Over all possible labelings, determine the maximal possible value of the sum of the 3-th powers of the lengths of the 437 arcs that Bunbun traverses.",31053583272856
83_prompt01_s01,"Consider pairs (f, g) of functions from the nonnegative integers to the nonnegative integers. Assume f is globally nonincreasing on all n >= 0 and its forward differences d_n = f(n) - f(n+1) form a nonincreasing sequence with each d_n in {0, 1} (so f decreases by exactly 1 at each step for a while, and then becomes constant; under the budget below, that constant must be 0). In addition, the budget constraint holds: f(0) + f(1) + ... + f(211) <= 190. For any choice of 13 nonnegative integers n_1, ..., n_13, we have g(n_1 + ... + n_13) <= f(n_1) + ... + f(n_13). Determine the maximum possible value of g(0) + g(1) + ... + g(211).",29998
83_prompt01_s03,"Consider pairs (f, g) of functions from the nonnegative integers to the nonnegative integers. Assume f is nonincreasing on all n >= 0 and its forward differences d_n = f(n) - f(n+1) form a nonincreasing sequence, with each d_n in {0, 1} (so f decreases by 1 at each step for a while, and then becomes constant). In addition, the budget constraint holds: f(0) + f(1) + ... + f(182) <= 234. For any choice of 5 nonnegative integers n_1, ..., n_5, we have g(n_1 + ... + n_5) <= f(n_1) + ... + f(n_5). Determine the maximum possible value of g(0) + g(1) + ... + g(182).",5565
83_prompt01_s04,"Consider pairs (f, g) of functions from the nonnegative integers to the nonnegative integers. Fix k = 13 and M = 134. Assume f is globally nonincreasing on all n >= 0, and its forward differences d_n = f(n) - f(n+1) form a nonincreasing sequence with each d_n in {0, 1}; assume also that f(n) = 0 for all sufficiently large n. (Equivalently, f(n) = max(c - n, 0) for some nonnegative integer c.) In addition, the budget constraint holds: f(0) + f(1) + ... + f(134) <= 174. For any choice of 13 nonnegative integers n_1, ..., n_13, we have g(n_1 + ... + n_13) <= f(n_1) + ... + f(n_13). Determine the maximum possible value of g(0) + g(1) + ... + g(134).",22545
83_prompt01_s05,"Consider pairs \((f,g)\) of functions from the nonnegative integers to the nonnegative integers. Assume \(f\) is globally nonincreasing on all \(n\ge 0\), \(f(n)=0\) for all sufficiently large \(n\), and its forward differences \(d_n=f(n)-f(n+1)\) form a nonincreasing sequence with each \(d_n\in\{0,1\}\) (so \(f\) drops by exactly 1 each step until it reaches 0, and then stays 0). In addition, the budget constraint holds: \(f(0)+f(1)+\cdots+f(113)\le 171\). For any choice of 9 nonnegative integers \(n_1,\dots,n_9\), we have \(g(n_1+\cdots+n_9)\le f(n_1)+\cdots+f(n_9)\). Determine the maximum possible value of \(g(0)+g(1)+\cdots+g(113)\).",12027
83_prompt02_s02,"In a math contest, consider nonnegative integer-valued functions f and g defined on all nonnegative integers. Fix parameters 201, 17, 652, 3, and 3. The function f must satisfy: (i) f(0) >= f(1) >= ... >= f(201) >= 0; (ii) the discrete Lipschitz condition f(i) - f(i+1) <= 3 for all 0 <= i < 201; (iii) the quantization constraint that each f(i) is a multiple of 3; and (iv) the budget constraint f(0) + f(1) + ... + f(201) <= 652. For every integer t with 0 <= t <= 201, write t = 17*q + a with q = floor(t/17) and 0 <= a < 17. Then the pair (f, g) must satisfy the aggregator bound g(t) <= (17 - a) * f(q) + a * f(q+1). Define a weight function w(t) = max(0, 25 - 1*t). Determine the maximum possible value of the weighted total W = sum_{t=0}^201 w(t) * g(t) over all such pairs (f, g).",323700
84_prompt03_s01,"In a math contest, 2412 students are arranging chairs into an 321-by-179 rectangular grid. A block of chairs is an axis-aligned rectangular sub-grid. Call a block buffered of radius 8 if its entire Chebyshev-distance 8 neighborhood (i.e., all cells within max-distance r in both row and column) still lies within the overall 321 by 179 grid. Among all possible arrangements of the numbers on the grid (one number per cell), what is the maximum possible number of buffered blocks? Give your answer as a function of 321, 179, and 8.",623724390
84_prompt03_s02,"In a math contest, 3916 students are arranging chairs into an 440-by-1898 rectangular grid. A block of chairs is an axis-aligned rectangular sub-grid. Call a block buffered of radius 72 if its entire Chebyshev-distance 72 neighborhood (i.e., all cells within max-distance r in both row and column) still lies within the overall 440 by 1898 grid. Among all possible arrangements of the numbers on the grid (one number per cell), what is the maximum possible number of buffered blocks? Give your answer as a function of 440, 1898, and 72.",67654218060
84_prompt03_s03,"In a math contest, 1279 students are arranging chairs into an 1040-by-912 rectangular grid. A block of chairs is an axis-aligned rectangular sub-grid. Call a block buffered of radius 97 if its entire Chebyshev-distance 97 neighborhood (i.e., all cells within max-distance r in both row and column) still lies within the overall 1040 by 912 grid. Among all possible arrangements of the numbers on the grid (one number per cell), what is the maximum possible number of buffered blocks? Give your answer as a function of 1040, 912, and 97.",92479850001
84_prompt03_s04,"In a math contest, 197 students are arranging chairs into an 810-by-362 rectangular grid. A block of chairs is an axis-aligned rectangular sub-grid. Call a block buffered of radius 90 if its entire Chebyshev-distance 90 neighborhood (i.e., all cells within max-distance r in both row and column) still lies within the overall 810 by 362 grid. Among all possible arrangements of the numbers on the grid (one number per cell), what is the maximum possible number of buffered blocks? Give your answer as a function of 810, 362, and 90.",3310033545
84_prompt03_s05,"In a math contest, 3508 students are arranging chairs into an 528-by-229 rectangular grid. A block of chairs is an axis-aligned rectangular sub-grid. Call a block buffered of radius 5 if its entire Chebyshev-distance 5 neighborhood (i.e., all cells within max-distance r in both row and column) still lies within the overall 528 by 229 grid. Among all possible arrangements of the numbers on the grid (one number per cell), what is the maximum possible number of buffered blocks? Give your answer as a function of 528, 229, and 5.",3238201890
85_prompt01_s02,"For each integer n in the range [141, 315], let A(n) be the set of ordered pairs (i, j) with 1 ≤ i < j ≤ n and i divides j, and let T(n) be the set of ordered triples (i, j, k) with 1 ≤ i < j < k ≤ n and i divides j and j divides k. Consider real variables x_1, x_2, ..., x_n in [0, 1] constrained by the equality Σ_{i=1}^n x_i = floor(n/3) + 0.11. Define

d(n) = max over x_i ∈ [0,1], Σ x_i = floor(n/3) + 0.11 of [ Σ_{i=1}^n x_i^3 − 0.5 · Σ_{(i,j)∈A(n)} (x_i x_j)^2 − 0.4 · Σ_{(i,j,k)∈T(n)} (x_i x_j x_k)^2 ].

Compute the exact value of S = Σ_{n=141}^315 d(n).",13242.232925
85_prompt01_s03,"For each integer n in the range [62, 290], let A(n) be the set of ordered pairs (i, j) with 1 ≤ i < j ≤ n and i divides j, and let T(n) be the set of ordered triples (i, j, k) with 1 ≤ i < j < k ≤ n and i divides j and j divides k. Consider real variables x_1, x_2, ..., x_n in [0, 1] constrained by the equality Σ_{i=1}^n x_i = ⌊n/3⌋ + 0.146. Define d(n) = max over x_i ∈ [0,1], Σ x_i = ⌊n/3⌋ + 0.146 of [ Σ_{i=1}^n x_i^3 − 0.75 · Σ_{(i,j)∈A(n)} (x_i x_j)^2 − 1.0 · Σ_{(i,j,k)∈T(n)} (x_i x_j x_k)^2 ]. Compute S = Σ_{n=62}^{290} d(n), rounded to 7 decimal places.",13358.7126791
85_prompt01_s05,"For each integer n in the range [153, 432], let A(n) be the set of ordered pairs (i, j) with 1 ≤ i < j ≤ n and i divides j, and let T(n) be the set of ordered triples (i, j, k) with 1 ≤ i < j < k ≤ n and i divides j and j divides k. Consider real variables x_1, x_2, ..., x_n in [0, 1] constrained by the equality Σ_{i=1}^n x_i = floor(n/3) + 0.464. Define d(n) = max over x_i ∈ [0,1], Σ_{i=1}^n x_i = floor(n/3) + 0.464 of [ Σ_{i=1}^n x_i^5 − 0.75 · Σ_{(i,j)∈A(n)} (x_i x_j)^2 − 0.5384615384615384 · Σ_{(i,j,k)∈T(n)} (x_i x_j x_k)^2 ]. Compute S = Σ_{n=153}^{432} d(n), rounded to 7 decimal places.",27213.0220996
85_prompt02_s04,"In a math contest, 3604 students are analyzing a weighted divisibility network. For each integer k with 1721 ≤ k ≤ 3604, choose real numbers x_1, x_2, ..., x_k ∈ [0,1] to maximize

F_k = x_1 + x_2 + ⋯ + x_k − ∑_{1 ≤ i < j ≤ k, i | j, j/i ≤ 3604} x_i x_j.

Let d(k) denote the maximum value of F_k. Compute the sum ∑_{k=1721}^{3604} d(k).",2508546
85_prompt04_s01,"In a math contest, 871 students investigate a parametric extremal problem on divisibility graphs. Fix integers p=7 and q=2 with 2 ≤ q < p. For each integer n satisfying 3 ≤ n ≤ 871, define d_{p,q}(n) as the maximum over real variables x_1, x_2, ..., x_n ∈ [0,1] of the quantity S(n) = Σ_{i=1}^n x_i^{2p} − Σ_{1 ≤ i < j ≤ n, i | j} x_i^p x_j^p. Compute the sum F = Σ_{n=3}^871 d_{p,q}(n).",190094
86_prompt02_s01,"Consider a regular 28-prism. On each of its 28 lateral rectangular faces, draw both face diagonals so that each face has one intersection point at its center. Now, apply two structural choices: (i) lateral edges are included according to True (True = kept, False = removed), and (ii) the intersection points are connected into a cycle around the prism according to False (True = connected, False = not connected). We then perform a 4-coloring of all 2·28 original prism vertices together with the 28 intersection points, subject to the rule that adjacent vertices in this constructed graph must receive distinct colors. Two colorings that coincide after any rotation around the central axis are regarded as the same. Determine the number of such inequivalent colorings.",219327085261675163664
86_prompt02_s04,"Consider a regular 30-prism. On each of its 30 lateral rectangular faces, draw both face diagonals so that each face has one intersection point at its center. Now, apply two structural choices: (i) lateral edges are included according to False (True = kept, False = removed), and (ii) the intersection points are connected into a cycle around the prism according to True (True = connected, False = not connected). We then perform a 3-coloring of all 2·30 original prism vertices together with the 30 intersection points, subject to the rule that adjacent vertices in this constructed graph must receive distinct colors. Two colorings that coincide after any rotation around the central axis are regarded as the same. Determine the number of such inequivalent colorings.",2
86_prompt03_s02,"Consider a regular 30-prism. On each lateral rectangular face, draw both face diagonals and let their intersection be a point. Remove all lateral edges of the prism, but keep the base polygon edges. Additionally, connect each such intersection point to the intersection points of the two adjacent lateral faces, forming a cycle of intersection points around the prism. On the resulting graph whose vertices are the 230 base vertices and the 30 intersection points, perform a proper 4-coloring (adjacent vertices cannot share a color). Two colorings are considered the same if one is obtained from the other by a rotation about the prism’s axis. Determine the number of such inequivalent colorings.",214748844
86_prompt03_s03,"Consider a regular 28-prism. On each lateral rectangular face, draw both face diagonals and let their intersection be a point. Remove all lateral edges of the prism, but keep the base polygon edges. Additionally, connect each such intersection point to the intersection points of the two adjacent lateral faces, forming a cycle of intersection points around the prism. On the resulting graph whose vertices are the 228 base vertices and the 28 intersection points, perform a proper 4-coloring (adjacent vertices cannot share a color). Two colorings are considered the same if one is obtained from the other by a rotation about the prism’s axis. Determine the number of such inequivalent colorings.",57525432
86_prompt03_s05,"Consider a regular 12-prism. On each lateral rectangular face, draw both face diagonals and let their intersection be a point. Remove all lateral edges of the prism, but keep the base polygon edges. Additionally, connect each such intersection point to the intersection points of the two adjacent lateral faces, forming a cycle of intersection points around the prism. On the resulting graph whose vertices are the 212 base vertices and the 12 intersection points, perform a proper 4-coloring (adjacent vertices cannot share a color). Two colorings are considered the same if one is obtained from the other by a rotation about the prism’s axis. Determine the number of such inequivalent colorings.",2112
87_prompt01_s01,Fix an odd integer 3 ≥ 3. A positive integer k is called 3-good if there exist positive integers a and b with a < b such that a^3 = (k a + 1) b + k. Determine the sum of all 3-good integers k that do not exceed 791.,313235
87_prompt01_s02,Fix an odd integer 3 ≥ 3. A positive integer k is called 3-good if there exist positive integers a and b with a < b such that a^3 = (k a + 1) b + k. Determine the sum of all 3-good integers k that do not exceed 2198.,2416700
87_prompt01_s03,Fix an odd integer 3 ≥ 3. A positive integer k is called 3-good if there exist positive integers a and b with a < b such that a^3 = (k a + 1) b + k. Determine the sum of all 3-good integers k that do not exceed 2903.,4215155
87_prompt01_s04,Fix an odd integer 7 ≥ 3. A positive integer k is called 7-good if there exist positive integers a and b with a < b such that a^7 = (k a + 1) b + k. Determine the sum of all 7-good integers k that do not exceed 2032.,2065527
87_prompt01_s05,Fix an odd integer 5 ≥ 3. A positive integer k is called 5-good if there exist positive integers a and b with a < b such that a^5 = (k a + 1) b + k. Determine the sum of all 5-good integers k that do not exceed 2707.,3665277
88_prompt01_s01,"On a regular 150-gon, each vertex starts with exactly 1 coins. In one operation, you select a vertex, take 1 coins from each of its two adjacent vertices, add 1 coins to the selected vertex, and keep the remaining coins you took, which equals 2·1−1. You may perform an operation only if both adjacent vertices have at least 1 coins. You stop when no operation is possible. Let N_max be the maximum total number of coins you can collect, and N_min be the minimum total number of coins you can collect over all valid sequences of operations. Compute 842·N_max + N_min.",124666
88_prompt01_s03,"On a regular 216-gon, each vertex starts with exactly 1 coins. In one operation, you select a vertex, take 1 coins from each of its two adjacent vertices, add 1 coins to the selected vertex, and keep the remaining coins you took, which equals 2·1−1. You may perform an operation only if both adjacent vertices have at least 1 coins. You stop when no operation is possible. Let N_max be the maximum total number of coins you can collect, and N_min be the minimum total number of coins you can collect over all valid sequences of operations. Compute 859·N_max + N_min.",183898
88_prompt03_s01,"On a circular board with 16 labeled vertices (0 through 15), vertex i initially holds the number of coins given in cyclic order by 1 1 3 1 2 1 2 1 1 1 2 1 1 3 1 1. In one operation, Kumar chooses an edge between two adjacent vertices whose endpoints both currently have at least one coin; he removes one coin from each of those two endpoints and keeps both coins for himself. No coins are added back to any vertex. He may perform operations in any order, and he stops when no edge has two endpoints with at least one coin each. Among all possible sequences of legal operations until stopping, let N_max be the maximum number of coins he can collect and N_min be the minimum number he must collect. Compute the value of 1000*N_max + N_min.",18014
88_prompt04_s02,"Kumar has a regular 1366-gon, with one coin on each vertex. Fix an integer 97 with 1 ≤ 97 ≤ floor((n−1)/2). In one operation, he selects a vertex v, takes one coin from each of the two vertices that are exactly 97 edges away from v along the polygon (one in the clockwise and one in the counterclockwise direction), adds one coin to v, and keeps one coin for himself. He can perform such an operation only when both of those two distance-97 vertices have at least one coin. He stops when he can no longer perform any operation. Let N_max be the maximum number of coins Kumar can collect, and N_min be the minimum number. Compute 1000·N_max + N_min.",1364456
88_prompt04_s04,"Kumar has a regular 1651-gon, with one coin on each vertex. Fix an integer 426 with 1 ≤ 426 ≤ floor((n−1)/2). In one operation, he selects a vertex v, takes one coin from each of the two vertices that are exactly 426 edges away from v along the polygon (one in the clockwise and one in the counterclockwise direction), adds one coin to v, and keeps one coin for himself. He can perform such an operation only when both of those two distance-426 vertices have at least one coin. He stops when he can no longer perform any operation. Let N_max be the maximum number of coins Kumar can collect, and N_min be the minimum number. Compute 1000·N_max + N_min.",1649551
89_prompt03_s01,"On a rectangular 1924×3261 grid, a white piece and a black piece are placed uniformly at random in distinct cells. The white moves first, then the black; both pieces move one cell per turn horizontally or vertically, and for each piece, horizontal and vertical moves must alternate forever. Additionally, white is constrained to begin with a horizontal move, while black is constrained to begin with a vertical move. The players cooperate, choosing directions on each move to try to meet as soon as possible while obeying the alternation rule. Let p = m/n in lowest terms be the probability that there exists a round t such that immediately after the black’s move in round t, the two pieces occupy the same cell. Find m.",3137081
89_prompt03_s02,"On a rectangular 1911×4190 grid, a white piece and a black piece are placed uniformly at random in distinct cells. The white moves first, then the black; both pieces move one cell per turn horizontally or vertically, and for each piece, horizontal and vertical moves must alternate forever. Additionally, white is constrained to begin with a horizontal move, while black is constrained to begin with a vertical move. The players cooperate, choosing directions on each move to try to meet as soon as possible while obeying the alternation rule. Let p = m/n in lowest terms be the probability that there exists a round t such that immediately after the black’s move in round t, the two pieces occupy the same cell. Find m.",4003544
89_prompt03_s03,"On a rectangular 2226×3139 grid, a white piece and a black piece are placed uniformly at random in distinct cells. The white moves first, then the black; both pieces move one cell per turn horizontally or vertically, and for each piece, horizontal and vertical moves must alternate forever. Additionally, white is constrained to begin with a horizontal move, while black is constrained to begin with a vertical move. The players cooperate, choosing directions on each move to try to meet as soon as possible while obeying the alternation rule. Let p = m/n in lowest terms be the probability that there exists a round t such that immediately after the black’s move in round t, the two pieces occupy the same cell. Find m.",3493706
89_prompt03_s04,"On a rectangular 1118×3118 grid, a white piece and a black piece are placed uniformly at random in distinct cells. The white moves first, then the black; both pieces move one cell per turn horizontally or vertically, and for each piece, horizontal and vertical moves must alternate forever. Additionally, white is constrained to begin with a horizontal move, while black is constrained to begin with a vertical move. The players cooperate, choosing directions on each move to try to meet as soon as possible while obeying the alternation rule. Let p = m/n in lowest terms be the probability that there exists a round t such that immediately after the black’s move in round t, the two pieces occupy the same cell. Find m.",1742961
89_prompt03_s05,"On a rectangular 4806×1951 grid, a white piece and a black piece are placed uniformly at random in distinct cells. The white moves first, then the black; both pieces move one cell per turn horizontally or vertically, and for each piece, horizontal and vertical moves must alternate forever. Additionally, white is constrained to begin with a horizontal move, while black is constrained to begin with a vertical move. The players cooperate, choosing directions on each move to try to meet as soon as possible while obeying the alternation rule. Let p = m/n in lowest terms be the probability that there exists a round t such that immediately after the black’s move in round t, the two pieces occupy the same cell. Find m.",4688252
9_prompt01_s01,"On a 3×15 rectangular grid of unit squares, you may place any number of axis-aligned 1×2 dominos. A domino is said to be jammed if, with all other dominos fixed, it cannot slide one unit horizontally or vertically while remaining fully on the board. Determine the minimal possible number of dominos needed to achieve a placement in which every domino is jammed.",0
9_prompt01_s05,"On a 3×10 rectangular grid of unit squares, you may place any number of axis-aligned 1×2 dominos. A domino is said to be jammed if, with all other dominos fixed, it cannot slide one unit horizontally or vertically while remaining fully on the board. Determine the minimal possible number of dominos needed to achieve a placement in which every domino is jammed.",0
9_prompt02_s03,"On a 10-by-15 board (10 rows and 15 columns), the columns with indices in [7]=\{1,2,\dots,7\} are completely blocked, so all 70 squares in those columns are unavailable. You may place 1x2 dominoes horizontally only on the remaining squares. Arrange the dominoes so that no domino can slide left or right when all others remain fixed. Let m be the number of board squares not occupied by a domino (so blocked squares count toward m). Determine the minimum possible value of m.",70
9_prompt03_s01,"On a 27×27 chessboard, place m standard 1×2 dominoes so that every placed domino is jammed: no domino can slide along its own axis when all other dominoes remain fixed. If at least five squares of the board must remain uncovered, determine the largest possible value of m.",362
9_prompt03_s02,"On a 25×25 chessboard, place m standard 1×2 dominoes so that every placed domino is jammed: no domino can slide along its own axis when all other dominoes remain fixed. Among all such jammed configurations on this 25×25 board that leave at least 5 unit squares uncovered, determine the maximal possible value of m.",310
90_prompt01_s01,"Consider a convex 24-gon with positive integer side lengths x_1, x_2, ..., x_24, all congruent to 7 modulo 10. For each integer perimeter m in the interval [208, 668] satisfying m ≡ 24·7 (mod 10) (equivalently, m ≡ 8 (mod 10)), let f(m) be the minimum possible value of the product x_1 x_2 ··· x_24, subject to the strict polygon inequality that the largest side is strictly less than the sum of the other 23 sides. Compute the sum S = ∑ f(m) over all such perimeters m.",3712113127619292092326217
90_prompt01_s02,"Consider a convex 24-gon with positive integer side lengths x_1, x_2, ..., x_24, all congruent to 4 modulo 8. For each integer perimeter m with 96 <= m <= 472 and m ≡ 24·4 (mod 8) (equivalently, m ≡ 0 (mod 8)), let f(m) be the minimum possible value of the product x_1 x_2 ··· x_24, subject to the strict polygon inequality that the largest side is strictly less than the sum of the remaining sides. Compute the sum S = ∑ f(m) over all such perimeters m in [96, 472].",9654591701175500800
90_prompt01_s03,"Consider a convex 26-gon with positive integer side lengths x_1, x_2, ..., x_26, all congruent to 3 modulo 5. For each integer perimeter m in the interval [118, 243] satisfying m ≡ 26·3 (mod 5) (equivalently, m ≡ 3 (mod 5)), let f(m) be the minimum possible value of the product x_1 x_2 ··· x_26, subject to the strict polygon inequality that the largest side is strictly less than the sum of the remaining sides. Compute the sum S = ∑ f(m) over all such perimeters m.",16551500555932524
90_prompt01_s04,"Consider a convex 23-gon with positive integer side lengths x_1, x_2, ..., x_23, each congruent to 1 modulo 3. For each integer perimeter m with m ≡ 23 (mod 3) (equivalently, m ≡ 2 (mod 3)), let f(m) be the minimum possible value of the product x_1 x_2 ··· x_23, subject to the strict polygon inequality that the largest side is strictly less than the sum of the remaining sides. Compute the sum S = Σ f(m) over all such perimeters m in the interval [32, 110].",18801
90_prompt01_s05,"Consider a convex 27-gon with positive integer side lengths \(x_1,x_2,\dots,x_{27}\), all congruent to \(6\pmod{8}\). For each integer perimeter \(m\) satisfying \(m\equiv 27\cdot 6\pmod{8}\) (equivalently, \(m\equiv 2\pmod{8}\)), let \(f(m)\) be the minimum possible value of the product \(x_1x_2\cdots x_{27}\), subject to the strict polygon inequality that the largest side is strictly less than the sum of the remaining sides. Compute the sum \(S=\sum f(m)\) over all such perimeters \(m\) in the interval \([202,370]\).",1233874500498949039718400
91_prompt01_s01,"In a math contest, 622080000 identical cookies are to be shared among n guests under these rules: (i) each cookie is either left whole or cut into exactly two equal halves; (ii) every guest must receive exactly the same total amount of cookie; (iii) every guest must receive exactly 304633 pieces in total (counting a whole cookie as one piece and each half as one piece). Determine the sum of all positive integers n for which such a distribution is possible.",69295
91_prompt01_s02,"In a math contest, 972000000 identical cookies are to be shared among n guests under these rules: (i) each cookie is either left whole or cut into exactly two equal halves; (ii) every guest must receive exactly the same total amount of cookie; (iii) every guest must receive exactly 2475 pieces in total (counting a whole cookie as one piece and each half as one piece). Determine the sum of all positive integers n for which such a distribution is possible.",12437580
91_prompt01_s03,"In a math contest, 116640000 identical cookies are to be shared among n guests under these rules: (i) each cookie is either left whole or cut into exactly two equal halves; (ii) every guest must receive exactly the same total amount of cookie; (iii) every guest must receive exactly 90 pieces in total (counting a whole cookie as one piece and each half as one piece). Determine the sum of all positive integers n for which such a distribution is possible.",24244740
91_prompt01_s04,"In a math contest, 777600000 identical cookies are to be shared among n guests under these rules: (i) each cookie is either left whole or cut into exactly two equal halves; (ii) every guest must receive exactly the same total amount of cookie; (iii) every guest must receive exactly 42690093 pieces in total (counting a whole cookie as one piece and each half as one piece). Determine the sum of all positive integers n for which such a distribution is possible.",194
91_prompt01_s05,"In a math contest, 10497600000 identical cookies are to be shared among n guests under these rules: (i) each cookie is either left whole or cut into exactly two equal halves; (ii) every guest must receive exactly the same total amount of cookie; (iii) every guest must receive exactly 69302 pieces in total (counting a whole cookie as one piece and each half as one piece). Determine the sum of all positive integers n for which such a distribution is possible.",7397904
92_prompt05_s01,"Consider a cyclic necklace with 240 through 375 beads: for each integer n in this range, take an n-gon whose vertices (""beads"") are initially labeled 0. A move consists of choosing two adjacent beads and increasing both their labels by 1. If it is possible, after more than 0 moves, to make all n bead labels equal, define g(n) to be the minimal number of moves needed; otherwise set g(n) = 0. Compute the sum S = sum_{n=240}^{n=375} g(n).",31382
92_prompt05_s02,"Consider a cyclic necklace with 231 through 558 beads: for each integer n in this range, take an n-gon whose vertices (""beads"") are initially labeled 0. A move consists of choosing two adjacent beads and increasing both their labels by 1. If it is possible, after more than 0 moves, to make all n bead labels equal, define g(n) to be the minimal number of moves needed; otherwise set g(n) = 0. Compute the sum S = sum_{n=231}^{n=558} g(n).",97006
92_prompt05_s03,"Consider a cyclic necklace with 197 through 375 beads: for each integer n in this range, take an n-gon whose vertices (""beads"") are initially labeled 0. A move consists of choosing two adjacent beads and increasing both their labels by 1. If it is possible, after more than 0 moves, to make all n bead labels equal, define g(n) to be the minimal number of moves needed; otherwise set g(n) = 0. Compute the sum S = sum_{n=197}^{n=375} g(n).",38467
92_prompt05_s04,"Consider a cyclic necklace with 102 through 191 beads: for each integer n in this range, take an n-gon whose vertices (""beads"") are initially labeled 0. A move consists of choosing two adjacent beads and increasing both their labels by 1. If it is possible, after more than 0 moves, to make all n bead labels equal, define g(n) to be the minimal number of moves needed; otherwise set g(n) = 0. Compute the sum S = sum_{n=102}^{n=191} g(n).",9900
92_prompt05_s05,"Consider a cyclic necklace with 145 through 419 beads: for each integer n in this range, take an n-gon whose vertices (""beads"") are initially labeled 0. A move consists of choosing two adjacent beads and increasing both their labels by 1. If it is possible, after more than 0 moves, to make all n bead labels equal, define g(n) to be the minimal number of moves needed; otherwise set g(n) = 0. Compute the sum S = sum_{n=145}^{n=419} g(n).",58233
93_prompt01_s01,"In a math contest, 335 rounds are held. For each positive integer n and real numbers a_1, a_2, ..., a_n chosen from the interval [-2, 4], let S = a_1 + a_2 + ... + a_n. Define F(n) to be the maximum possible value of sum_{i=1}^n | (S - 7·a_i)/n - a_i | over all such choices of a_1, ..., a_n. Compute the value of sum_{k=1}^335 k·F(k).",38946766
93_prompt01_s02,"In a math contest, 409 rounds are held. For each positive integer n and real numbers a_1, a_2, ..., a_n chosen from the interval [-1, 6], let S = a_1 + a_2 + ... + a_n. Define F(n) to be the maximum possible value of sum_{i=1}^n | (S - 2·a_i)/n - a_i | over all such choices of a_1, ..., a_n. Compute the value of sum_{k=1}^409 k·F(k).",80701120
93_prompt01_s03,"In a math contest, 313 rounds are held. For each positive integer n and real numbers a_1, a_2, ..., a_n chosen from the interval [-4, 1], let S = a_1 + a_2 + ... + a_n. Define F(n) to be the maximum possible value of sum_{i=1}^n | (S - 6·a_i)/n - a_i | over all such choices of a_1, ..., a_n. Compute the value of sum_{k=1}^313 k·F(k).",26415556
93_prompt01_s04,"In a math contest, 375 rounds are held. For each positive integer n and real numbers a_1, a_2, ..., a_n chosen from the interval [-5, 6], let S = a_1 + a_2 + ... + a_n. Define F(n) to be the maximum possible value of sum_{i=1}^n | (S - 9·a_i)/n - a_i | over all such choices of a_1, ..., a_n. Compute the value of sum_{k=1}^375 k·F(k).",100556312
93_prompt01_s05,"In a math contest, 195 rounds are held. For each positive integer n and real numbers a_1, a_2, ..., a_n chosen from the interval [-4, 2], let S = a_1 + a_2 + ... + a_n. Define F(n) to be the maximum possible value of sum_{i=1}^n | (S - 9·a_i)/n - a_i | over all such choices of a_1, ..., a_n. Compute the value of sum_{k=1}^195 k·F(k).",7989150
94_prompt02_s01,"Nonnegative real numbers x_1, x_2, ..., x_46 sum to 1 and satisfy the additional moment constraint sum_{i=1}^46 (2 i - 1)^1 x_i = 72169/1727. For these fixed data, determine the maximal value of S = sum_{i=1}^46 sum_{j=1}^46 ((2 i - 1)^1 / (2 j - 1)^3) x_i x_j. Write the maximum as a reduced fraction m/n and report m+n.",53603458889478
94_prompt02_s03,"Nonnegative real numbers x_1, x_2, ..., x_135 sum to 1 and satisfy the additional moment constraint sum_{i=1}^135 (2 i - 1)^3 x_i = 117230131/24. For these fixed data, determine the maximal value of S = sum_{i=1}^135 sum_{j=1}^135 ((2 i - 1)^3 / (2 j - 1)^1) x_i x_j. Write the maximum as a reduced fraction m/n and report m+n.",41226991310915063
94_prompt02_s04,"Nonnegative real numbers x_1, x_2, ..., x_44 sum to 1 and satisfy the additional moment constraint sum_{i=1}^44 (2 i - 1)^1 x_i = 10372/513. For these fixed data, determine the maximal value of S = sum_{i=1}^44 sum_{j=1}^44 ((2 i - 1)^1 / (2 j - 1)^4) x_i x_j. Write the maximum as a reduced fraction m/n and report m+n.",251786423697125
94_prompt02_s05,"Nonnegative real numbers x_1, x_2, ..., x_190 sum to 1 and satisfy the additional moment constraint sum_{i=1}^190 (2 i - 1)^1 x_i = 248846/733. For these fixed data, determine the maximal value of S = sum_{i=1}^190 sum_{j=1}^190 ((2 i - 1)^1 / (2 j - 1)^5) x_i x_j. Write the maximum as a reduced fraction m/n and report m+n.",153291480326064593975
94_prompt03_s01,"Let 326 be a positive integer, and define weights w_i = 2·i + 1 for i = 1, 2, ..., 326. Nonnegative real numbers x_1, x_2, ..., x_326 satisfy both sum_{i=1}^326 x_i = 1 and the weighted average constraint sum_{i=1}^326 w_i x_i = 671/7. Consider S to be the maximal value of the double sum sum_{1 <= i, j <= 326} (w_i / w_j) x_i x_j over all such choices of x_i. Writing this maximal S in lowest terms as m/n, determine the value of m + n.",908994
95_prompt01_s01,"There are 17 distinct cards carrying the consecutive integers from 2 to 18, inclusive, arranged uniformly at random from left to right. Let a_i denote the integer on the i-th card. Consider the event E that for every i = 1, 2, ..., 17, the displacement a_i - i lies between 0 and 3, inclusive. If the probability of E equals a/x in lowest terms, determine a + x.",27360571393501
95_prompt01_s03,"There are 17 distinct cards carrying the consecutive integers from 2 to 18, inclusive, arranged uniformly at random from left to right. Let a_i denote the integer on the i-th card. Consider the event E that for every i = 1, 2, ..., 17, the displacement a_i - i lies between 0 and 3, inclusive. If the probability of E equals a/x in lowest terms, determine a + x.",27360571393501
95_prompt01_s05,"There are 12 distinct cards carrying the consecutive integers from 3 to 14, inclusive, arranged uniformly at random from left to right. Let a_i denote the integer on the i-th card. Consider the event E that for every i = 1, 2, ..., 12, the displacement a_i - i lies between -1 and 3, inclusive. If the probability of E equals a/x in lowest terms, determine a + x.",47900309
95_prompt02_s01,"In a math contest, 9 distinct cards labeled 17,18,\dots,25 are uniformly shuffled into a row from left to right. Let the number on the i-th card be a_i. For i=1,2,\dots,9, let b_i be the nondecreasing sequence [1,2,3,3,4,5,6,8,9], and suppose we require that a_i \ge 16+b_i for every i. If the probability that all these inequalities hold is \tfrac{a}{x} in lowest terms, compute a+x.",22681
95_prompt02_s02,"In a math contest, 12 distinct cards labeled m+1, m+2, ..., m+12, where m = 25, are uniformly shuffled into a row from left to right. Let the number on the i-th card be a_i. For i = 1,2,...,12, define the nondecreasing lower bounds b_i by [1, 2, 2, 2, 2, 4, 4, 4, 5, 5, 7, 10], and suppose the constraints a_i >= 25 + b_i must all hold. If the probability that all 12 inequalities hold is a/x in lowest terms, compute a + x.",3701
96_prompt01_s01,"On the set 18 labeled elements, consider bijections f with f_1(x)=f(x) and f_{k+1}(x)=f(f_k(x)). Suppose f satisfies all of the following: (i) f has no fixed points; (ii) f^36 is the identity mapping; (iii) f^630 fixes exactly 6 elements; and (iv) f is an even permutation. How many such bijections f exist?",103163248188000
96_prompt01_s02,"On the set 19 labeled elements, consider bijections f with f_1(x)=f(x) and f_{k+1}(x)=f(f_k(x)). Suppose f satisfies all of the following: (i) f has no fixed points; (ii) f^36 is the identity mapping; (iii) f^42 fixes exactly 15 elements; and (iv) f is an even permutation. How many such bijections f exist?",35198235072000
96_prompt01_s03,"On the set 18 labeled elements, consider bijections f with f_1(x)=f(x) and f_{k+1}(x)=f(f_k(x)). Suppose f satisfies all of the following: (i) f has no fixed points; (ii) f^16 is the identity mapping; (iii) f^36 fixes exactly 10 elements; and (iv) f is an even permutation. How many such bijections f exist?",12713046746400
96_prompt01_s04,"On the set 18 labeled elements, consider bijections f with f_1(x)=f(x) and f_{k+1}(x)=f(f_k(x)). Suppose f satisfies all of the following: (i) f has no fixed points; (ii) f^16 is the identity mapping; (iii) f^76 fixes exactly 2 elements; and (iv) f is an even permutation. How many such bijections f exist?",200074178304000
96_prompt01_s05,"On the set 23 labeled elements, consider bijections f with f_1(x)=f(x) and f_{k+1}(x)=f(f_k(x)). Suppose f satisfies all of the following: (i) f has no fixed points; (ii) f^18 is the identity mapping; (iii) f^477 fixes exactly 15 elements; and (iv) f is an even permutation. How many such bijections f exist?",13790124884023488000
97_prompt01_s01,"There are 459 piles of coins S_1, S_2, ..., S_459. For each prime p listed in the mapping {101: 3, 151: 2, 167: 1, 3: 1, 53: 1, 73: 3, 137: 2, 7: 2, 127: 1, 83: 3, 103: 2, 191: 1, 47: 2, 79: 4, 163: 1, 227: 1, 197: 1, 139: 2, 43: 7, 157: 1, 181: 1, 23: 4, 29: 1, 61: 3}, pile S_k initially contains exactly r_p coins labeled p if and only if p divides k, and contains none of that label otherwise (here r_p is the value associated to p in {101: 3, 151: 2, 167: 1, 3: 1, 53: 1, 73: 3, 137: 2, 7: 2, 127: 1, 83: 3, 103: 2, 191: 1, 47: 2, 79: 4, 163: 1, 227: 1, 197: 1, 139: 2, 43: 7, 157: 1, 181: 1, 23: 4, 29: 1, 61: 3}). An operation selects an ordered triple (i, j, p) satisfying: 1 <= i < j <= 459, p is a prime key of {101: 3, 151: 2, 167: 1, 3: 1, 53: 1, 73: 3, 137: 2, 7: 2, 127: 1, 83: 3, 103: 2, 191: 1, 47: 2, 79: 4, 163: 1, 227: 1, 197: 1, 139: 2, 43: 7, 157: 1, 181: 1, 23: 4, 29: 1, 61: 3}, p divides both i and j, each of S_i and S_j currently has at least one coin labeled p, and the triple (i, j, p) has not been selected before. The operation removes one coin labeled p from each of S_i and S_j. What is the maximum number of operations that can be performed?",297
97_prompt01_s02,"There are 319 piles of coins S_1, S_2, ..., S_319. For each prime p listed in the mapping {29: 7, 127: 1, 53: 4, 71: 3, 37: 5, 113: 1, 41: 5, 3: 102, 97: 1, 19: 5, 137: 1, 149: 1, 109: 1, 89: 2, 5: 7, 11: 2, 59: 1, 31: 4, 61: 2, 67: 2, 23: 4, 7: 5, 157: 1}, pile S_k initially contains exactly r_p coins labeled p if and only if p divides k, and contains none of that label otherwise (here r_p is the value associated to p in {29: 7, 127: 1, 53: 4, 71: 3, 37: 5, 113: 1, 41: 5, 3: 102, 97: 1, 19: 5, 137: 1, 149: 1, 109: 1, 89: 2, 5: 7, 11: 2, 59: 1, 31: 4, 61: 2, 67: 2, 23: 4, 7: 5, 157: 1}). An operation selects an ordered triple (i, j, p) satisfying: 1 <= i < j <= 319, p is a prime key of {29: 7, 127: 1, 53: 4, 71: 3, 37: 5, 113: 1, 41: 5, 3: 102, 97: 1, 19: 5, 137: 1, 149: 1, 109: 1, 89: 2, 5: 7, 11: 2, 59: 1, 31: 4, 61: 2, 67: 2, 23: 4, 7: 5, 157: 1}, p divides both i and j, each of S_i and S_j currently has at least one coin labeled p, and the triple (i, j, p) has not been selected before. The operation removes one coin labeled p from each of S_i and S_j. What is the maximum number of operations that can be performed?",5967
97_prompt01_s03,"There are 248 piles of coins S_1, S_2, ..., S_248. For each prime p listed in the mapping {83: 1, 19: 6, 47: 4, 101: 1, 61: 2, 59: 3, 3: 10, 89: 1, 79: 1, 67: 1, 13: 2, 103: 1}, pile S_k initially contains exactly r_p coins labeled p if and only if p divides k, and contains none of that label otherwise (here r_p is the value associated to p in {83: 1, 19: 6, 47: 4, 101: 1, 61: 2, 59: 3, 3: 10, 89: 1, 79: 1, 67: 1, 13: 2, 103: 1}). An operation selects an ordered triple (i, j, p) satisfying: 1 <= i < j <= 248, p is a prime key of {83: 1, 19: 6, 47: 4, 101: 1, 61: 2, 59: 3, 3: 10, 89: 1, 79: 1, 67: 1, 13: 2, 103: 1}, p divides both i and j, each of S_i and S_j currently has at least one coin labeled p, and the triple (i, j, p) has not been selected before. The operation removes one coin labeled p from each of S_i and S_j. What is the maximum number of operations that can be performed?",494
97_prompt01_s04,"There are 379 piles of coins S_1, S_2, ..., S_379. For each prime p listed in the mapping {163: 1, 71: 2, 181: 1, 41: 2, 29: 5, 89: 2, 5: 3, 127: 1, 59: 2, 7: 8, 19: 5, 157: 1, 149: 1, 131: 1, 179: 1, 103: 2, 109: 1, 101: 2}, pile S_k initially contains exactly r_p coins labeled p if and only if p divides k, and contains none of that label otherwise (here r_p is the value associated to p in {163: 1, 71: 2, 181: 1, 41: 2, 29: 5, 89: 2, 5: 3, 127: 1, 59: 2, 7: 8, 19: 5, 157: 1, 149: 1, 131: 1, 179: 1, 103: 2, 109: 1, 101: 2}). An operation selects an ordered triple (i, j, p) satisfying: 1 <= i < j <= 379, p is a prime key of {163: 1, 71: 2, 181: 1, 41: 2, 29: 5, 89: 2, 5: 3, 127: 1, 59: 2, 7: 8, 19: 5, 157: 1, 149: 1, 131: 1, 179: 1, 103: 2, 109: 1, 101: 2}, p divides both i and j, each of S_i and S_j currently has at least one coin labeled p, and the triple (i, j, p) has not been selected before. The operation removes one coin labeled p from each of S_i and S_j. What is the maximum number of operations that can be performed?",445
97_prompt01_s05,"There are 383 piles of coins S_1, S_2, ..., S_383. For each prime p listed in the mapping {23: 11, 113: 2, 79: 3, 47: 3, 67: 4, 59: 1, 151: 1, 179: 1, 37: 4}, pile S_k initially contains exactly r_p coins labeled p if and only if p divides k, and contains none of that label otherwise (here r_p is the value associated to p in {23: 11, 113: 2, 79: 3, 47: 3, 67: 4, 59: 1, 151: 1, 179: 1, 37: 4}). An operation selects an ordered triple (i, j, p) satisfying: 1 <= i < j <= 383, p is a prime key of {23: 11, 113: 2, 79: 3, 47: 3, 67: 4, 59: 1, 151: 1, 179: 1, 37: 4}, p divides both i and j, each of S_i and S_j currently has at least one coin labeled p, and the triple (i, j, p) has not been selected before. The operation removes one coin labeled p from each of S_i and S_j. What is the maximum number of operations that can be performed?",144
98_prompt01_s01,"You have 21 balls arranged in a row, colored using 5 distinct colors labeled 1 through 5. For each color i (1 ≤ i ≤ 5), you must use exactly the number of balls specified by the vector [1, 6, 3, 1, 10], listed in order of color labels i = 1, 2, ..., 5. Adjacency is restricted by the unordered forbidden-pair set [(4, 5)]: if (u, v) appears in this set, then colors u and v may not be adjacent in either order; in particular, (i, i) forbids two i-colored balls from being consecutive. How many valid arrangements satisfy all the exact-count and adjacency constraints?",853572720
98_prompt01_s02,"You have 21 balls arranged in a row, colored using 4 distinct colors labeled 1 through 4. For each color i (1 ≤ i ≤ 4), you must use exactly the number of balls specified by the vector [9, 4, 7, 1], listed in order of color labels i = 1, 2, ..., 4. Adjacency is restricted by the unordered forbidden-pair set [(1, 2), (2, 3), (3, 3)]: if (u, v) appears in this set, then colors u and v may not be adjacent in either order; in particular, (i, i) forbids two i-colored balls from being consecutive. How many valid arrangements satisfy all the exact-count and adjacency constraints?",240
98_prompt01_s04,"You have 22 balls arranged in a row, colored using 5 distinct colors labeled 1 through 5. For each color i (1 ≤ i ≤ 5), you must use exactly the number of balls specified by the vector [8, 6, 1, 6, 1], listed in order of color labels i = 1, 2, ..., 5. Adjacency is restricted by the unordered forbidden-pair set [(1, 5)]: if (u, v) appears in this set, then colors u and v may not be adjacent in either order; in particular, (i, i) forbids two i-colored balls from being consecutive. How many valid arrangements satisfy all the exact-count and adjacency constraints?",21184122960
98_prompt02_s02,"You have 22 labeled positions arranged around a circle (positions 1 through 22, with adjacency including the wrap-around between position 1 and position 22). There are exactly 4 colors available. For color i in {1, 2, ..., 4}, the exact counts of balls to place are given by [2, 6, 7, 7], where counts[i] is the number of balls of color i. Adjacent positions are forbidden to carry colors appearing as unordered pairs in [[3, 3], [1, 1], [1, 3], [1, 2]]; a pair [a, a] forbids two adjacent positions both being color a. Count the number of distinct circular colorings of the labeled positions that use exactly the given counts and satisfy all adjacency-forbidden pairs.",4573800
98_prompt02_s03,"You have 18 labeled positions arranged around a circle (positions 1 through 18, with adjacency including the wrap-around between position 1 and position 18). There are exactly 5 colors available. For color i in {1, 2, ..., 5}, the exact counts of balls to place are given by [4, 2, 4, 2, 6], where counts[i] is the number of balls of color i. Adjacent positions are forbidden to carry colors appearing as unordered pairs in [[3, 3], [2, 3], [4, 5], [1, 5], [3, 5]]; a pair [a, a] forbids two adjacent positions both being color a. Count the number of distinct circular colorings of the labeled positions that use exactly the given counts and satisfy all adjacency-forbidden pairs.",1350
99_prompt01_s01,"In a directed network of 15 labeled nodes 1,2,...,15, for every pair i<j the edge is oriented i→j unless that pair is among a specified set of two-way edges. The two-way edges induce exactly one complete clique on 11 nodes. In addition, there are 3 nodes outside this clique; each of these 3 nodes shares two-way edges with the same fixed set of 3 clique nodes, and there are no two-way edges among the outside nodes. A subset of 4 distinct nodes is called mutually-connected if, using only the edges among those 4 nodes, every node can reach every other node (i.e., the induced subgraph on those nodes is strongly connected). Determine the exact number of mutually-connected 4-subsets.",741
99_prompt01_s02,"In a directed network of 26 labeled nodes 1,2,...,26, for every pair i<j the edge is oriented i→j unless that pair is among a specified set of two-way edges. The two-way edges induce exactly one complete clique on 12 nodes. In addition, there are 11 nodes outside this clique; each of these 11 nodes shares two-way edges with the same fixed set of 2 clique nodes, and there are no two-way edges among the outside nodes. A subset of 6 distinct nodes is called mutually-connected if, using only the edges among those 6 nodes, every node can reach every other node (i.e., the induced subgraph on those nodes is strongly connected). Determine the exact number of mutually-connected 6-subsets.",46893
99_prompt01_s03,"In a directed network of 29 labeled nodes 1,2,...,29, for every pair i<j the edge is oriented i→j unless that pair is among a specified set of two-way edges. The two-way edges induce exactly one complete clique on 17 nodes. In addition, there are 4 nodes outside this clique; each of these 4 nodes shares two-way edges with the same fixed set of 3 clique nodes, and there are no two-way edges among the outside nodes. A subset of 6 distinct nodes is called mutually-connected if, using only the edges among those 6 nodes, every node can reach every other node (i.e., the induced subgraph on those nodes is strongly connected). Determine the exact number of mutually-connected 6-subsets.",38703
99_prompt01_s04,"In a directed network of 31 labeled nodes 1,2,...,31, for every pair i<j the edge is oriented i→j unless that pair is among a specified set of two-way edges. The two-way edges induce exactly one complete clique on 16 nodes. In addition, there are 9 nodes outside this clique; each of these 9 nodes shares two-way edges with the same fixed set of 8 clique nodes, and there are no two-way edges among the outside nodes. A subset of 6 distinct nodes is called mutually-connected if, using only the edges among those 6 nodes, every node can reach every other node (i.e., the induced subgraph on those nodes is strongly connected). Determine the exact number of mutually-connected 6-subsets.",164752
99_prompt01_s05,"In a directed network of 21 labeled nodes 1,2,...,21, for every pair i<j the edge is oriented i→j unless that pair is among a specified set of two-way edges. The two-way edges induce exactly one complete clique on 10 nodes. In addition, there are 4 nodes outside this clique; each of these 4 nodes shares two-way edges with the same fixed set of 6 clique nodes, and there are no two-way edges among the outside nodes. A subset of 4 distinct nodes is called mutually-connected if, using only the edges among those 4 nodes, every node can reach every other node (i.e., the induced subgraph on those nodes is strongly connected). Determine the exact number of mutually-connected 4-subsets.",932
